Player Name,Position,Team,Slate Type,Date,Role,Salary,Draftable ID,Projected FP,Combined FP,Value,Implied FP,Hits,Home Runs,RBIs,Runs,Stolen Bases,Strikeouts,Record a Win,Quality Starts,Outs,IP,Hits Allowed,Walks,Earned Runs,ERA,Headshot URL,Game Start Time,Match Title (Underdog),Game Short Title (Underdog),Venue Name (Underdog),Venue Type (Underdog),Broadcasts (Underdog),Game Start Time (DRAFTTABLE),Player,Opp,AB Avg,H Avg,1B Avg,2B Avg,3B Avg,HR Avg,R Avg,RBI Avg,SB Avg,BB Avg,K Avg,IP Avg,W Avg,QS Avg,DraftKings,FanDuel,PrizePicks,Underdog,Fav,Spread,O/U,Player Salary,Player Image,Tournament
Chris Sale,CPT,ATL,Showdown Captain Mode,Sat Aug 08 2026 01:00:00 GMT-0500 (Central Daylight Time),Showdown Captain Mode 8/8 3:05PM (ATL @ NYY),17700,43786348,36.99,40.21,2.09,53.1,,,,,,7.947351515,0.406,,21.504,7.2,4.0143,1.1613,1.5849,,https://dkn.gs/sports/images/mlb/players/50/31461.png,n/a,ATL @ NYY,Braves @ Yankees,Yankee Stadium,outdoor,n/a,8/8/2026,Chris Sale,NYY,2.13,4.01,12/30/1899,,1.8,,1.58,,7.1,1.16,7.95,7.17,0.41,0.35,30.51,44.48,44.48,44.48,Yes,-1.5,7.5,,https://www.freeiconspng.com/img/1934,
Chris Sale,SP,ATL,Showdown Captain Mode,Sat Aug 08 2026 01:00:00 GMT-0500 (Central Daylight Time),Showdown Captain Mode 8/8 3:05PM (ATL @ NYY),11800,43786259,36.99,36.67,3.13,35.4,,,,,,7.947351515,0.406,,21.504,7.2,4.0143,1.1613,1.5849,,https://dkn.gs/sports/images/mlb/players/50/31461.png,n/a,ATL @ NYY,Braves @ Yankees,Yankee Stadium,outdoor,n/a,8/8/2026,Chris Sale,NYY,2.13,4.01,12/30/1899,,1.8,,1.58,,7.1,1.16,7.95,7.17,0.41,0.35,30.51,44.48,44.48,44.48,Yes,-1.5,7.5,,https://www.freeiconspng.com/img/1934,
Chris Sale,SP,ATL,Early,Sat Aug 08 2026 01:00:00 GMT-0500 (Central Daylight Time),"Early 8/8 3:05PM, 3 Games",9700,43784041,36.99,35.41,3.81,29.1,,,,,,7.947351515,0.406,,21.504,7.2,4.0143,1.1613,1.5849,,https://dkn.gs/sports/images/mlb/players/50/31461.png,n/a,ATL @ NYY,Braves @ Yankees,Yankee Stadium,outdoor,n/a,8/8/2026,Chris Sale,NYY,2.13,4.01,12/30/1899,,1.8,,1.58,,7.1,1.16,7.95,7.17,0.41,0.35,30.51,44.48,44.48,44.48,Yes,-1.5,7.5,,https://www.freeiconspng.com/img/1934,
Gerrit Cole,CPT,NYY,Showdown Captain Mode,Sat Aug 08 2026 01:00:00 GMT-0500 (Central Daylight Time),Showdown Captain Mode 8/8 3:05PM (ATL @ NYY),16800,43786349,30.84,34.75,1.84,50.4,,,,,,5.7651,0.2636,,20.5345,6.8,5.062345455,1.3155,2.4185,,https://dkn.gs/sports/images/mlb/players/50/31968.png,n/a,ATL @ NYY,Braves @ Yankees,Yankee Stadium,outdoor,n/a,8/8/2026,Gerrit Cole,ATL,0.51,5.06,12/30/1899,,1.7,,2.42,,5.9,1.32,5.77,6.84,0.26,0.38,23.13,33.65,33.65,33.65,No,1.5,7.5,,https://www.freeiconspng.com/img/1934,
Jacob deGrom,SP,TEX,Classic,Sat Aug 08 2026 01:00:00 GMT-0500 (Central Daylight Time),"Classic 8/8 7:10PM, 9 Games",9600,43784631,34.65,33.48,3.61,28.8,,,,,,6.729646667,0.3713,,18.9385,6.3,3.821369231,1.554,1.5522,,https://dkn.gs/sports/images/mlb/players/50/31748.png,n/a,BAL @ TEX,Orioles @ Rangers,Globe Life Field,retractable,FOX,8/8/2026,Jacob deGrom,BAL,1.85,3.82,12/30/1899,,1.6,,1.55,,7,1.55,6.73,6.31,0.37,0.43,26.04,38.41,38.41,38.41,Yes,-1.5,7.5,,https://www.freeiconspng.com/img/1934,
Gavin Williams,SP,CLE,Classic,Sat Aug 08 2026 01:00:00 GMT-0500 (Central Daylight Time),"Classic 8/8 7:10PM, 9 Games",9900,43784630,33.41,32.67,3.38,29.7,,,,,,7.927492593,0.3951,,17.731,5.9,4.2534,1.5333,1.6284,,https://dkn.gs/sports/images/mlb/players/50/581852.png,n/a,CLE @ CWS,Guardians @ White Sox,Rate Field,outdoor,FOX,8/8/2026,Gavin Williams,CWS,1.46,4.25,12/30/1899,,2,,1.63,,7.1,1.53,7.93,5.91,0.4,0,27.5,39.03,39.03,39.03,Yes,-1.5,7.5,,https://www.freeiconspng.com/img/1934,
Gerrit Cole,SP,NYY,Showdown Captain Mode,Sat Aug 08 2026 01:00:00 GMT-0500 (Central Daylight Time),Showdown Captain Mode 8/8 3:05PM (ATL @ NYY),11200,43786260,30.84,31.39,2.75,33.6,,,,,,5.7651,0.2636,,20.5345,6.8,5.062345455,1.3155,2.4185,,https://dkn.gs/sports/images/mlb/players/50/31968.png,n/a,ATL @ NYY,Braves @ Yankees,Yankee Stadium,outdoor,n/a,8/8/2026,Gerrit Cole,ATL,0.51,5.06,12/30/1899,,1.7,,2.42,,5.9,1.32,5.77,6.84,0.26,0.38,23.13,33.65,33.65,33.65,No,1.5,7.5,,https://www.freeiconspng.com/img/1934,
George Kirby,CPT,SEA,Showdown Captain Mode,Sat Aug 08 2026 01:00:00 GMT-0500 (Central Daylight Time),Showdown Captain Mode 8/8 9:50PM (TB @ SEA),17400,43786722,25.15,30.56,1.45,52.2,,,,,,4.940321739,0.3662,,16.19813846,5.4,5.3768,1.0251,1.94724,,https://dkn.gs/sports/images/mlb/players/50/459887.png,n/a,TB @ SEA,Rays @ Mariners,T-Mobile Park,retractable,n/a,8/8/2026,George Kirby,TB,0.78,5.38,12/30/1899,,1.3,,1.95,,5.2,1.03,4.94,5.4,0.37,0,19.61,27.39,27.39,27.39,Yes,-0.4,6.9,,https://www.freeiconspng.com/img/1934,
Chase Burns,SP,CIN,Turbo,Sat Aug 08 2026 01:00:00 GMT-0500 (Central Daylight Time),"Turbo 8/8 6:05PM, 3 Games",11100,43784326,29.61,30.35,2.67,33.3,,,,,,5.925414815,0.4557,,19.20611765,6.4,4.4829,1.8207,2.13195,,https://dkn.gs/sports/images/mlb/players/50/804441.png,n/a,CIN @ WSH,Reds @ Nationals,Nationals Park,outdoor,n/a,8/8/2026,Chase Burns,WSH,2.29,4.48,12/30/1899,,1.5,,2.13,,6.6,1.82,5.93,6.4,0.46,0.42,23.84,35.04,35.04,35.04,Yes,-1.5,8.5,,https://www.freeiconspng.com/img/1934,
Gerrit Cole,SP,NYY,Early,Sat Aug 08 2026 01:00:00 GMT-0500 (Central Daylight Time),"Early 8/8 3:05PM, 3 Games",8900,43784042,30.84,30.01,3.47,26.7,,,,,,5.7651,0.2636,,20.5345,6.8,5.062345455,1.3155,2.4185,,https://dkn.gs/sports/images/mlb/players/50/31968.png,n/a,ATL @ NYY,Braves @ Yankees,Yankee Stadium,outdoor,n/a,8/8/2026,Gerrit Cole,ATL,0.51,5.06,12/30/1899,,1.7,,2.42,,5.9,1.32,5.77,6.84,0.26,0.38,23.13,33.65,33.65,33.65,No,1.5,7.5,,https://www.freeiconspng.com/img/1934,
Griffin Jax,CPT,TB,Showdown Captain Mode,Sat Aug 08 2026 01:00:00 GMT-0500 (Central Daylight Time),Showdown Captain Mode 8/8 9:50PM (TB @ SEA),16500,43786723,22.72,28.08,1.38,49.5,,,,,,5.125321739,0.3099,,14.4119,4.8,3.912084615,1.4805,1.5594,,https://dkn.gs/sports/images/mlb/players/50/476343.png,n/a,TB @ SEA,Rays @ Mariners,T-Mobile Park,retractable,n/a,8/8/2026,Griffin Jax,SEA,0.64,3.91,12/30/1899,,1.3,,1.56,,5.4,1.48,5.13,4.8,0.31,0,19.18,26.97,26.97,26.97,No,0.4,6.9,,https://www.freeiconspng.com/img/1934,
Sandy Alcantara,RP,MIA,Early,Sat Aug 08 2026 01:00:00 GMT-0500 (Central Daylight Time),"Early 8/8 3:05PM, 3 Games",7600,43784044,29.23,27.94,3.85,22.8,,,,,,5.504232258,0.4437,,19.86815263,6.6,5.6474,1.3506,2.1445,,https://dkn.gs/sports/images/mlb/players/50/31433.png,n/a,LAA @ MIA,Angels @ Marlins,loanDepot park,retractable,Fox Sports 1,8/8/2026,Sandy Alcantara,LAA,3.11,5.65,12/30/1899,,1.8,,2.14,,5.6,1.35,5.5,6.62,0.44,0.4,23.38,34.18,34.18,34.18,Yes,-1.5,7.5,,https://www.freeiconspng.com/img/1934,
Yoshinobu Yamamoto,SP,LAD,Classic,Sat Aug 08 2026 01:00:00 GMT-0500 (Central Daylight Time),"Classic 8/8 7:10PM, 9 Games",10300,43784629,26.13,27.09,2.54,30.9,,,,,,5.281317949,0.475,,15.1219,5,4.875892308,1.7646,1.83255,,https://dkn.gs/sports/images/mlb/players/50/495129.png,n/a,LAD @ AZ,Dodgers @ D'Backs,Chase Field,retractable,n/a,8/8/2026,Yoshinobu Yamamoto,ARI,2.26,4.88,12/30/1899,,1.9,,1.83,,6.2,1.76,5.28,5.04,0.47,0,20.12,28.29,28.29,28.29,Yes,-1.5,8.4,,https://www.freeiconspng.com/img/1934,
Yoshinobu Yamamoto,SP,LAD,Night,Sat Aug 08 2026 01:00:00 GMT-0500 (Central Daylight Time),"Night 8/8 8:10PM, 2 Games",10300,43788697,26.13,27.09,2.54,30.9,,,,,,5.281317949,0.475,,15.1219,5,4.875892308,1.7646,1.83255,,https://dkn.gs/sports/images/mlb/players/50/495129.png,n/a,LAD @ AZ,Dodgers @ D'Backs,Chase Field,retractable,n/a,8/8/2026,Yoshinobu Yamamoto,ARI,2.26,4.88,12/30/1899,,1.9,,1.83,,6.2,1.76,5.28,5.04,0.47,0,20.12,28.29,28.29,28.29,Yes,-1.5,8.4,,https://www.freeiconspng.com/img/1934,
George Kirby,SP,SEA,Showdown Captain Mode,Sat Aug 08 2026 01:00:00 GMT-0500 (Central Daylight Time),Showdown Captain Mode 8/8 9:50PM (TB @ SEA),11600,43786633,25.15,27.08,2.17,34.8,,,,,,4.940321739,0.3662,,16.19813846,5.4,5.3768,1.0251,1.94724,,https://dkn.gs/sports/images/mlb/players/50/459887.png,n/a,TB @ SEA,Rays @ Mariners,T-Mobile Park,retractable,n/a,8/8/2026,George Kirby,TB,0.78,5.38,12/30/1899,,1.3,,1.95,,5.2,1.03,4.94,5.4,0.37,0,19.61,27.39,27.39,27.39,Yes,-0.4,6.9,,https://www.freeiconspng.com/img/1934,
Michael King,RP,SD,Classic,Sat Aug 08 2026 01:00:00 GMT-0500 (Central Daylight Time),"Classic 8/8 7:10PM, 9 Games",7400,43784639,27.54,26.47,3.72,22.2,,,,,,4.7076,0.3257,,19.41907059,6.5,5.006966667,2.104,2.2585,,https://dkn.gs/sports/images/mlb/players/50/62313.png,n/a,HOU @ SD,Astros @ Padres,Petco Park,outdoor,n/a,8/8/2026,Michael King,HOU,1.38,5.01,12/30/1899,,1.9,,2.26,,5.1,2.1,4.71,6.47,0.33,0.41,20.78,30.38,30.38,30.38,Yes,-0.5,7.8,,https://www.freeiconspng.com/img/1934,
Taj Bradley,SP,MIN,Classic,Sat Aug 08 2026 01:00:00 GMT-0500 (Central Daylight Time),"Classic 8/8 7:10PM, 9 Games",8700,43784633,25.37,25.52,2.92,26.1,,,,,,5.918604348,0.287,,16.59145714,5.5,4.9113,2.592,2.5755,,https://dkn.gs/sports/images/mlb/players/50/459917.png,n/a,MIN @ MIL,Twins @ Brewers,American Family Field,retractable,n/a,8/8/2026,Taj Bradley,MIL,-0.07,4.91,12/30/1899,,2,,2.58,,6.2,2.59,5.92,5.53,0.29,0,20.28,28.35,28.35,28.35,No,1.5,7.9,,https://www.freeiconspng.com/img/1934,
George Kirby,SP,SEA,Classic,Sat Aug 08 2026 01:00:00 GMT-0500 (Central Daylight Time),"Classic 8/8 7:10PM, 9 Games",8900,43784632,25.15,25.46,2.83,26.7,,,,,,4.940321739,0.3662,,16.19813846,5.4,5.3768,1.0251,1.94724,,https://dkn.gs/sports/images/mlb/players/50/459887.png,n/a,TB @ SEA,Rays @ Mariners,T-Mobile Park,retractable,n/a,8/8/2026,George Kirby,TB,0.78,5.38,12/30/1899,,1.3,,1.95,,5.2,1.03,4.94,5.4,0.37,0,19.61,27.39,27.39,27.39,Yes,-0.4,6.9,,https://www.freeiconspng.com/img/1934,
George Kirby,SP,SEA,Night,Sat Aug 08 2026 01:00:00 GMT-0500 (Central Daylight Time),"Night 8/8 8:10PM, 2 Games",8900,43788692,25.15,25.46,2.83,26.7,,,,,,4.940321739,0.3662,,16.19813846,5.4,5.3768,1.0251,1.94724,,https://dkn.gs/sports/images/mlb/players/50/459887.png,n/a,TB @ SEA,Rays @ Mariners,T-Mobile Park,retractable,n/a,8/8/2026,George Kirby,TB,0.78,5.38,12/30/1899,,1.3,,1.95,,5.2,1.03,4.94,5.4,0.37,0,19.61,27.39,27.39,27.39,Yes,-0.4,6.9,,https://www.freeiconspng.com/img/1934,
Seth Lugo,CPT,KC,Showdown Captain Mode,Sat Aug 08 2026 01:00:00 GMT-0500 (Central Daylight Time),Showdown Captain Mode 8/8 7:10PM (CHC @ KC),15600,43786536,19.56,25.01,1.25,46.8,,,,,,3.821867742,0.275,,16.968,5.7,5.94905,1.844944444,2.93307,,https://dkn.gs/sports/images/mlb/players/50/31792.png,n/a,CHC @ KC,Cubs @ Royals,Kauffman Stadium,outdoor,n/a,8/8/2026,Seth Lugo,CHC,-0.21,5.95,12/30/1899,,2.1,,2.93,,4.6,1.84,3.82,5.66,0.28,0,15.64,21.33,21.33,21.33,No,1.5,9.5,,https://www.freeiconspng.com/img/1934,
Aaron Nola,SP,PHI,Turbo,Sat Aug 08 2026 01:00:00 GMT-0500 (Central Daylight Time),"Turbo 8/8 6:05PM, 3 Games",8200,43784327,25.07,24.98,3.06,24.6,,,,,,4.257353333,0.383,,18.179,6.1,6.037515385,1.2357,2.4405,,https://dkn.gs/sports/images/mlb/players/50/32021.png,n/a,TOR @ PHI,Blue Jays @ Phillies,Citizens Bank Park,outdoor,NBCS-PH,8/8/2026,Aaron Nola,TOR,-0.02,6.04,12/30/1899,,1.4,,2.44,,5.2,1.24,4.26,6.06,0.38,0.45,18.8,27.72,27.72,27.72,Yes,-1.5,9.5,,https://www.freeiconspng.com/img/1934,
Griffin Jax,RP,TB,Showdown Captain Mode,Sat Aug 08 2026 01:00:00 GMT-0500 (Central Daylight Time),Showdown Captain Mode 8/8 9:50PM (TB @ SEA),11000,43786634,22.72,24.78,2.07,33,,,,,,5.125321739,0.3099,,14.4119,4.8,3.912084615,1.4805,1.5594,,https://dkn.gs/sports/images/mlb/players/50/476343.png,n/a,TB @ SEA,Rays @ Mariners,T-Mobile Park,retractable,n/a,8/8/2026,Griffin Jax,SEA,0.64,3.91,12/30/1899,,1.3,,1.56,,5.4,1.48,5.13,4.8,0.31,0,19.18,26.97,26.97,26.97,No,0.4,6.9,,https://www.freeiconspng.com/img/1934,
Jake Bennett,SP,BOS,Early,Sat Aug 08 2026 01:00:00 GMT-0500 (Central Daylight Time),"Early 8/8 3:05PM, 3 Games",7100,43784045,25.61,24.75,3.61,21.3,,,,,,4.816058621,0.4844,,20.076,6.7,5.3482,1.044,2.035388889,,https://dkn.gs/sports/images/mlb/players/50/656142.png,n/a,ATH @ BOS,Athletics @ Red Sox,Fenway Park,outdoor,NBCS-CA,8/8/2026,Jake Bennett,ATH,3.83,5.35,12/30/1899,,1.6,,2.04,,4.9,1.04,4.82,6.69,0.48,0.39,22.53,32.85,32.85,32.85,Yes,-1.6,9.1,,https://www.freeiconspng.com/img/1934,
Walbert Urena,RP,LAA,Early,Sat Aug 08 2026 01:00:00 GMT-0500 (Central Daylight Time),"Early 8/8 3:05PM, 3 Games",7900,43784043,24.2,24.1,3.06,23.7,,,,,,,,,,,,,,,https://dkn.gs/sports/images/mlb/players/50/658768.png,n/a,LAA @ MIA,Angels @ Marlins,loanDepot park,retractable,Fox Sports 1,8/8/2026,Walbert Urena,MIA,1.47,4.65,12/30/1899,,2.2,,2.1,,5.4,2.27,4.82,5.63,0.32,0,19.39,26.97,26.97,26.97,No,1.5,7.5,,https://www.freeiconspng.com/img/1934,
Kyle Bradish,SP,BAL,Classic,Sat Aug 08 2026 01:00:00 GMT-0500 (Central Daylight Time),"Classic 8/8 7:10PM, 9 Games",7500,43784638,24.5,24.1,3.27,22.5,,,,,,5.149286667,0.2836,,16.69393158,5.6,1/3/1900,1.9985,2.1985,,https://dkn.gs/sports/images/mlb/players/50/505352.png,n/a,BAL @ TEX,Orioles @ Rangers,Globe Life Field,retractable,FOX,8/8/2026,Kyle Bradish,TEX,0.41,4.98,12/30/1899,,1.8,,2.2,,5.6,2,5.15,5.56,0.28,0,19.53,27.21,27.21,27.21,No,1.5,7.5,,https://www.freeiconspng.com/img/1934,
Matthew Liberatore,RP,STL,Classic,Sat Aug 08 2026 01:00:00 GMT-0500 (Central Daylight Time),"Classic 8/8 7:10PM, 9 Games",6100,43784644,24.92,23.6,4.09,18.3,,,,,,4.752934783,0.3692,,17.7485,5.9,5.301171429,1.1208,2.214,,https://dkn.gs/sports/images/mlb/players/50/112747.png,n/a,COL @ STL,Rockies @ Cardinals,Busch Stadium,outdoor,n/a,8/8/2026,Matthew Liberatore,COL,-0.33,5.3,12/30/1899,,1.3,,2.21,,4.9,1.12,4.75,5.92,0.37,0,19.88,27.6,27.6,27.6,Yes,-1.5,8.5,,https://www.freeiconspng.com/img/1934,
Landen Roupp,RP,SF,Classic,Sat Aug 08 2026 01:00:00 GMT-0500 (Central Daylight Time),"Classic 8/8 7:10PM, 9 Games",7100,43784640,24.14,23.57,3.4,21.3,,,,,,5.021293333,0.2862,,17.016065,5.7,4.698545455,2.479,2.274,,https://dkn.gs/sports/images/mlb/players/50/658826.png,n/a,DET @ SF,Tigers @ Giants,Oracle Park,outdoor,FOX,8/8/2026,Landen Roupp,DET,1.34,4.7,12/30/1899,,2,,2.27,,5.6,2.48,5.02,5.67,0.29,0,19.42,27,27,27,No,1.5,8.1,,https://www.freeiconspng.com/img/1934,
Peter Lambert,SP,HOU,Classic,Sat Aug 08 2026 01:00:00 GMT-0500 (Central Daylight Time),"Classic 8/8 7:10PM, 9 Games",8500,43784634,22.64,23.21,2.66,25.5,,,,,,4.604835714,0.3091,,17.5329,5.8,5.020541667,1.7445,2.2755,,https://dkn.gs/sports/images/mlb/players/50/32625.png,n/a,HOU @ SD,Astros @ Padres,Petco Park,outdoor,n/a,8/8/2026,Peter Lambert,SD,1.34,5.02,12/30/1899,,2.2,,2.28,,5.5,1.74,4.6,5.84,0.31,0,19.02,26.34,26.34,26.34,No,0.5,7.8,,https://www.freeiconspng.com/img/1934,
Clay Holmes,CPT,CHC,Showdown Captain Mode,Sat Aug 08 2026 01:00:00 GMT-0500 (Central Daylight Time),Showdown Captain Mode 8/8 7:10PM (CHC @ KC),17100,43786535,16.12,23.15,0.94,51.3,,,,,,,,,,,,,,,https://dkn.gs/sports/images/mlb/players/50/32235.png,n/a,CHC @ KC,Cubs @ Royals,Kauffman Stadium,outdoor,n/a,8/8/2026,Clay Holmes,KC,1.99,,12/30/1899,,1.6,,,,4.8,,0,,0,0,0,0,0,0,Yes,-1.5,9.5,,,
Robert Gasser,SP,MIL,Classic,Sat Aug 08 2026 01:00:00 GMT-0500 (Central Daylight Time),"Classic 8/8 7:10PM, 9 Games",7700,43784637,23.07,23.08,3,23.1,,,,,,4.478452,0.3335,,16.0745619,5.4,4.8618,1.2153,1.83745,,https://dkn.gs/sports/images/mlb/players/50/582180.png,n/a,MIN @ MIL,Twins @ Brewers,American Family Field,retractable,n/a,8/8/2026,Robert Gasser,MIN,0.52,4.86,12/30/1899,,1.3,,1.84,,4.3,1.22,4.48,5.36,0.33,0,18.66,25.98,25.98,25.98,Yes,-1.5,7.9,,https://www.freeiconspng.com/img/1934,
Griffin Jax,RP,TB,Classic,Sat Aug 08 2026 01:00:00 GMT-0500 (Central Daylight Time),"Classic 8/8 7:10PM, 9 Games",7900,43784636,22.72,22.92,2.88,23.7,,,,,,5.125321739,0.3099,,14.4119,4.8,3.912084615,1.4805,1.5594,,https://dkn.gs/sports/images/mlb/players/50/476343.png,n/a,TB @ SEA,Rays @ Mariners,T-Mobile Park,retractable,n/a,8/8/2026,Griffin Jax,SEA,0.64,3.91,12/30/1899,,1.3,,1.56,,5.4,1.48,5.13,4.8,0.31,0,19.18,26.97,26.97,26.97,No,0.4,6.9,,https://www.freeiconspng.com/img/1934,
Griffin Jax,RP,TB,Night,Sat Aug 08 2026 01:00:00 GMT-0500 (Central Daylight Time),"Night 8/8 8:10PM, 2 Games",7900,43788645,22.72,22.92,2.88,23.7,,,,,,5.125321739,0.3099,,14.4119,4.8,3.912084615,1.4805,1.5594,,https://dkn.gs/sports/images/mlb/players/50/476343.png,n/a,TB @ SEA,Rays @ Mariners,T-Mobile Park,retractable,n/a,8/8/2026,Griffin Jax,SEA,0.64,3.91,12/30/1899,,1.3,,1.56,,5.4,1.48,5.13,4.8,0.31,0,19.18,26.97,26.97,26.97,No,0.4,6.9,,https://www.freeiconspng.com/img/1934,
Seth Lugo,RP,KC,Showdown Captain Mode,Sat Aug 08 2026 01:00:00 GMT-0500 (Central Daylight Time),Showdown Captain Mode 8/8 7:10PM (CHC @ KC),10400,43786438,19.56,21.89,1.88,31.2,,,,,,3.821867742,0.275,,16.968,5.7,5.94905,1.844944444,2.93307,,https://dkn.gs/sports/images/mlb/players/50/31792.png,n/a,CHC @ KC,Cubs @ Royals,Kauffman Stadium,outdoor,n/a,8/8/2026,Seth Lugo,CHC,-0.21,5.95,12/30/1899,,2.1,,2.93,,4.6,1.84,3.82,5.66,0.28,0,15.64,21.33,21.33,21.33,No,1.5,9.5,,https://www.freeiconspng.com/img/1934,
Bubba Chandler,SP,PIT,Turbo,Sat Aug 08 2026 01:00:00 GMT-0500 (Central Daylight Time),"Turbo 8/8 6:05PM, 3 Games",7500,43784328,20.83,21.17,2.78,22.5,,,,,,4.457432258,0.3214,,15.1528,5.1,5.004075,1.6461,2.3575,,https://dkn.gs/sports/images/mlb/players/50/582145.png,n/a,NYM @ PIT,Mets @ Pirates,PNC Park,outdoor,n/a,8/8/2026,Bubba Chandler,NYM,0.7,5,12/30/1899,,1.7,,2.36,,4.4,1.65,4.46,5.05,0.32,0,16.84,23.37,23.37,23.37,Yes,-1.5,8.9,,https://www.freeiconspng.com/img/1934,
Kyle Freeland,SP,COL,Classic,Sat Aug 08 2026 01:00:00 GMT-0500 (Central Daylight Time),"Classic 8/8 7:10PM, 9 Games",5000,43784646,21.64,20.31,4.33,15,,,,,,3.474707692,0.3015,,18.795,6.3,6.3856,1.1913,2.818575,,https://dkn.gs/sports/images/mlb/players/50/32581.png,n/a,COL @ STL,Rockies @ Cardinals,Busch Stadium,outdoor,n/a,8/8/2026,Kyle Freeland,STL,-1.13,6.39,12/30/1899,,1.3,,2.82,,4.6,1.19,3.47,6.27,0.3,0.43,16.61,24.28,24.28,24.28,No,1.5,8.5,,https://www.freeiconspng.com/img/1934,
Clay Holmes,RP,CHC,Showdown Captain Mode,Sat Aug 08 2026 01:00:00 GMT-0500 (Central Daylight Time),Showdown Captain Mode 8/8 7:10PM (CHC @ KC),11400,43786437,16.12,19.73,1.41,34.2,,,,,,,,,,,,,,,https://dkn.gs/sports/images/mlb/players/50/32235.png,n/a,CHC @ KC,Cubs @ Royals,Kauffman Stadium,outdoor,n/a,8/8/2026,Clay Holmes,KC,1.99,,12/30/1899,,1.6,,,,4.8,,0,,0,0,0,0,0,0,Yes,-1.5,9.5,,,
Andrew Alvarez,RP,WSH,Turbo,Sat Aug 08 2026 01:00:00 GMT-0500 (Central Daylight Time),"Turbo 8/8 6:05PM, 3 Games",6900,43784329,19.43,19.68,2.82,20.7,,,,,,4.801584615,0.2074,,15.7904,5.3,4.5621,2.2175,2.344,,https://dkn.gs/sports/images/mlb/players/50/779725.png,n/a,CIN @ WSH,Reds @ Nationals,Nationals Park,outdoor,n/a,8/8/2026,Andrew Alvarez,CINWAS,-1.1,4.56,12/30/1899,,1.8,,2.34,,4.7,2.22,4.8,5.26,0.21,0,17.59,24.42,24.42,24.42,No,1.5,8.5,,https://www.freeiconspng.com/img/1934,
Seth Lugo,RP,KC,Classic,Sat Aug 08 2026 01:00:00 GMT-0500 (Central Daylight Time),"Classic 8/8 7:10PM, 9 Games",6400,43784643,19.56,19.49,3.06,19.2,,,,,,3.821867742,0.275,,16.968,5.7,5.94905,1.844944444,2.93307,,https://dkn.gs/sports/images/mlb/players/50/31792.png,n/a,CHC @ KC,Cubs @ Royals,Kauffman Stadium,outdoor,n/a,8/8/2026,Seth Lugo,CHC,-0.21,5.95,12/30/1899,,2.1,,2.93,,4.6,1.84,3.82,5.66,0.28,0,15.64,21.33,21.33,21.33,No,1.5,9.5,,https://www.freeiconspng.com/img/1934,
Brandon Pfaadt,SP,ARI,Classic,Sat Aug 08 2026 01:00:00 GMT-0500 (Central Daylight Time),"Classic 8/8 7:10PM, 9 Games",6900,43784641,18.49,18.93,2.68,20.7,,,,,,3.557473684,0.229,,16.4802,5.5,5.8091,1.6941,2.7205,,https://dkn.gs/sports/images/mlb/players/50/593425.png,n/a,LAD @ AZ,Dodgers @ D'Backs,Chase Field,retractable,n/a,8/8/2026,Brandon Pfaadt,LAD,-1.54,5.81,12/30/1899,,1.7,,2.72,,4.1,1.69,3.56,5.49,0.23,0,14.95,20.37,20.37,20.37,No,1.5,8.4,,https://www.freeiconspng.com/img/1934,
Brandon Pfaadt,SP,ARI,Night,Sat Aug 08 2026 01:00:00 GMT-0500 (Central Daylight Time),"Night 8/8 8:10PM, 2 Games",6900,43788757,18.49,18.93,2.68,20.7,,,,,,3.557473684,0.229,,16.4802,5.5,5.8091,1.6941,2.7205,,https://dkn.gs/sports/images/mlb/players/50/593425.png,n/a,LAD @ AZ,Dodgers @ D'Backs,Chase Field,retractable,n/a,8/8/2026,Brandon Pfaadt,LAD,-1.54,5.81,12/30/1899,,1.7,,2.72,,4.1,1.69,3.56,5.49,0.23,0,14.95,20.37,20.37,20.37,No,1.5,8.4,,https://www.freeiconspng.com/img/1934,
Anthony Kay,RP,CWS,Classic,Sat Aug 08 2026 01:00:00 GMT-0500 (Central Daylight Time),"Classic 8/8 7:10PM, 9 Games",5600,43784645,19.11,18.65,3.41,16.8,,,,,,3.912967857,0.2527,,15.4101,5.1,4.653,1.7439,1.968555556,,https://dkn.gs/sports/images/mlb/players/50/31974.png,n/a,CLE @ CWS,Guardians @ White Sox,Rate Field,outdoor,FOX,8/8/2026,Anthony Kay,CLECHW,-1.3,4.65,12/30/1899,,2,,1.97,,4,1.74,3.91,5.14,0.25,0,16.44,22.74,22.74,22.74,No,1.5,7.5,,https://www.freeiconspng.com/img/1934,
Clay Holmes,RP,CHC,Classic,Sat Aug 08 2026 01:00:00 GMT-0500 (Central Daylight Time),"Classic 8/8 7:10PM, 9 Games",8300,43784635,16.12,17.87,1.94,24.9,,,,,,,,,,,,,,,https://dkn.gs/sports/images/mlb/players/50/32235.png,n/a,CHC @ KC,Cubs @ Royals,Kauffman Stadium,outdoor,n/a,8/8/2026,Clay Holmes,KC,1.99,,12/30/1899,,1.6,,,,4.8,,0,,0,0,0,0,0,0,Yes,-1.5,9.5,,,
Jackson Jobe,SP,DET,Classic,Sat Aug 08 2026 01:00:00 GMT-0500 (Central Daylight Time),"Classic 8/8 7:10PM, 9 Games",6800,43784642,17.12,17.77,2.52,20.4,,,,,,3.884922222,0.2236,,13.38565882,4.5,1/2/1900,1.5468,1.6812,,https://dkn.gs/sports/images/mlb/players/50/587681.png,n/a,DET @ SF,Tigers @ Giants,Oracle Park,outdoor,FOX,8/8/2026,Jackson Jobe,SF,0.06,3.99,12/30/1899,,1.6,,1.68,,4.3,1.55,3.88,4.46,0.22,0,15.32,21.3,21.3,21.3,Yes,-1.5,8.1,,https://www.freeiconspng.com/img/1934,
Robert Stock,RP,NYM,Turbo,Sat Aug 08 2026 01:00:00 GMT-0500 (Central Daylight Time),"Turbo 8/8 6:05PM, 3 Games",5000,43784331,17.94,17.35,3.59,15,,,,,,3.792660714,0.2639,,14.2303,4.7,4.6035,1.861825,2.3885,,https://dkn.gs/sports/images/mlb/players/50/32601.png,n/a,NYM @ PIT,Mets @ Pirates,PNC Park,outdoor,n/a,8/8/2026,Robert Stock,PIT,-1.87,4.6,12/30/1899,,2,,2.39,,5.2,1.86,3.79,4.74,0.26,0,14.5,19.98,19.98,19.98,No,1.5,8.9,,https://www.freeiconspng.com/img/1934,
Max Scherzer,SP,TOR,Turbo,Sat Aug 08 2026 01:00:00 GMT-0500 (Central Daylight Time),"Turbo 8/8 6:05PM, 3 Games",6500,43784330,16.75,17.3,2.58,19.5,,,,,,3.701616667,0.2196,,15.4193,5.1,4.967933333,1.4682,2.746,,https://dkn.gs/sports/images/mlb/players/50/32790.png,n/a,TOR @ PHI,Blue Jays @ Phillies,Citizens Bank Park,outdoor,NBCS-PH,8/8/2026,Max Scherzer,PHI,-0.53,4.97,12/30/1899,,1.5,,2.75,,3.8,1.47,3.7,5.14,0.22,0,14.34,19.59,19.59,19.59,No,1.5,9.5,,https://www.freeiconspng.com/img/1934,
Pete Crow-Armstrong,CPT,CHC,Showdown Captain Mode,Sat Aug 08 2026 01:00:00 GMT-0500 (Central Daylight Time),Showdown Captain Mode 8/8 7:10PM (CHC @ KC),15000,43786537,8.98,16.19,0.6,45,1.0141,0.149136,0.4129666667,0.58047,0.23064,0.9585,,,,,,0.4077,,,https://dkn.gs/sports/images/mlb/players/50/494682.png,n/a,CHC @ KC,Cubs @ Royals,Kauffman Stadium,outdoor,n/a,8/8/2026,Pete Crow-Armstrong,KC,3.67,1,12/30/1899,0.27,0.08,0.15,0.58,0.41,0.23,0.41,,,,,8.93,11.54,8.93,8.93,Yes,-1.5,9.5,,https://www.freeiconspng.com/img/1934,
Gage Jump,SP,ATH,Early,Sat Aug 08 2026 01:00:00 GMT-0500 (Central Daylight Time),"Early 8/8 3:05PM, 3 Games",6000,43784046,15.72,16.18,2.62,18,,,,,,5.36546,0.1969,,14.46941667,4.8,5.1051,1.8126,2.91355,,https://dkn.gs/sports/images/mlb/teams/50/29811.png,n/a,ATH @ BOS,Athletics @ Red Sox,Fenway Park,outdoor,NBCS-CA,8/8/2026,,,,,,,,,,,,,,,,,,,,,,,,,,
Junior Caminero,CPT,TB,Showdown Captain Mode,Sat Aug 08 2026 01:00:00 GMT-0500 (Central Daylight Time),Showdown Captain Mode 8/8 9:50PM (TB @ SEA),14700,43786724,6.59,14.09,0.45,44.1,0.6503625,0.2027363636,0.3716090909,0.4132727273,0.0749,1.1235,,,,,,0.2546,,,https://dkn.gs/sports/images/mlb/players/50/645259.png,n/a,TB @ SEA,Rays @ Mariners,T-Mobile Park,retractable,n/a,8/8/2026,Junior Caminero,SEA,3.61,0.86,12/30/1899,0.18,0,0.2,0.41,0.37,0.07,0.25,,,,,6.8,8.77,6.8,6.8,No,0.4,6.9,,https://www.freeiconspng.com/img/1934,
Bobby Witt Jr.,CPT,KC,Showdown Captain Mode,Sat Aug 08 2026 01:00:00 GMT-0500 (Central Daylight Time),Showdown Captain Mode 8/8 7:10PM (CHC @ KC),14100,43786538,6.89,13.97,0.49,42.3,0.87415,0.112268,0.3614666667,0.4743461538,0.2237333333,0.6454,,,,,,0.3027,,,https://dkn.gs/sports/images/mlb/players/50/459801.png,12/30/1899,n/a,n/a,n/a,n/a,n/a,8/8/2026,,,,,,,,,,,,,,,,,,,,,,,,,,
Seiya Suzuki,CPT,CHC,Showdown Captain Mode,Sat Aug 08 2026 01:00:00 GMT-0500 (Central Daylight Time),Showdown Captain Mode 8/8 7:10PM (CHC @ KC),13500,43786539,7.02,13.71,0.52,40.5,0.90719,0.122084,0.4023923077,0.5155615385,0.0874,0.8173,,,,,,0.4097,,,https://dkn.gs/sports/images/mlb/players/50/112834.png,n/a,CHC @ KC,Cubs @ Royals,Kauffman Stadium,outdoor,n/a,8/8/2026,Seiya Suzuki,KC,2.91,0.93,12/30/1899,0.25,0.04,0.12,0.52,0.4,0.09,0.41,,,,,7.36,9.6,7.36,7.36,Yes,-1.5,9.5,,https://www.freeiconspng.com/img/1934,
Ronald Acuna Jr.,CPT,ATL,Showdown Captain Mode,Sat Aug 08 2026 01:00:00 GMT-0500 (Central Daylight Time),Showdown Captain Mode 8/8 3:05PM (ATL @ NYY),14100,43786351,6.55,13.7,0.46,42.3,,,,,,,,,,,,,,,https://dkn.gs/sports/images/mlb/players/50/32266.png,n/a,ATL @ NYY,Braves @ Yankees,Yankee Stadium,outdoor,n/a,8/8/2026,,,,,,,,,,,,,,,,,,,,,,,,,,
Pete Crow-Armstrong,OF,CHC,Showdown Captain Mode,Sat Aug 08 2026 01:00:00 GMT-0500 (Central Daylight Time),Showdown Captain Mode 8/8 7:10PM (CHC @ KC),10000,43786439,8.98,13.19,0.9,30,1.0141,0.149136,0.4129666667,0.58047,0.23064,0.9585,,,,,,0.4077,,,https://dkn.gs/sports/images/mlb/players/50/494682.png,n/a,CHC @ KC,Cubs @ Royals,Kauffman Stadium,outdoor,n/a,8/8/2026,Pete Crow-Armstrong,KC,3.67,1,12/30/1899,0.27,0.08,0.15,0.58,0.41,0.23,0.41,,,,,8.93,11.54,8.93,8.93,Yes,-1.5,9.5,,https://www.freeiconspng.com/img/1934,
Yandy Diaz,CPT,TB,Showdown Captain Mode,Sat Aug 08 2026 01:00:00 GMT-0500 (Central Daylight Time),Showdown Captain Mode 8/8 9:50PM (TB @ SEA),13200,43786726,6.42,13.05,0.49,39.6,,,,,,,,,,,,,,,https://dkn.gs/sports/images/mlb/players/50/31708.png,n/a,TB @ SEA,Rays @ Mariners,T-Mobile Park,retractable,n/a,8/8/2026,Yandy Diaz,SEA,3.02,0.89,12/30/1899,0.19,0,0.12,0.4,0.29,0.08,0.25,,,,,6.16,7.84,6.16,6.16,No,0.4,6.9,,https://www.freeiconspng.com/img/1934,
Randy Arozarena,CPT,SEA,Showdown Captain Mode,Sat Aug 08 2026 01:00:00 GMT-0500 (Central Daylight Time),Showdown Captain Mode 8/8 9:50PM (TB @ SEA),13500,43786725,6.12,13,0.45,40.5,0.55794,0.12654,0.2778181818,0.3954,0.2083,1.0032,,,,,,0.3401,,,https://dkn.gs/sports/images/mlb/players/50/32441.png,n/a,TB @ SEA,Rays @ Mariners,T-Mobile Park,retractable,n/a,8/8/2026,Randy Arozarena,TB,2.77,0.76,12/30/1899,0.16,0,0.11,0.4,0.28,0.21,0.34,,,,,6.41,8.24,6.41,6.41,Yes,-0.4,6.9,,https://www.freeiconspng.com/img/1934,
Ben Rice,CPT,NYY,Showdown Captain Mode,Sat Aug 08 2026 01:00:00 GMT-0500 (Central Daylight Time),Showdown Captain Mode 8/8 3:05PM (ATL @ NYY),14700,43786350,5.07,12.88,0.34,44.1,0.537405,0.119128,0.2969166667,0.37461,0.0792,1.2516,,,,,,0.3085,,,https://dkn.gs/sports/images/mlb/players/50/700964.png,n/a,ATL @ NYY,Braves @ Yankees,Yankee Stadium,outdoor,n/a,8/8/2026,Ben Rice,ATL,2.17,0.69,12/30/1899,0.1,0.02,0.08,0.37,0.3,0.07,0.31,,,,,4.97,6.53,4.97,4.97,No,1.5,7.5,,https://www.freeiconspng.com/img/1934,
Matt Olson,CPT,ATL,Showdown Captain Mode,Sat Aug 08 2026 01:00:00 GMT-0500 (Central Daylight Time),Showdown Captain Mode 8/8 3:05PM (ATL @ NYY),13200,43786352,5.92,12.66,0.45,39.6,0.56906,0.1671576923,0.3785,0.4332090909,0.04663333333,1.1718,,,,,,0.3908,,,https://dkn.gs/sports/images/mlb/players/50/32624.png,n/a,ATL @ NYY,Braves @ Yankees,Yankee Stadium,outdoor,n/a,8/8/2026,Matt Olson,NYY,3.11,0.69,12/30/1899,0.17,0,0.17,0.43,0.38,0.05,0.39,,,,,6.22,8.25,6.22,6.22,Yes,-1.5,7.5,,https://www.freeiconspng.com/img/1934,
Drake Baldwin,CPT,ATL,Showdown Captain Mode,Sat Aug 08 2026 01:00:00 GMT-0500 (Central Daylight Time),Showdown Captain Mode 8/8 3:05PM (ATL @ NYY),12600,43786354,6.17,12.5,0.49,37.8,0.6231952381,0.1427846154,0.3393916667,0.4590166667,0.067,0.7151,,,,,,0.3295,,,https://dkn.gs/sports/images/mlb/players/50/686715.png,n/a,ATL @ NYY,Braves @ Yankees,Yankee Stadium,outdoor,n/a,8/8/2026,Drake Baldwin,NYY,3.08,0.81,12/30/1899,0.18,0.03,0.14,0.46,0.34,0.07,0.33,,,,,6.51,8.46,6.51,6.51,Yes,-1.5,7.5,,https://www.freeiconspng.com/img/1934,
Liam Hicks,CPT,TB,Showdown Captain Mode,Sat Aug 08 2026 01:00:00 GMT-0500 (Central Daylight Time),Showdown Captain Mode 8/8 9:50PM (TB @ SEA),12600,43786727,6.12,12.46,0.49,37.8,0.5880333333,0.1033,0.2958454545,0.33492,0.06288,0.5,,,,,,0.2869,,,https://dkn.gs/sports/images/mlb/players/50/779864.png,n/a,TB @ SEA,Rays @ Mariners,T-Mobile Park,retractable,n/a,8/8/2026,Liam Hicks,SEA,3.17,0.82,12/30/1899,0.17,0.04,0.1,0.33,0.3,0.06,0.29,,,,,5.9,7.52,5.9,5.9,No,0.4,6.9,,https://www.freeiconspng.com/img/1934,
Michael Busch,CPT,CHC,Showdown Captain Mode,Sat Aug 08 2026 01:00:00 GMT-0500 (Central Daylight Time),Showdown Captain Mode 8/8 7:10PM (CHC @ KC),12300,43786542,6.29,12.41,0.51,36.9,0.7521909091,0.105696,0.3961916667,0.4896071429,0.0735,0.6599,,,,,,0.434,,,https://dkn.gs/sports/images/mlb/players/50/459806.png,n/a,CHC @ KC,Cubs @ Royals,Kauffman Stadium,outdoor,n/a,8/8/2026,Michael Busch,KC,2.82,0.9,12/30/1899,0.23,0.04,0.1,0.49,0.4,0.07,0.43,,,,,6.96,9.12,6.96,6.96,Yes,-1.5,9.5,,https://www.freeiconspng.com/img/1934,
Carter Jensen,CPT,KC,Showdown Captain Mode,Sat Aug 08 2026 01:00:00 GMT-0500 (Central Daylight Time),Showdown Captain Mode 8/8 7:10PM (CHC @ KC),12900,43786540,5.62,12.23,0.44,38.7,0.605215,0.101156,0.3154333333,0.455625,0.07282,1.1718,,,,,,0.3919,,,https://dkn.gs/sports/images/mlb/players/50/582186.png,n/a,CHC @ KC,Cubs @ Royals,Kauffman Stadium,outdoor,n/a,8/8/2026,Carter Jensen,CHC,2.7,0.79,12/30/1899,0.18,0.03,0.09,0.46,0.32,0.07,0.39,,,,,6.07,7.94,6.07,6.07,No,1.5,9.5,,https://www.freeiconspng.com/img/1934,
Julio Rodriguez,CPT,SEA,Showdown Captain Mode,Sat Aug 08 2026 01:00:00 GMT-0500 (Central Daylight Time),Showdown Captain Mode 8/8 9:50PM (TB @ SEA),12300,43786728,5.94,12.13,0.48,36.9,,,,,,,,,,,,,,,https://dkn.gs/sports/images/mlb/players/50/111251.png,n/a,TB @ SEA,Rays @ Mariners,T-Mobile Park,retractable,n/a,8/8/2026,Julio Rodriguez,TB,2.6,0.8,12/30/1899,0.15,0.02,0.11,0.37,0.33,0.19,0.25,,,,,6.28,8.05,6.28,6.28,Yes,-0.4,6.9,,https://www.freeiconspng.com/img/1934,
Alex Bregman,CPT,CHC,Showdown Captain Mode,Sat Aug 08 2026 01:00:00 GMT-0500 (Central Daylight Time),Showdown Captain Mode 8/8 7:10PM (CHC @ KC),12000,43786543,6.01,12.01,0.5,36,0.8675666667,0.094984,0.4057416667,0.4797,0.06553333333,0.558575,,,,,,0.3561,,,https://dkn.gs/sports/images/mlb/players/50/31992.png,n/a,CHC @ KC,Cubs @ Royals,Kauffman Stadium,outdoor,n/a,8/8/2026,Alex Bregman,KC,2.72,0.89,12/30/1899,0.21,0.03,0.08,0.48,0.41,0.07,0.36,,,,,6.51,8.52,6.51,6.51,Yes,-1.5,9.5,,https://www.freeiconspng.com/img/1934,
Jonathan Aranda,CPT,TB,Showdown Captain Mode,Sat Aug 08 2026 01:00:00 GMT-0500 (Central Daylight Time),Showdown Captain Mode 8/8 9:50PM (TB @ SEA),12000,43786729,5.95,11.96,0.5,36,0.62418125,0.13434,0.2954545455,0.39831,0.05496666667,1.1406,,,,,,0.2785,,,https://dkn.gs/sports/images/mlb/players/50/587702.png,n/a,TB @ SEA,Rays @ Mariners,T-Mobile Park,retractable,n/a,8/8/2026,Jonathan Aranda,SEA,3,0.84,12/30/1899,0.19,0.01,0.13,0.4,0.3,0.05,0.28,,,,,6.12,7.85,6.12,6.12,No,0.4,6.9,,https://www.freeiconspng.com/img/1934,
Jac Caglianone,CPT,KC,Showdown Captain Mode,Sat Aug 08 2026 01:00:00 GMT-0500 (Central Daylight Time),Showdown Captain Mode 8/8 7:10PM (CHC @ KC),12600,43786541,5.44,11.91,0.43,37.8,0.6495333333,0.10508,0.3647666667,0.39795,0.08318,1.0491,,,,,,0.2716,,,https://dkn.gs/sports/images/mlb/players/50/806141.png,n/a,CHC @ KC,Cubs @ Royals,Kauffman Stadium,outdoor,n/a,8/8/2026,Jac Caglianone,CHC,2.45,0.83,12/30/1899,0.16,0.03,0.08,0.4,0.36,0.08,0.27,,,,,5.81,7.55,5.81,5.81,No,1.5,9.5,,https://www.freeiconspng.com/img/1934,
Shohei Ohtani,1B/OF,LAD,Classic,Sat Aug 08 2026 01:00:00 GMT-0500 (Central Daylight Time),"Classic 8/8 7:10PM, 9 Games",6400,43784649,9.99,11.83,1.56,19.2,0.889268,0.173672,0.405825,0.57486,0.1115,0.6997,,,,,,0.4825,,,https://dkn.gs/sports/images/mlb/players/50/32242.png,n/a,LAD @ AZ,Dodgers @ D'Backs,Chase Field,retractable,n/a,8/8/2026,Shohei Ohtani,ARI,4.22,0.95,12/30/1899,0.24,0.04,0.17,0.57,0.41,0.11,0.48,,,,,8.25,10.77,8.25,8.25,Yes,-1.5,8.4,,https://www.freeiconspng.com/img/1934,
Shohei Ohtani,1B/OF,LAD,Night,Sat Aug 08 2026 01:00:00 GMT-0500 (Central Daylight Time),"Night 8/8 8:10PM, 2 Games",6400,43788634,9.99,11.83,1.56,19.2,0.889268,0.173672,0.405825,0.57486,0.1115,0.6997,,,,,,0.4825,,,https://dkn.gs/sports/images/mlb/players/50/32242.png,n/a,LAD @ AZ,Dodgers @ D'Backs,Chase Field,retractable,n/a,8/8/2026,Shohei Ohtani,ARI,4.22,0.95,12/30/1899,0.24,0.04,0.17,0.57,0.41,0.11,0.48,,,,,8.25,10.77,8.25,8.25,Yes,-1.5,8.4,,https://www.freeiconspng.com/img/1934,
Ian Happ,CPT,CHC,Showdown Captain Mode,Sat Aug 08 2026 01:00:00 GMT-0500 (Central Daylight Time),Showdown Captain Mode 8/8 7:10PM (CHC @ KC),11400,43786544,6.1,11.72,0.54,34.2,0.6259285714,0.10564,0.3797833333,0.4825615385,0.08604,0.9741,,,,,,0.4718,,,https://dkn.gs/sports/images/mlb/players/50/32388.png,n/a,CHC @ KC,Cubs @ Royals,Kauffman Stadium,outdoor,n/a,8/8/2026,Ian Happ,KC,2.74,0.8,12/30/1899,0.19,0.03,0.09,0.48,0.38,0.09,0.47,,,,,6.59,8.72,6.59,6.59,Yes,-1.5,9.5,,https://www.freeiconspng.com/img/1934,
Bobby Witt Jr.,SS,KC,Showdown Captain Mode,Sat Aug 08 2026 01:00:00 GMT-0500 (Central Daylight Time),Showdown Captain Mode 8/8 7:10PM (CHC @ KC),9400,43786440,6.89,11.15,0.73,28.2,0.87415,0.112268,0.3614666667,0.4743461538,0.2237333333,0.6454,,,,,,0.3027,,,https://dkn.gs/sports/images/mlb/players/50/459801.png,12/30/1899,n/a,n/a,n/a,n/a,n/a,8/8/2026,,,,,,,,,,,,,,,,,,,,,,,,,,
Junior Caminero,3B,TB,Showdown Captain Mode,Sat Aug 08 2026 01:00:00 GMT-0500 (Central Daylight Time),Showdown Captain Mode 8/8 9:50PM (TB @ SEA),9800,43786635,6.59,11.15,0.67,29.4,0.6503625,0.2027363636,0.3716090909,0.4132727273,0.0749,1.1235,,,,,,0.2546,,,https://dkn.gs/sports/images/mlb/players/50/645259.png,n/a,TB @ SEA,Rays @ Mariners,T-Mobile Park,retractable,n/a,8/8/2026,Junior Caminero,SEA,3.61,0.86,12/30/1899,0.18,0,0.2,0.41,0.37,0.07,0.25,,,,,6.8,8.77,6.8,6.8,No,0.4,6.9,,https://www.freeiconspng.com/img/1934,
Nico Hoerner,CPT,CHC,Showdown Captain Mode,Sat Aug 08 2026 01:00:00 GMT-0500 (Central Daylight Time),Showdown Captain Mode 8/8 7:10PM (CHC @ KC),10800,43786545,5.8,11.12,0.54,32.4,0.9425952381,0.05497083333,0.366875,0.4290909091,0.1485466667,0.4049,,,,,,0.2607,,,https://dkn.gs/sports/images/mlb/players/50/32405.png,n/a,CHC @ KC,Cubs @ Royals,Kauffman Stadium,outdoor,n/a,8/8/2026,Nico Hoerner,KC,2.38,0.94,12/30/1899,0.18,0.03,0.04,0.43,0.37,0.15,0.26,,,,,6.21,7.98,6.21,6.21,Yes,-1.5,9.5,,https://www.freeiconspng.com/img/1934,
Pete Crow-Armstrong,OF,CHC,Classic,Sat Aug 08 2026 01:00:00 GMT-0500 (Central Daylight Time),"Classic 8/8 7:10PM, 9 Games",6500,43784648,8.98,11.09,1.38,19.5,1.0141,0.149136,0.4129666667,0.58047,0.23064,0.9585,,,,,,0.4077,,,https://dkn.gs/sports/images/mlb/players/50/494682.png,n/a,CHC @ KC,Cubs @ Royals,Kauffman Stadium,outdoor,n/a,8/8/2026,Pete Crow-Armstrong,KC,3.67,1,12/30/1899,0.27,0.08,0.15,0.58,0.41,0.23,0.41,,,,,8.93,11.54,8.93,8.93,Yes,-1.5,9.5,,https://www.freeiconspng.com/img/1934,
Seiya Suzuki,OF,CHC,Showdown Captain Mode,Sat Aug 08 2026 01:00:00 GMT-0500 (Central Daylight Time),Showdown Captain Mode 8/8 7:10PM (CHC @ KC),9000,43786441,7.02,11.01,0.78,27,0.90719,0.122084,0.4023923077,0.5155615385,0.0874,0.8173,,,,,,0.4097,,,https://dkn.gs/sports/images/mlb/players/50/112834.png,n/a,CHC @ KC,Cubs @ Royals,Kauffman Stadium,outdoor,n/a,8/8/2026,Seiya Suzuki,KC,2.91,0.93,12/30/1899,0.25,0.04,0.12,0.52,0.4,0.09,0.41,,,,,7.36,9.6,7.36,7.36,Yes,-1.5,9.5,,https://www.freeiconspng.com/img/1934,
Michael Harris II,CPT,ATL,Showdown Captain Mode,Sat Aug 08 2026 01:00:00 GMT-0500 (Central Daylight Time),Showdown Captain Mode 8/8 3:05PM (ATL @ NYY),11400,43786357,5.12,10.93,0.45,34.2,0.6349952381,0.1287769231,0.3688833333,0.39984,0.1128,0.7151,,,,,,,,,https://dkn.gs/sports/images/mlb/players/50/459716.png,12/30/1899,n/a,n/a,n/a,n/a,n/a,8/8/2026,,,,,,,,,,,,,,,,,,,,,,,,,,
Ronald Acuna Jr.,OF,ATL,Showdown Captain Mode,Sat Aug 08 2026 01:00:00 GMT-0500 (Central Daylight Time),Showdown Captain Mode 8/8 3:05PM (ATL @ NYY),9400,43786262,6.55,10.88,0.7,28.2,,,,,,,,,,,,,,,https://dkn.gs/sports/images/mlb/players/50/32266.png,n/a,ATL @ NYY,Braves @ Yankees,Yankee Stadium,outdoor,n/a,8/8/2026,,,,,,,,,,,,,,,,,,,,,,,,,,
Chandler Simpson,CPT,TB,Showdown Captain Mode,Sat Aug 08 2026 01:00:00 GMT-0500 (Central Daylight Time),Showdown Captain Mode 8/8 9:50PM (TB @ SEA),11700,43786730,4.62,10.71,0.39,35.1,0.7021,0.0561,0.2525181818,0.30558,0.2989,0.4255,,,,,,0.1701,,,https://dkn.gs/sports/images/mlb/players/50/703621.png,12/30/1899,n/a,n/a,n/a,n/a,n/a,8/8/2026,Chandler Simpson,SEA,2.16,0.86,12/30/1899,0.1,0.03,0.04,0.31,0.25,0.26,0.17,,,,,5.71,7.09,5.71,5.71,No,0.4,6.9,,https://www.freeiconspng.com/img/1934,
Ozzie Albies,CPT,ATL,Showdown Captain Mode,Sat Aug 08 2026 01:00:00 GMT-0500 (Central Daylight Time),Showdown Captain Mode 8/8 3:05PM (ATL @ NYY),11100,43786358,5.04,10.69,0.45,33.3,0.5481904762,0.10744,0.3111,0.3594,0.0877,0.67,,,,,,0.2888,,,https://dkn.gs/sports/images/mlb/players/50/32255.png,n/a,ATL @ NYY,Braves @ Yankees,Yankee Stadium,outdoor,n/a,8/8/2026,Ozzie Albies,NYY,2.33,0.69,12/30/1899,0.12,0.01,0.08,0.36,0.31,0.08,0.29,,,,,5.05,6.62,5.05,5.05,Yes,-1.5,7.5,,https://www.freeiconspng.com/img/1934,
Dansby Swanson,CPT,CHC,Showdown Captain Mode,Sat Aug 08 2026 01:00:00 GMT-0500 (Central Daylight Time),Showdown Captain Mode 8/8 7:10PM (CHC @ KC),10500,43786546,5.49,10.69,0.52,31.5,0.6413952381,0.108116,0.38685,0.44395,0.1100933333,0.5745,,,,,,0.3154,,,https://dkn.gs/sports/images/mlb/players/50/32252.png,n/a,CHC @ KC,Cubs @ Royals,Kauffman Stadium,outdoor,n/a,8/8/2026,Dansby Swanson,KC,2.47,0.84,12/30/1899,0.17,0.03,0.09,0.44,0.39,0.11,0.32,,,,,6.2,8.1,6.2,6.2,Yes,-1.5,9.5,,https://www.freeiconspng.com/img/1934,
Trent Grisham,CPT,NYY,Showdown Captain Mode,Sat Aug 08 2026 01:00:00 GMT-0500 (Central Daylight Time),Showdown Captain Mode 8/8 3:05PM (ATL @ NYY),11700,43786356,4.36,10.51,0.37,35.1,0.5301421053,0.098064,0.2725583333,0.32241,0.101,1.0791,,,,,,0.3137,,,https://dkn.gs/sports/images/mlb/players/50/31614.png,n/a,ATL @ NYY,Braves @ Yankees,Yankee Stadium,outdoor,n/a,8/8/2026,Trent Grisham,ATL,2.41,0.64,12/30/1899,0.11,0.01,0.08,0.32,0.27,0.1,0.31,,,,,4.87,6.36,4.87,4.87,No,1.5,7.5,,https://www.freeiconspng.com/img/1934,
Jazz Chisholm Jr.,CPT,NYY,Showdown Captain Mode,Sat Aug 08 2026 01:00:00 GMT-0500 (Central Daylight Time),Showdown Captain Mode 8/8 3:05PM (ATL @ NYY),12300,43786355,3.82,10.43,0.31,36.9,0.4915545455,0.095768,0.2513833333,0.30738,0.1917,1.2624,,,,,,0.2622,,,https://dkn.gs/sports/images/mlb/players/50/112676.png,12/30/1899,n/a,n/a,n/a,n/a,n/a,8/8/2026,,,,,,,,,,,,,,,,,,,,,,,,,,
Yandy Diaz,1B/3B,TB,Showdown Captain Mode,Sat Aug 08 2026 01:00:00 GMT-0500 (Central Daylight Time),Showdown Captain Mode 8/8 9:50PM (TB @ SEA),8800,43786637,6.42,10.41,0.73,26.4,,,,,,,,,,,,,,,https://dkn.gs/sports/images/mlb/players/50/31708.png,n/a,TB @ SEA,Rays @ Mariners,T-Mobile Park,retractable,n/a,8/8/2026,Yandy Diaz,SEA,3.02,0.89,12/30/1899,0.19,0,0.12,0.4,0.29,0.08,0.25,,,,,6.16,7.84,6.16,6.16,No,0.4,6.9,,https://www.freeiconspng.com/img/1934,
Dominic Canzone,CPT,SEA,Showdown Captain Mode,Sat Aug 08 2026 01:00:00 GMT-0500 (Central Daylight Time),Showdown Captain Mode 8/8 9:50PM (TB @ SEA),9900,43786735,5.52,10.35,0.56,29.7,0.5389133333,0.15699,0.3327272727,0.36408,0.0699,1.0032,,,,,,0.2697,,,https://dkn.gs/sports/images/mlb/players/50/614551.png,n/a,TB @ SEA,Rays @ Mariners,T-Mobile Park,retractable,n/a,8/8/2026,Dominic Canzone,TB,3.02,0.75,12/30/1899,0.17,0.01,0.16,0.36,0.33,0.07,0.27,,,,,6.01,7.77,6.01,6.01,Yes,-0.4,6.9,,https://www.freeiconspng.com/img/1934,
Victor Mesa Jr.,CPT,TB,Showdown Captain Mode,Sat Aug 08 2026 01:00:00 GMT-0500 (Central Daylight Time),Showdown Captain Mode 8/8 9:50PM (TB @ SEA),10500,43786733,5.01,10.31,0.48,31.5,0.5370142857,0.1252333333,0.29805,0.31947,0.1316,1.0638,,,,,,0.2508,,,https://dkn.gs/sports/images/mlb/players/50/459815.png,12/30/1899,n/a,n/a,n/a,n/a,n/a,8/8/2026,Victor Mesa Jr.,SEA,2.44,0.7,12/30/1899,0.13,0.02,0.1,0.32,0.3,0.13,0.25,,,,,5.31,6.86,5.31,5.31,No,0.4,6.9,,https://www.freeiconspng.com/img/1934,
Randy Arozarena,OF,SEA,Showdown Captain Mode,Sat Aug 08 2026 01:00:00 GMT-0500 (Central Daylight Time),Showdown Captain Mode 8/8 9:50PM (TB @ SEA),9000,43786636,6.12,10.3,0.68,27,0.55794,0.12654,0.2778181818,0.3954,0.2083,1.0032,,,,,,0.3401,,,https://dkn.gs/sports/images/mlb/players/50/32441.png,n/a,TB @ SEA,Rays @ Mariners,T-Mobile Park,retractable,n/a,8/8/2026,Randy Arozarena,TB,2.77,0.76,12/30/1899,0.16,0,0.11,0.4,0.28,0.21,0.34,,,,,6.41,8.24,6.41,6.41,Yes,-0.4,6.9,,https://www.freeiconspng.com/img/1934,
Yordan Alvarez,OF,HOU,Classic,Sat Aug 08 2026 01:00:00 GMT-0500 (Central Daylight Time),"Classic 8/8 7:10PM, 9 Games",6700,43784647,7.65,10.14,1.14,20.1,0.6536142857,0.1899730769,0.39555,0.4939714286,0.0566,0.6824,,,,,,0.5135,,,https://dkn.gs/sports/images/mlb/players/50/32018.png,n/a,HOU @ SD,Astros @ Padres,Petco Park,outdoor,n/a,8/8/2026,Yordan Alvarez,SD,4.22,0.8,12/30/1899,0.18,0,0.19,0.49,0.4,0.06,0.51,,,,,7.19,9.5,7.19,7.19,No,0.5,7.8,,https://www.freeiconspng.com/img/1934,
Heliot Ramos,CPT,NYY,Showdown Captain Mode,Sat Aug 08 2026 01:00:00 GMT-0500 (Central Daylight Time),Showdown Captain Mode 8/8 3:05PM (ATL @ NYY),10500,43786359,4.78,10.13,0.46,31.5,0.5500095238,0.113836,0.32005,0.35175,0.08226,1.2021,,,,,,0.2616,,,https://dkn.gs/sports/images/mlb/players/50/112445.png,n/a,ATL @ NYY,Braves @ Yankees,Yankee Stadium,outdoor,n/a,8/8/2026,Heliot Ramos,ATL,2.16,0.7,12/30/1899,0.12,0.01,0.08,0.35,0.32,0.07,0.26,,,,,4.85,6.36,4.85,4.85,No,1.5,7.5,,https://www.freeiconspng.com/img/1934,
Cal Raleigh,CPT,SEA,Showdown Captain Mode,Sat Aug 08 2026 01:00:00 GMT-0500 (Central Daylight Time),Showdown Captain Mode 8/8 9:50PM (TB @ SEA),10200,43786734,4.96,10.09,0.49,30.6,0.4747235294,0.18258,0.32025,0.35094,0.06622,1.6754,,,,,,0.3558,,,https://dkn.gs/sports/images/mlb/players/50/111244.png,n/a,TB @ SEA,Rays @ Mariners,T-Mobile Park,retractable,n/a,8/8/2026,Cal Raleigh,TB,2.62,0.61,12/30/1899,0.12,0,0.16,0.35,0.32,0.07,0.36,,,,,5.38,7.13,5.38,5.38,Yes,-0.4,6.9,,https://www.freeiconspng.com/img/1934,
Matt Olson,1B,ATL,Showdown Captain Mode,Sat Aug 08 2026 01:00:00 GMT-0500 (Central Daylight Time),Showdown Captain Mode 8/8 3:05PM (ATL @ NYY),8800,43786263,5.92,10.02,0.67,26.4,0.56906,0.1671576923,0.3785,0.4332090909,0.04663333333,1.1718,,,,,,0.3908,,,https://dkn.gs/sports/images/mlb/players/50/32624.png,n/a,ATL @ NYY,Braves @ Yankees,Yankee Stadium,outdoor,n/a,8/8/2026,Matt Olson,NYY,3.11,0.69,12/30/1899,0.17,0,0.17,0.43,0.38,0.05,0.39,,,,,6.22,8.25,6.22,6.22,Yes,-1.5,7.5,,https://www.freeiconspng.com/img/1934,
Drake Baldwin,C,ATL,Showdown Captain Mode,Sat Aug 08 2026 01:00:00 GMT-0500 (Central Daylight Time),Showdown Captain Mode 8/8 3:05PM (ATL @ NYY),8400,43786265,6.17,9.98,0.73,25.2,0.6231952381,0.1427846154,0.3393916667,0.4590166667,0.067,0.7151,,,,,,0.3295,,,https://dkn.gs/sports/images/mlb/players/50/686715.png,n/a,ATL @ NYY,Braves @ Yankees,Yankee Stadium,outdoor,n/a,8/8/2026,Drake Baldwin,NYY,3.08,0.81,12/30/1899,0.18,0.03,0.14,0.46,0.34,0.07,0.33,,,,,6.51,8.46,6.51,6.51,Yes,-1.5,7.5,,https://www.freeiconspng.com/img/1934,
Cole Young,CPT,SEA,Showdown Captain Mode,Sat Aug 08 2026 01:00:00 GMT-0500 (Central Daylight Time),Showdown Captain Mode 8/8 9:50PM (TB @ SEA),9300,43786737,5.48,9.96,0.59,27.9,0.5807266667,0.1128,0.26465,0.37785,0.08602,0.7101,,,,,,0.2864,,,https://dkn.gs/sports/images/mlb/players/50/658820.png,n/a,TB @ SEA,Rays @ Mariners,T-Mobile Park,retractable,n/a,8/8/2026,Cole Young,TB,2.68,0.83,12/30/1899,0.16,0.04,0.1,0.38,0.26,0.09,0.29,,,,,5.87,7.49,5.87,5.87,Yes,-0.4,6.9,,https://www.freeiconspng.com/img/1934,
Michael Busch,1B,CHC,Showdown Captain Mode,Sat Aug 08 2026 01:00:00 GMT-0500 (Central Daylight Time),Showdown Captain Mode 8/8 7:10PM (CHC @ KC),8200,43786444,6.29,9.95,0.77,24.6,0.7521909091,0.105696,0.3961916667,0.4896071429,0.0735,0.6599,,,,,,0.434,,,https://dkn.gs/sports/images/mlb/players/50/459806.png,n/a,CHC @ KC,Cubs @ Royals,Kauffman Stadium,outdoor,n/a,8/8/2026,Michael Busch,KC,2.82,0.9,12/30/1899,0.23,0.04,0.1,0.49,0.4,0.07,0.43,,,,,6.96,9.12,6.96,6.96,Yes,-1.5,9.5,,https://www.freeiconspng.com/img/1934,
Ben Rice,1B,NYY,Showdown Captain Mode,Sat Aug 08 2026 01:00:00 GMT-0500 (Central Daylight Time),Showdown Captain Mode 8/8 3:05PM (ATL @ NYY),9800,43786261,5.07,9.94,0.52,29.4,0.537405,0.119128,0.2969166667,0.37461,0.0792,1.2516,,,,,,0.3085,,,https://dkn.gs/sports/images/mlb/players/50/700964.png,n/a,ATL @ NYY,Braves @ Yankees,Yankee Stadium,outdoor,n/a,8/8/2026,Ben Rice,ATL,2.17,0.69,12/30/1899,0.1,0.02,0.08,0.37,0.3,0.07,0.31,,,,,4.97,6.53,4.97,4.97,No,1.5,7.5,,https://www.freeiconspng.com/img/1934,
Michael Massey,CPT,KC,Showdown Captain Mode,Sat Aug 08 2026 01:00:00 GMT-0500 (Central Daylight Time),Showdown Captain Mode 8/8 7:10PM (CHC @ KC),10200,43786547,4.77,9.94,0.47,30.6,0.58798,0.07173333333,0.2978333333,0.3477,0.07298,0.5,,,,,,0.2458,,,https://dkn.gs/sports/images/mlb/players/50/585891.png,12/30/1899,n/a,n/a,n/a,n/a,n/a,8/8/2026,Michael Massey,CHC,2.28,0.78,12/30/1899,0.14,0.03,0.05,0.35,0.3,0.07,0.25,,,,,4.99,6.44,4.99,4.99,No,1.5,9.5,,https://www.freeiconspng.com/img/1934,
Liam Hicks,1B/C,TB,Showdown Captain Mode,Sat Aug 08 2026 01:00:00 GMT-0500 (Central Daylight Time),Showdown Captain Mode 8/8 9:50PM (TB @ SEA),8400,43786638,6.12,9.94,0.73,25.2,0.5880333333,0.1033,0.2958454545,0.33492,0.06288,0.5,,,,,,0.2869,,,https://dkn.gs/sports/images/mlb/players/50/779864.png,n/a,TB @ SEA,Rays @ Mariners,T-Mobile Park,retractable,n/a,8/8/2026,Liam Hicks,SEA,3.17,0.82,12/30/1899,0.17,0.04,0.1,0.33,0.3,0.06,0.29,,,,,5.9,7.52,5.9,5.9,No,0.4,6.9,,https://www.freeiconspng.com/img/1934,
Taylor Ward,CPT,SEA,Showdown Captain Mode,Sat Aug 08 2026 01:00:00 GMT-0500 (Central Daylight Time),Showdown Captain Mode 8/8 9:50PM (TB @ SEA),11100,43786731,4.04,9.89,0.36,33.3,0.47145,0.11052,0.2542727273,0.33717,0.0793,0.6997,,,,,,0.4422,,,https://dkn.gs/sports/images/mlb/players/50/32224.png,n/a,TB @ SEA,Rays @ Mariners,T-Mobile Park,retractable,n/a,8/8/2026,Taylor Ward,TB,2.38,0.64,12/30/1899,0.11,0,0.08,0.34,0.25,0.08,0.44,,,,,4.98,6.57,4.98,4.98,Yes,-0.4,6.9,,https://www.freeiconspng.com/img/1934,
Julio Rodriguez,OF,SEA,Showdown Captain Mode,Sat Aug 08 2026 01:00:00 GMT-0500 (Central Daylight Time),Showdown Captain Mode 8/8 9:50PM (TB @ SEA),8200,43786639,5.94,9.67,0.72,24.6,,,,,,,,,,,,,,,https://dkn.gs/sports/images/mlb/players/50/111251.png,n/a,TB @ SEA,Rays @ Mariners,T-Mobile Park,retractable,n/a,8/8/2026,Julio Rodriguez,TB,2.6,0.8,12/30/1899,0.15,0.02,0.11,0.37,0.33,0.19,0.25,,,,,6.28,8.05,6.28,6.28,Yes,-0.4,6.9,,https://www.freeiconspng.com/img/1934,
Carter Jensen,C,KC,Showdown Captain Mode,Sat Aug 08 2026 01:00:00 GMT-0500 (Central Daylight Time),Showdown Captain Mode 8/8 7:10PM (CHC @ KC),8600,43786442,5.62,9.65,0.65,25.8,0.605215,0.101156,0.3154333333,0.455625,0.07282,1.1718,,,,,,0.3919,,,https://dkn.gs/sports/images/mlb/players/50/582186.png,n/a,CHC @ KC,Cubs @ Royals,Kauffman Stadium,outdoor,n/a,8/8/2026,Carter Jensen,CHC,2.7,0.79,12/30/1899,0.18,0.03,0.09,0.46,0.32,0.07,0.39,,,,,6.07,7.94,6.07,6.07,No,1.5,9.5,,https://www.freeiconspng.com/img/1934,
Cedric Mullins,CPT,TB,Showdown Captain Mode,Sat Aug 08 2026 01:00:00 GMT-0500 (Central Daylight Time),Showdown Captain Mode 8/8 9:50PM (TB @ SEA),9600,43786736,4.83,9.62,0.5,28.8,0.4828933333,0.12807,0.2943,0.31758,0.205,0.80245,,,,,,0.2283,,,https://dkn.gs/sports/images/mlb/players/50/31429.png,n/a,TB @ SEA,Rays @ Mariners,T-Mobile Park,retractable,n/a,8/8/2026,Cedric Mullins,SEA,2.16,0.68,12/30/1899,0.1,0.02,0.09,0.32,0.29,0.18,0.23,,,,,5.21,6.74,5.21,5.21,No,0.4,6.9,,https://www.freeiconspng.com/img/1934,
Alex Bregman,3B,CHC,Showdown Captain Mode,Sat Aug 08 2026 01:00:00 GMT-0500 (Central Daylight Time),Showdown Captain Mode 8/8 7:10PM (CHC @ KC),8000,43786445,6.01,9.61,0.75,24,0.8675666667,0.094984,0.4057416667,0.4797,0.06553333333,0.558575,,,,,,0.3561,,,https://dkn.gs/sports/images/mlb/players/50/31992.png,n/a,CHC @ KC,Cubs @ Royals,Kauffman Stadium,outdoor,n/a,8/8/2026,Alex Bregman,KC,2.72,0.89,12/30/1899,0.21,0.03,0.08,0.48,0.41,0.07,0.36,,,,,6.51,8.52,6.51,6.51,Yes,-1.5,9.5,,https://www.freeiconspng.com/img/1934,
Jonathan Aranda,1B,TB,Showdown Captain Mode,Sat Aug 08 2026 01:00:00 GMT-0500 (Central Daylight Time),Showdown Captain Mode 8/8 9:50PM (TB @ SEA),8000,43786640,5.95,9.56,0.74,24,0.62418125,0.13434,0.2954545455,0.39831,0.05496666667,1.1406,,,,,,0.2785,,,https://dkn.gs/sports/images/mlb/players/50/587702.png,n/a,TB @ SEA,Rays @ Mariners,T-Mobile Park,retractable,n/a,8/8/2026,Jonathan Aranda,SEA,3,0.84,12/30/1899,0.19,0.01,0.13,0.4,0.3,0.05,0.28,,,,,6.12,7.85,6.12,6.12,No,0.4,6.9,,https://www.freeiconspng.com/img/1934,
Austin Riley,CPT,ATL,Showdown Captain Mode,Sat Aug 08 2026 01:00:00 GMT-0500 (Central Daylight Time),Showdown Captain Mode 8/8 3:05PM (ATL @ NYY),9900,43786361,4.45,9.5,0.45,29.7,0.5316533333,0.16239,0.3097272727,0.36444,0.0841,1.0086,,,,,,0.2687,,,https://dkn.gs/sports/images/mlb/players/50/32260.png,n/a,ATL @ NYY,Braves @ Yankees,Yankee Stadium,outdoor,n/a,8/8/2026,Austin Riley,NYY,2.28,0.72,12/30/1899,0.12,0,0.12,0.36,0.31,0.08,0.27,,,,,5.21,6.82,5.21,5.21,Yes,-1.5,7.5,,https://www.freeiconspng.com/img/1934,
Ian Happ,OF,CHC,Showdown Captain Mode,Sat Aug 08 2026 01:00:00 GMT-0500 (Central Daylight Time),Showdown Captain Mode 8/8 7:10PM (CHC @ KC),7600,43786446,6.1,9.44,0.8,22.8,0.6259285714,0.10564,0.3797833333,0.4825615385,0.08604,0.9741,,,,,,0.4718,,,https://dkn.gs/sports/images/mlb/players/50/32388.png,n/a,CHC @ KC,Cubs @ Royals,Kauffman Stadium,outdoor,n/a,8/8/2026,Ian Happ,KC,2.74,0.8,12/30/1899,0.19,0.03,0.09,0.48,0.38,0.09,0.47,,,,,6.59,8.72,6.59,6.59,Yes,-1.5,9.5,,https://www.freeiconspng.com/img/1934,
Jac Caglianone,1B/OF,KC,Showdown Captain Mode,Sat Aug 08 2026 01:00:00 GMT-0500 (Central Daylight Time),Showdown Captain Mode 8/8 7:10PM (CHC @ KC),8400,43786443,5.44,9.39,0.65,25.2,0.6495333333,0.10508,0.3647666667,0.39795,0.08318,1.0491,,,,,,0.2716,,,https://dkn.gs/sports/images/mlb/players/50/806141.png,n/a,CHC @ KC,Cubs @ Royals,Kauffman Stadium,outdoor,n/a,8/8/2026,Jac Caglianone,CHC,2.45,0.83,12/30/1899,0.16,0.03,0.08,0.4,0.36,0.08,0.27,,,,,5.81,7.55,5.81,5.81,No,1.5,9.5,,https://www.freeiconspng.com/img/1934,
Jose Ramirez,3B,CLE,Classic,Sat Aug 08 2026 01:00:00 GMT-0500 (Central Daylight Time),"Classic 8/8 7:10PM, 9 Games",5200,43784667,7.77,9.34,1.49,15.6,,,,,,,,,,,,,,,https://dkn.gs/sports/images/mlb/players/50/31721.png,n/a,CLE @ CWS,Guardians @ White Sox,Rate Field,outdoor,FOX,8/8/2026,Jose Ramirez,CWS,3.44,0.87,12/30/1899,0.22,0.03,0.11,0.46,0.36,0.25,0.39,,,,,7.64,9.84,7.64,7.64,Yes,-1.5,7.5,,https://www.freeiconspng.com/img/1934,
Elly De La Cruz,SS,CIN,Turbo,Sat Aug 08 2026 01:00:00 GMT-0500 (Central Daylight Time),"Turbo 8/8 6:05PM, 3 Games",6100,43784334,6.97,9.24,1.14,18.3,0.7492636364,0.1066714286,0.3611916667,0.5090928571,0.3151,1.2876,,,,,,0.4477,,,https://dkn.gs/sports/images/mlb/players/50/587678.png,n/a,CIN @ WSH,Reds @ Nationals,Nationals Park,outdoor,n/a,8/8/2026,Elly De La Cruz,WSH,1.89,0.87,12/30/1899,0.12,0.03,0.06,0.51,0.36,0.24,0.45,,,,,6.78,8.89,6.78,6.78,Yes,-1.5,8.5,,https://www.freeiconspng.com/img/1934,
Josh Naylor,CPT,SEA,Showdown Captain Mode,Sat Aug 08 2026 01:00:00 GMT-0500 (Central Daylight Time),Showdown Captain Mode 8/8 9:50PM (TB @ SEA),8400,43786740,5.11,9.13,0.61,25.2,0.5451357143,0.1043,0.2907,0.33198,0.1558,0.57445,,,,,,0.2602,,,https://dkn.gs/sports/images/mlb/players/50/32551.png,n/a,TB @ SEA,Rays @ Mariners,T-Mobile Park,retractable,n/a,8/8/2026,Josh Naylor,TB,2.65,0.74,12/30/1899,0.15,0,0.09,0.33,0.29,0.16,0.26,,,,,5.58,7.16,5.58,5.58,Yes,-0.4,6.9,,https://www.freeiconspng.com/img/1934,
John Rave,CPT,KC,Showdown Captain Mode,Sat Aug 08 2026 01:00:00 GMT-0500 (Central Daylight Time),Showdown Captain Mode 8/8 7:10PM (CHC @ KC),9600,43786548,4.08,9.02,0.43,28.8,0.48152,0.06549166667,0.2575166667,0.3102,0.10040625,0.6503,,,,,,0.2832,,,https://dkn.gs/sports/images/mlb/players/50/637620.png,n/a,CHC @ KC,Cubs @ Royals,Kauffman Stadium,outdoor,n/a,8/8/2026,John Rave,CHC,2.02,0.64,12/30/1899,0.09,0.03,0.04,0.31,0.26,0.08,0.28,,,,,4.33,5.66,4.33,4.33,No,1.5,9.5,,https://www.freeiconspng.com/img/1934,
Junior Caminero,3B,TB,Classic,Sat Aug 08 2026 01:00:00 GMT-0500 (Central Daylight Time),"Classic 8/8 7:10PM, 9 Games",6200,43784651,6.59,8.99,1.06,18.6,0.6503625,0.2027363636,0.3716090909,0.4132727273,0.0749,1.1235,,,,,,0.2546,,,https://dkn.gs/sports/images/mlb/players/50/645259.png,n/a,TB @ SEA,Rays @ Mariners,T-Mobile Park,retractable,n/a,8/8/2026,Junior Caminero,SEA,3.61,0.86,12/30/1899,0.18,0,0.2,0.41,0.37,0.07,0.25,,,,,6.8,8.77,6.8,6.8,No,0.4,6.9,,https://www.freeiconspng.com/img/1934,
Fernando Tatis Jr.,OF,SD,Classic,Sat Aug 08 2026 01:00:00 GMT-0500 (Central Daylight Time),"Classic 8/8 7:10PM, 9 Games",6100,43784652,6.67,8.99,1.09,18.3,0.6800727273,0.1224884615,0.343425,0.4752,0.1823,0.6904,,,,,,0.3728,,,https://dkn.gs/sports/images/mlb/players/50/32568.png,12/30/1899,n/a,n/a,n/a,n/a,n/a,8/8/2026,Fernando Tatis Jr.,HOU,2.61,0.85,12/30/1899,0.16,0.03,0.1,0.48,0.34,0.18,0.37,,,,,6.89,8.93,6.89,6.89,Yes,-0.5,7.8,,https://www.freeiconspng.com/img/1934,
Junior Caminero,3B,TB,Night,Sat Aug 08 2026 01:00:00 GMT-0500 (Central Daylight Time),"Night 8/8 8:10PM, 2 Games",6200,43788786,6.59,8.99,1.06,18.6,0.6503625,0.2027363636,0.3716090909,0.4132727273,0.0749,1.1235,,,,,,0.2546,,,https://dkn.gs/sports/images/mlb/players/50/645259.png,n/a,TB @ SEA,Rays @ Mariners,T-Mobile Park,retractable,n/a,8/8/2026,Junior Caminero,SEA,3.61,0.86,12/30/1899,0.18,0,0.2,0.41,0.37,0.07,0.25,,,,,6.8,8.77,6.8,6.8,No,0.4,6.9,,https://www.freeiconspng.com/img/1934,
Salvador Perez,CPT,KC,Showdown Captain Mode,Sat Aug 08 2026 01:00:00 GMT-0500 (Central Daylight Time),Showdown Captain Mode 8/8 7:10PM (CHC @ KC),8700,43786550,4.7,8.98,0.54,26.1,0.613995,0.101764,0.3555416667,0.37236,,0.6255,,,,,,0.2559,,,https://dkn.gs/sports/images/mlb/players/50/32058.png,n/a,CHC @ KC,Cubs @ Royals,Kauffman Stadium,outdoor,n/a,8/8/2026,Salvador Perez,CHC,2.41,0.77,12/30/1899,0.15,0,0.08,0.37,0.36,0,0.26,,,,,4.93,6.47,4.93,4.93,No,1.5,9.5,,https://www.freeiconspng.com/img/1934,
Bryce Harper,1B/OF,PHI,Turbo,Sat Aug 08 2026 01:00:00 GMT-0500 (Central Daylight Time),"Turbo 8/8 6:05PM, 3 Games",5600,43784336,7.01,8.97,1.25,16.8,0.863295,0.1696153846,0.4335461538,0.53175,0.1065,0.6403,,,,,,0.4362,,,https://dkn.gs/sports/images/mlb/players/50/31937.png,n/a,TOR @ PHI,Blue Jays @ Phillies,Citizens Bank Park,outdoor,NBCS-PH,8/8/2026,Bryce Harper,TOR,3.62,0.89,12/30/1899,0.21,0.03,0.17,0.53,0.43,0.11,0.44,,,,,7.74,10.15,7.74,7.74,Yes,-1.5,9.5,,https://www.freeiconspng.com/img/1934,
Nico Hoerner,2B,CHC,Showdown Captain Mode,Sat Aug 08 2026 01:00:00 GMT-0500 (Central Daylight Time),Showdown Captain Mode 8/8 7:10PM (CHC @ KC),7200,43786447,5.8,8.96,0.81,21.6,0.9425952381,0.05497083333,0.366875,0.4290909091,0.1485466667,0.4049,,,,,,0.2607,,,https://dkn.gs/sports/images/mlb/players/50/32405.png,n/a,CHC @ KC,Cubs @ Royals,Kauffman Stadium,outdoor,n/a,8/8/2026,Nico Hoerner,KC,2.38,0.94,12/30/1899,0.18,0.03,0.04,0.43,0.37,0.15,0.26,,,,,6.21,7.98,6.21,6.21,Yes,-1.5,9.5,,https://www.freeiconspng.com/img/1934,
Bobby Witt Jr.,SS,KC,Classic,Sat Aug 08 2026 01:00:00 GMT-0500 (Central Daylight Time),"Classic 8/8 7:10PM, 9 Games",5700,43784653,6.89,8.93,1.21,17.1,0.87415,0.112268,0.3614666667,0.4743461538,0.2237333333,0.6454,,,,,,0.3027,,,https://dkn.gs/sports/images/mlb/players/50/459801.png,12/30/1899,n/a,n/a,n/a,n/a,n/a,8/8/2026,,,,,,,,,,,,,,,,,,,,,,,,,,
Brice Turang,2B,MIL,Classic,Sat Aug 08 2026 01:00:00 GMT-0500 (Central Daylight Time),"Classic 8/8 7:10PM, 9 Games",5300,43784664,7.1,8.86,1.34,15.9,0.60246,0.107875,0.3170833333,0.4812692308,0.1892727273,1.0344,,,,,,0.4527,,,https://dkn.gs/sports/images/mlb/players/50/110972.png,n/a,MIN @ MIL,Twins @ Brewers,American Family Field,retractable,n/a,8/8/2026,Brice Turang,MIN,3.39,0.82,12/30/1899,0.19,0.05,0.11,0.48,0.32,0.19,0.45,,,,,7.26,9.4,7.26,7.26,Yes,-1.5,7.9,,https://www.freeiconspng.com/img/1934,
Seiya Suzuki,OF,CHC,Classic,Sat Aug 08 2026 01:00:00 GMT-0500 (Central Daylight Time),"Classic 8/8 7:10PM, 9 Games",5400,43784660,7.02,8.85,1.3,16.2,0.90719,0.122084,0.4023923077,0.5155615385,0.0874,0.8173,,,,,,0.4097,,,https://dkn.gs/sports/images/mlb/players/50/112834.png,n/a,CHC @ KC,Cubs @ Royals,Kauffman Stadium,outdoor,n/a,8/8/2026,Seiya Suzuki,KC,2.91,0.93,12/30/1899,0.25,0.04,0.12,0.52,0.4,0.09,0.41,,,,,7.36,9.6,7.36,7.36,Yes,-1.5,9.5,,https://www.freeiconspng.com/img/1934,
Willson Contreras,1B,BOS,Early,Sat Aug 08 2026 01:00:00 GMT-0500 (Central Daylight Time),"Early 8/8 3:05PM, 3 Games",5400,43784050,6.97,8.82,1.29,16.2,0.8671142857,0.189788,0.4747153846,0.54882,0.0906,0.9465,,,,,,0.4414,,,https://dkn.gs/sports/images/mlb/players/50/32385.png,n/a,ATH @ BOS,Athletics @ Red Sox,Fenway Park,outdoor,NBCS-CA,8/8/2026,Willson Contreras,ATH,3.52,0.93,12/30/1899,0.23,0.03,0.19,0.55,0.47,0.09,0.44,,,,,8.12,10.66,8.12,8.12,Yes,-1.6,9.1,,https://www.freeiconspng.com/img/1934,
Freddie Freeman,1B,LAD,Classic,Sat Aug 08 2026 01:00:00 GMT-0500 (Central Daylight Time),"Classic 8/8 7:10PM, 9 Games",5500,43784658,6.84,8.77,1.24,16.5,0.8531777778,0.097056,0.38365,0.4624615385,0.07408,0.5,,,,,,0.3591,,,https://dkn.gs/sports/images/mlb/players/50/32190.png,n/a,LAD @ AZ,Dodgers @ D'Backs,Chase Field,retractable,n/a,8/8/2026,Freddie Freeman,ARI,3.2,0.91,12/30/1899,0.24,0.03,0.1,0.46,0.38,0.07,0.36,,,,,6.84,8.87,6.84,6.84,Yes,-1.5,8.4,,https://www.freeiconspng.com/img/1934,
Freddie Freeman,1B,LAD,Night,Sat Aug 08 2026 01:00:00 GMT-0500 (Central Daylight Time),"Night 8/8 8:10PM, 2 Games",5500,43788603,6.84,8.77,1.24,16.5,0.8531777778,0.097056,0.38365,0.4624615385,0.07408,0.5,,,,,,0.3591,,,https://dkn.gs/sports/images/mlb/players/50/32190.png,n/a,LAD @ AZ,Dodgers @ D'Backs,Chase Field,retractable,n/a,8/8/2026,Freddie Freeman,ARI,3.2,0.91,12/30/1899,0.24,0.03,0.1,0.46,0.38,0.07,0.36,,,,,6.84,8.87,6.84,6.84,Yes,-1.5,8.4,,https://www.freeiconspng.com/img/1934,
Brendan Donovan,CPT,SEA,Showdown Captain Mode,Sat Aug 08 2026 01:00:00 GMT-0500 (Central Daylight Time),Showdown Captain Mode 8/8 9:50PM (TB @ SEA),8100,43786741,4.76,8.67,0.59,24.3,0.5206142857,0.0918,0.2643,0.30189,0.0742,0.5816,,,,,,0.2481,,,https://dkn.gs/sports/images/mlb/players/50/595465.png,n/a,TB @ SEA,Rays @ Mariners,T-Mobile Park,retractable,n/a,8/8/2026,Brendan Donovan,TB,2.52,0.71,12/30/1899,0.14,0.01,0.07,0.3,0.26,0.07,0.25,,,,,4.82,6.2,4.82,4.82,Yes,-0.4,6.9,,https://www.freeiconspng.com/img/1934,
Ronald Acuna Jr.,OF,ATL,Early,Sat Aug 08 2026 01:00:00 GMT-0500 (Central Daylight Time),"Early 8/8 3:05PM, 3 Games",5700,43784048,6.55,8.66,1.15,17.1,,,,,,,,,,,,,,,https://dkn.gs/sports/images/mlb/players/50/32266.png,n/a,ATL @ NYY,Braves @ Yankees,Yankee Stadium,outdoor,n/a,8/8/2026,,,,,,,,,,,,,,,,,,,,,,,,,,
Max Muncy,3B,LAD,Classic,Sat Aug 08 2026 01:00:00 GMT-0500 (Central Daylight Time),"Classic 8/8 7:10PM, 9 Games",5400,43784662,6.77,8.66,1.25,16.2,0.6426961538,0.13136,0.409775,0.461125,0.06166,0.6753,,,,,,0.4225,,,https://dkn.gs/sports/images/mlb/players/50/32690.png,n/a,ATH @ BOS,Athletics @ Red Sox,Fenway Park,outdoor,NBCS-CA,8/8/2026,Max Muncy,ARI,3.15,0.82,12/30/1899,0.21,0.04,0.13,0.46,0.41,0.06,0.42,,,,,6.86,9.01,6.86,6.86,Yes,-1.5,8.4,,https://www.freeiconspng.com/img/1934,
Max Muncy,3B,LAD,Night,Sat Aug 08 2026 01:00:00 GMT-0500 (Central Daylight Time),"Night 8/8 8:10PM, 2 Games",5400,43788611,6.77,8.66,1.25,16.2,0.6426961538,0.13136,0.409775,0.461125,0.06166,0.6753,,,,,,0.4225,,,https://dkn.gs/sports/images/mlb/players/50/32690.png,n/a,ATH @ BOS,Athletics @ Red Sox,Fenway Park,outdoor,NBCS-CA,8/8/2026,Max Muncy,ARI,3.15,0.82,12/30/1899,0.21,0.04,0.13,0.46,0.41,0.06,0.42,,,,,6.86,9.01,6.86,6.86,Yes,-1.5,8.4,,https://www.freeiconspng.com/img/1934,
Michael Harris II,OF,ATL,Showdown Captain Mode,Sat Aug 08 2026 01:00:00 GMT-0500 (Central Daylight Time),Showdown Captain Mode 8/8 3:05PM (ATL @ NYY),7600,43786268,5.12,8.65,0.67,22.8,0.6349952381,0.1287769231,0.3688833333,0.39984,0.1128,0.7151,,,,,,,,,https://dkn.gs/sports/images/mlb/players/50/459716.png,12/30/1899,n/a,n/a,n/a,n/a,n/a,8/8/2026,,,,,,,,,,,,,,,,,,,,,,,,,,
Brandon Lowe,2B,PIT,Turbo,Sat Aug 08 2026 01:00:00 GMT-0500 (Central Daylight Time),"Turbo 8/8 6:05PM, 3 Games",5700,43784335,6.51,8.63,1.14,17.1,0.6356809524,0.1491730769,0.3838166667,0.49555,0.0872,1.095,,,,,,0.4188,,,https://dkn.gs/sports/images/mlb/players/50/31753.png,n/a,NYM @ PIT,Mets @ Pirates,PNC Park,outdoor,n/a,8/8/2026,Brandon Lowe,NYM,3.44,0.81,12/30/1899,0.21,0.02,0.15,0.5,0.38,0.09,0.42,,,,,7,9.2,7,7,Yes,-1.5,8.9,,https://www.freeiconspng.com/img/1934,
Jackson Chourio,OF,MIL,Classic,Sat Aug 08 2026 01:00:00 GMT-0500 (Central Daylight Time),"Classic 8/8 7:10PM, 9 Games",5500,43784656,6.67,8.63,1.21,16.5,0.6796772727,0.1431,0.3769583333,0.4756615385,0.1365166667,0.7101,,,,,,0.3196,,,https://dkn.gs/sports/images/mlb/players/50/626080.png,n/a,MIN @ MIL,Twins @ Brewers,American Family Field,retractable,n/a,8/8/2026,Jackson Chourio,MIN,3.53,0.88,12/30/1899,0.21,0.04,0.14,0.48,0.38,0.14,0.32,,,,,7.26,9.39,7.26,7.26,Yes,-1.5,7.9,,https://www.freeiconspng.com/img/1934,
Hunter Goodman,C,COL,Classic,Sat Aug 08 2026 01:00:00 GMT-0500 (Central Daylight Time),"Classic 8/8 7:10PM, 9 Games",5600,43784654,6.57,8.61,1.17,16.8,0.5903071429,0.20925,0.40848,0.4272727273,0.0941,1.3044,,,,,,0.2885,,,https://dkn.gs/sports/images/mlb/players/50/582202.png,n/a,COL @ STL,Rockies @ Cardinals,Busch Stadium,outdoor,n/a,8/8/2026,Hunter Goodman,STL,2.96,0.84,12/30/1899,0.19,0.04,0.21,0.43,0.41,0.09,0.29,,,,,7.24,9.39,7.24,7.24,No,1.5,8.5,,https://www.freeiconspng.com/img/1934,
Kevin McGonigle,3B/SS,DET,Classic,Sat Aug 08 2026 01:00:00 GMT-0500 (Central Daylight Time),"Classic 8/8 7:10PM, 9 Games",5000,43784675,6.99,8.59,1.4,15,0.6730142857,0.077975,0.3131416667,0.4838538462,0.1214,0.5902,,,,,,0.5235,,,https://dkn.gs/sports/images/mlb/players/50/721210.png,n/a,DET @ SF,Tigers @ Giants,Oracle Park,outdoor,FOX,8/8/2026,Kevin McGonigle,SF,3.45,0.86,12/30/1899,0.22,0.04,0.08,0.48,0.31,0.12,0.52,,,,,7.03,9.15,7.03,7.03,Yes,-1.5,8.1,,https://www.freeiconspng.com/img/1934,
Dansby Swanson,SS,CHC,Showdown Captain Mode,Sat Aug 08 2026 01:00:00 GMT-0500 (Central Daylight Time),Showdown Captain Mode 8/8 7:10PM (CHC @ KC),7000,43786448,5.49,8.59,0.78,21,0.6413952381,0.108116,0.38685,0.44395,0.1100933333,0.5745,,,,,,0.3154,,,https://dkn.gs/sports/images/mlb/players/50/32252.png,n/a,CHC @ KC,Cubs @ Royals,Kauffman Stadium,outdoor,n/a,8/8/2026,Dansby Swanson,KC,2.47,0.84,12/30/1899,0.17,0.03,0.09,0.44,0.39,0.11,0.32,,,,,6.2,8.1,6.2,6.2,Yes,-1.5,9.5,,https://www.freeiconspng.com/img/1934,
Dillon Dingler,C,DET,Classic,Sat Aug 08 2026 01:00:00 GMT-0500 (Central Daylight Time),"Classic 8/8 7:10PM, 9 Games",5500,43784657,6.59,8.57,1.2,16.5,0.6792727273,0.08310833333,0.3527916667,0.4075454545,0.0663,0.86745,,,,,,0.3285,,,https://dkn.gs/sports/images/mlb/players/50/495656.png,n/a,DET @ SF,Tigers @ Giants,Oracle Park,outdoor,FOX,8/8/2026,Dillon Dingler,SF,3.07,0.84,12/30/1899,0.21,0.03,0.08,0.41,0.35,0.07,0.33,,,,,6.21,8.03,6.21,6.21,Yes,-1.5,8.1,,https://www.freeiconspng.com/img/1934,
Kyle Schwarber,OF,PHI,Turbo,Sat Aug 08 2026 01:00:00 GMT-0500 (Central Daylight Time),"Turbo 8/8 6:05PM, 3 Games",6300,43784333,5.96,8.55,0.95,18.9,0.59296,0.2158153846,0.422975,0.57477,0.07646,1.5648,,,,,,0.4979,,,https://dkn.gs/sports/images/mlb/players/50/32377.png,n/a,TOR @ PHI,Blue Jays @ Phillies,Citizens Bank Park,outdoor,NBCS-PH,8/8/2026,Kyle Schwarber,TOR,1.61,0.75,12/30/1899,0.09,0.01,0.1,0.57,0.42,0.05,0.5,,,,,5.76,7.93,5.76,5.76,Yes,-1.5,9.5,,https://www.freeiconspng.com/img/1934,
Jeremy Pena,SS,HOU,Classic,Sat Aug 08 2026 01:00:00 GMT-0500 (Central Daylight Time),"Classic 8/8 7:10PM, 9 Games",5200,43784668,6.72,8.5,1.29,15.6,,,,,,,,,,,,,,,https://dkn.gs/sports/images/mlb/players/50/459794.png,n/a,HOU @ SD,Astros @ Padres,Petco Park,outdoor,n/a,8/8/2026,Jeremy Pena,SD,3.6,0.83,12/30/1899,0.18,0.02,0.09,0.44,0.28,0.12,0.3,,,,,6.22,7.96,6.22,6.22,No,0.5,7.8,,https://www.freeiconspng.com/img/1934,
Ozzie Albies,2B,ATL,Showdown Captain Mode,Sat Aug 08 2026 01:00:00 GMT-0500 (Central Daylight Time),Showdown Captain Mode 8/8 3:05PM (ATL @ NYY),7400,43786269,5.04,8.47,0.68,22.2,0.5481904762,0.10744,0.3111,0.3594,0.0877,0.67,,,,,,0.2888,,,https://dkn.gs/sports/images/mlb/players/50/32255.png,n/a,ATL @ NYY,Braves @ Yankees,Yankee Stadium,outdoor,n/a,8/8/2026,Ozzie Albies,NYY,2.33,0.69,12/30/1899,0.12,0.01,0.08,0.36,0.31,0.08,0.29,,,,,5.05,6.62,5.05,5.05,Yes,-1.5,7.5,,https://www.freeiconspng.com/img/1934,
CJ Abrams,SS,WSH,Turbo,Sat Aug 08 2026 01:00:00 GMT-0500 (Central Daylight Time),"Turbo 8/8 6:05PM, 3 Games",6700,43784332,5.45,8.38,0.81,20.1,0.6128952381,0.1382384615,0.3516,0.4717615385,0.2597,1.095,,,,,,0.3457,,,https://dkn.gs/sports/images/mlb/players/50/459703.png,n/a,CIN @ WSH,Reds @ Nationals,Nationals Park,outdoor,n/a,8/8/2026,CJ Abrams,CINWAS,1.55,0.8,12/30/1899,0.09,0.02,0.06,0.47,0.35,0.15,0.35,,,,,5.58,7.41,5.58,5.58,No,1.5,8.5,,https://www.freeiconspng.com/img/1934,
Chandler Simpson,OF,TB,Showdown Captain Mode,Sat Aug 08 2026 01:00:00 GMT-0500 (Central Daylight Time),Showdown Captain Mode 8/8 9:50PM (TB @ SEA),7800,43786641,4.62,8.37,0.59,23.4,0.7021,0.0561,0.2525181818,0.30558,0.2989,0.4255,,,,,,0.1701,,,https://dkn.gs/sports/images/mlb/players/50/703621.png,12/30/1899,n/a,n/a,n/a,n/a,n/a,8/8/2026,Chandler Simpson,SEA,2.16,0.86,12/30/1899,0.1,0.03,0.04,0.31,0.25,0.26,0.17,,,,,5.71,7.09,5.71,5.71,No,0.4,6.9,,https://www.freeiconspng.com/img/1934,
Dominic Canzone,OF,SEA,Showdown Captain Mode,Sat Aug 08 2026 01:00:00 GMT-0500 (Central Daylight Time),Showdown Captain Mode 8/8 9:50PM (TB @ SEA),6600,43786646,5.52,8.37,0.84,19.8,0.5389133333,0.15699,0.3327272727,0.36408,0.0699,1.0032,,,,,,0.2697,,,https://dkn.gs/sports/images/mlb/players/50/614551.png,n/a,TB @ SEA,Rays @ Mariners,T-Mobile Park,retractable,n/a,8/8/2026,Dominic Canzone,TB,3.02,0.75,12/30/1899,0.17,0.01,0.16,0.36,0.33,0.07,0.27,,,,,6.01,7.77,6.01,6.01,Yes,-0.4,6.9,,https://www.freeiconspng.com/img/1934,
Andy Pages,OF,LAD,Classic,Sat Aug 08 2026 01:00:00 GMT-0500 (Central Daylight Time),"Classic 8/8 7:10PM, 9 Games",4800,43784683,6.82,8.34,1.42,14.4,0.7846037037,0.103724,0.3570666667,0.4773923077,0.1062,0.78735,,,,,,0.3021,,,https://dkn.gs/sports/images/mlb/players/50/459808.png,n/a,LAD @ AZ,Dodgers @ D'Backs,Chase Field,retractable,n/a,8/8/2026,Andy Pages,ARI,3.2,0.88,12/30/1899,0.23,0.03,0.1,0.48,0.36,0.11,0.3,,,,,6.78,8.76,6.78,6.78,Yes,-1.5,8.4,,https://www.freeiconspng.com/img/1934,
Andy Pages,OF,LAD,Night,Sat Aug 08 2026 01:00:00 GMT-0500 (Central Daylight Time),"Night 8/8 8:10PM, 2 Games",4800,43788729,6.82,8.34,1.42,14.4,0.7846037037,0.103724,0.3570666667,0.4773923077,0.1062,0.78735,,,,,,0.3021,,,https://dkn.gs/sports/images/mlb/players/50/459808.png,n/a,LAD @ AZ,Dodgers @ D'Backs,Chase Field,retractable,n/a,8/8/2026,Andy Pages,ARI,3.2,0.88,12/30/1899,0.23,0.03,0.1,0.48,0.36,0.11,0.3,,,,,6.78,8.76,6.78,6.78,Yes,-1.5,8.4,,https://www.freeiconspng.com/img/1934,
Mike Trout,OF,LAA,Early,Sat Aug 08 2026 01:00:00 GMT-0500 (Central Daylight Time),"Early 8/8 3:05PM, 3 Games",5500,43784049,6.14,8.21,1.12,16.5,0.594255,0.10988,0.3070333333,0.4104545455,0.1016,1.6512,,,,,,0.3794,,,https://dkn.gs/sports/images/mlb/players/50/32165.png,n/a,LAA @ MIA,Angels @ Marlins,loanDepot park,retractable,Fox Sports 1,8/8/2026,Mike Trout,MIA,3.19,0.77,12/30/1899,0.19,0.02,0.11,0.41,0.31,0.1,0.38,,,,,6.25,8.11,6.25,6.25,No,1.5,7.5,,https://www.freeiconspng.com/img/1934,
Victor Mesa Jr.,OF,TB,Showdown Captain Mode,Sat Aug 08 2026 01:00:00 GMT-0500 (Central Daylight Time),Showdown Captain Mode 8/8 9:50PM (TB @ SEA),7000,43786644,5.01,8.21,0.72,21,0.5370142857,0.1252333333,0.29805,0.31947,0.1316,1.0638,,,,,,0.2508,,,https://dkn.gs/sports/images/mlb/players/50/459815.png,12/30/1899,n/a,n/a,n/a,n/a,n/a,8/8/2026,Victor Mesa Jr.,SEA,2.44,0.7,12/30/1899,0.13,0.02,0.1,0.32,0.3,0.13,0.25,,,,,5.31,6.86,5.31,5.31,No,0.4,6.9,,https://www.freeiconspng.com/img/1934,
Nick Loftin,CPT,KC,Showdown Captain Mode,Sat Aug 08 2026 01:00:00 GMT-0500 (Central Daylight Time),Showdown Captain Mode 8/8 7:10PM (CHC @ KC),7500,43786554,4.63,8.2,0.62,22.5,0.5727473684,0.06250869565,0.2954818182,0.34167,0.0888,0.5,,,,,,0.2765,,,https://dkn.gs/sports/images/mlb/players/50/494698.png,n/a,CHC @ KC,Cubs @ Royals,Kauffman Stadium,outdoor,n/a,8/8/2026,Nick Loftin,CHC,2.02,0.76,12/30/1899,0.12,0.02,0.04,0.34,0.3,0.07,0.28,,,,,4.77,6.18,4.77,4.77,No,1.5,9.5,,https://www.freeiconspng.com/img/1934,
Otto Lopez,SS,MIA,Early,Sat Aug 08 2026 01:00:00 GMT-0500 (Central Daylight Time),"Early 8/8 3:05PM, 3 Games",4500,43784060,6.85,8.18,1.52,13.5,0.92545,0.0624875,0.3454416667,0.4157272727,0.2087,0.5456666667,,,,,,0.3102,,,https://dkn.gs/sports/images/mlb/players/50/459933.png,n/a,LAA @ MIA,Angels @ Marlins,loanDepot park,retractable,Fox Sports 1,8/8/2026,Otto Lopez,LAA,3.01,0.92,12/30/1899,0.21,0.04,0.06,0.42,0.35,0.21,0.31,,,,,7.01,8.92,7.01,7.01,Yes,-1.5,7.5,,https://www.freeiconspng.com/img/1934,
Trent Grisham,OF,NYY,Showdown Captain Mode,Sat Aug 08 2026 01:00:00 GMT-0500 (Central Daylight Time),Showdown Captain Mode 8/8 3:05PM (ATL @ NYY),7800,43786267,4.36,8.17,0.56,23.4,0.5301421053,0.098064,0.2725583333,0.32241,0.101,1.0791,,,,,,0.3137,,,https://dkn.gs/sports/images/mlb/players/50/31614.png,n/a,ATL @ NYY,Braves @ Yankees,Yankee Stadium,outdoor,n/a,8/8/2026,Trent Grisham,ATL,2.41,0.64,12/30/1899,0.11,0.01,0.08,0.32,0.27,0.1,0.31,,,,,4.87,6.36,4.87,4.87,No,1.5,7.5,,https://www.freeiconspng.com/img/1934,
Sal Stewart,1B,CIN,Turbo,Sat Aug 08 2026 01:00:00 GMT-0500 (Central Daylight Time),"Turbo 8/8 6:05PM, 3 Games",5000,43784339,6.44,8.15,1.29,15,0.8489142857,0.1257961538,0.3910666667,0.4846846154,0.1279,0.7899,,,,,,0.4196,,,https://dkn.gs/sports/images/mlb/players/50/658772.png,n/a,CIN @ WSH,Reds @ Nationals,Nationals Park,outdoor,n/a,8/8/2026,Sal Stewart,WSH,2.82,0.87,12/30/1899,0.19,0.02,0.12,0.48,0.39,0.13,0.42,,,,,7.04,9.2,7.04,7.04,Yes,-1.5,8.5,,https://www.freeiconspng.com/img/1934,
Ryan Jeffers,C,MIN,Classic,Sat Aug 08 2026 01:00:00 GMT-0500 (Central Daylight Time),"Classic 8/8 7:10PM, 9 Games",5400,43784659,6.11,8.13,1.13,16.2,0.5983315789,0.1308578947,0.3277272727,0.4173636364,0.06124,0.6904,,,,,,0.3556,,,https://dkn.gs/sports/images/mlb/players/50/459830.png,n/a,MIN @ MIL,Twins @ Brewers,American Family Field,retractable,n/a,8/8/2026,Ryan Jeffers,MIL,3.06,0.79,12/30/1899,0.19,0.01,0.13,0.42,0.33,0.06,0.36,,,,,6.22,8.09,6.22,6.22,No,1.5,7.9,,https://www.freeiconspng.com/img/1934,
Bryan Reynolds,OF,PIT,Turbo,Sat Aug 08 2026 01:00:00 GMT-0500 (Central Daylight Time),"Turbo 8/8 6:05PM, 3 Games",5100,43784338,6.33,8.12,1.24,15.3,0.6026714286,0.100976,0.34885,0.4448666667,0.0946,1.0638,,,,,,0.4657,,,https://dkn.gs/sports/images/mlb/players/50/32238.png,n/a,NYM @ PIT,Mets @ Pirates,PNC Park,outdoor,n/a,8/8/2026,Bryan Reynolds,NYM,3.19,0.8,12/30/1899,0.21,0.03,0.1,0.44,0.35,0.09,0.47,,,,,6.67,8.73,6.67,6.67,Yes,-1.5,8.9,,https://www.freeiconspng.com/img/1934,
Cole Young,2B,SEA,Showdown Captain Mode,Sat Aug 08 2026 01:00:00 GMT-0500 (Central Daylight Time),Showdown Captain Mode 8/8 9:50PM (TB @ SEA),6200,43786648,5.48,8.1,0.88,18.6,0.5807266667,0.1128,0.26465,0.37785,0.08602,0.7101,,,,,,0.2864,,,https://dkn.gs/sports/images/mlb/players/50/658820.png,n/a,TB @ SEA,Rays @ Mariners,T-Mobile Park,retractable,n/a,8/8/2026,Cole Young,TB,2.68,0.83,12/30/1899,0.16,0.04,0.1,0.38,0.26,0.09,0.29,,,,,5.87,7.49,5.87,5.87,Yes,-0.4,6.9,,https://www.freeiconspng.com/img/1934,
Yandy Diaz,1B/3B,TB,Classic,Sat Aug 08 2026 01:00:00 GMT-0500 (Central Daylight Time),"Classic 8/8 7:10PM, 9 Games",4900,43784677,6.42,8.07,1.31,14.7,,,,,,,,,,,,,,,https://dkn.gs/sports/images/mlb/players/50/31708.png,n/a,TB @ SEA,Rays @ Mariners,T-Mobile Park,retractable,n/a,8/8/2026,Yandy Diaz,SEA,3.02,0.89,12/30/1899,0.19,0,0.12,0.4,0.29,0.08,0.25,,,,,6.16,7.84,6.16,6.16,No,0.4,6.9,,https://www.freeiconspng.com/img/1934,
Yandy Diaz,1B/3B,TB,Night,Sat Aug 08 2026 01:00:00 GMT-0500 (Central Daylight Time),"Night 8/8 8:10PM, 2 Games",4900,43788649,6.42,8.07,1.31,14.7,,,,,,,,,,,,,,,https://dkn.gs/sports/images/mlb/players/50/31708.png,n/a,TB @ SEA,Rays @ Mariners,T-Mobile Park,retractable,n/a,8/8/2026,Yandy Diaz,SEA,3.02,0.89,12/30/1899,0.19,0,0.12,0.4,0.29,0.08,0.25,,,,,6.16,7.84,6.16,6.16,No,0.4,6.9,,https://www.freeiconspng.com/img/1934,
Cal Raleigh,C,SEA,Showdown Captain Mode,Sat Aug 08 2026 01:00:00 GMT-0500 (Central Daylight Time),Showdown Captain Mode 8/8 9:50PM (TB @ SEA),6800,43786645,4.96,8.05,0.73,20.4,0.4747235294,0.18258,0.32025,0.35094,0.06622,1.6754,,,,,,0.3558,,,https://dkn.gs/sports/images/mlb/players/50/111244.png,n/a,TB @ SEA,Rays @ Mariners,T-Mobile Park,retractable,n/a,8/8/2026,Cal Raleigh,TB,2.62,0.61,12/30/1899,0.12,0,0.16,0.35,0.32,0.07,0.36,,,,,5.38,7.13,5.38,5.38,Yes,-0.4,6.9,,https://www.freeiconspng.com/img/1934,
Heliot Ramos,OF,NYY,Showdown Captain Mode,Sat Aug 08 2026 01:00:00 GMT-0500 (Central Daylight Time),Showdown Captain Mode 8/8 3:05PM (ATL @ NYY),7000,43786270,4.78,8.03,0.68,21,0.5500095238,0.113836,0.32005,0.35175,0.08226,1.2021,,,,,,0.2616,,,https://dkn.gs/sports/images/mlb/players/50/112445.png,n/a,ATL @ NYY,Braves @ Yankees,Yankee Stadium,outdoor,n/a,8/8/2026,Heliot Ramos,ATL,2.16,0.7,12/30/1899,0.12,0.01,0.08,0.35,0.32,0.07,0.26,,,,,4.85,6.36,4.85,4.85,No,1.5,7.5,,https://www.freeiconspng.com/img/1934,
Corbin Carroll,OF,ARI,Classic,Sat Aug 08 2026 01:00:00 GMT-0500 (Central Daylight Time),"Classic 8/8 7:10PM, 9 Games",5200,43784666,6.07,7.98,1.17,15.6,0.618292,0.101536,0.3145166667,0.42,0.163,1.0032,,,,,,0.3533,,,https://dkn.gs/sports/images/mlb/players/50/459724.png,n/a,LAD @ AZ,Dodgers @ D'Backs,Chase Field,retractable,n/a,8/8/2026,Corbin Carroll,LAD,2.56,0.77,12/30/1899,0.17,0.05,0.08,0.42,0.31,0.16,0.35,,,,,6.29,8.17,6.29,6.29,No,1.5,8.4,,https://www.freeiconspng.com/img/1934,
Corbin Carroll,OF,ARI,Night,Sat Aug 08 2026 01:00:00 GMT-0500 (Central Daylight Time),"Night 8/8 8:10PM, 2 Games",5200,43788752,6.07,7.98,1.17,15.6,0.618292,0.101536,0.3145166667,0.42,0.163,1.0032,,,,,,0.3533,,,https://dkn.gs/sports/images/mlb/players/50/459724.png,n/a,LAD @ AZ,Dodgers @ D'Backs,Chase Field,retractable,n/a,8/8/2026,Corbin Carroll,LAD,2.56,0.77,12/30/1899,0.17,0.05,0.08,0.42,0.31,0.16,0.35,,,,,6.29,8.17,6.29,6.29,No,1.5,8.4,,https://www.freeiconspng.com/img/1934,
Jazz Chisholm Jr.,2B,NYY,Showdown Captain Mode,Sat Aug 08 2026 01:00:00 GMT-0500 (Central Daylight Time),Showdown Captain Mode 8/8 3:05PM (ATL @ NYY),8200,43786266,3.82,7.97,0.47,24.6,0.4915545455,0.095768,0.2513833333,0.30738,0.1917,1.2624,,,,,,0.2622,,,https://dkn.gs/sports/images/mlb/players/50/112676.png,12/30/1899,n/a,n/a,n/a,n/a,n/a,8/8/2026,,,,,,,,,,,,,,,,,,,,,,,,,,
Spencer Jones,CPT,NYY,Showdown Captain Mode,Sat Aug 08 2026 01:00:00 GMT-0500 (Central Daylight Time),Showdown Captain Mode 8/8 3:05PM (ATL @ NYY),9600,43786362,2.76,7.97,0.29,28.8,0.4641941176,0.07445,0.21855,0.2630875,0.09646666667,,,,,,,,,,https://dkn.gs/sports/images/mlb/players/50/693776.png,12/30/1899,n/a,n/a,n/a,n/a,n/a,8/8/2026,Spencer Jones,ATL,2.1,0.5,12/30/1899,0.07,0,0.05,0.26,0.22,0.08,0,,,,,3.16,4.06,3.16,3.16,No,1.5,7.5,,https://www.freeiconspng.com/img/1934,
Trea Turner,SS,PHI,Turbo,Sat Aug 08 2026 01:00:00 GMT-0500 (Central Daylight Time),"Turbo 8/8 6:05PM, 3 Games",4700,43784341,6.39,7.93,1.36,14.1,0.908075,0.113516,0.3639416667,0.4971285714,0.1656,0.6997,,,,,,0.2537,,,https://dkn.gs/sports/images/mlb/players/50/32815.png,n/a,TOR @ PHI,Blue Jays @ Phillies,Citizens Bank Park,outdoor,NBCS-PH,8/8/2026,Trea Turner,TOR,2.94,0.91,12/30/1899,0.2,0.04,0.11,0.5,0.36,0.17,0.25,,,,,7.12,9.15,7.12,7.12,Yes,-1.5,9.5,,https://www.freeiconspng.com/img/1934,
Munetaka Murakami,1B,CWS,Classic,Sat Aug 08 2026 01:00:00 GMT-0500 (Central Daylight Time),"Classic 8/8 7:10PM, 9 Games",5500,43784655,5.78,7.92,1.05,16.5,0.501475,0.1502461538,0.3264666667,0.41616,0.08673333333,1.6713,,,,,,0.4628,,,https://dkn.gs/sports/images/mlb/players/50/494995.png,n/a,CLE @ CWS,Guardians @ White Sox,Rate Field,outdoor,FOX,8/8/2026,Munetaka Murakami,CLECHW,3.19,0.6,12/30/1899,0.13,0.01,0.15,0.42,0.33,0.09,0.46,,,,,6.02,8.01,6.02,6.02,No,1.5,7.5,,https://www.freeiconspng.com/img/1934,
Jordan Walker,OF,STL,Classic,Sat Aug 08 2026 01:00:00 GMT-0500 (Central Daylight Time),"Classic 8/8 7:10PM, 9 Games",5300,43784663,5.92,7.91,1.12,15.9,0.8683,0.19914,0.3874363636,0.5047285714,0.1327,0.67,,,,,,0.2582,,,https://dkn.gs/sports/images/mlb/players/50/494691.png,n/a,COL @ STL,Rockies @ Cardinals,Busch Stadium,outdoor,n/a,8/8/2026,Jordan Walker,COL,1.54,0.97,12/30/1899,0.11,0.01,0.09,0.5,0.39,0.08,0.26,,,,,5.73,7.55,5.73,5.73,Yes,-1.5,8.5,,https://www.freeiconspng.com/img/1934,
Michael Massey,2B,KC,Showdown Captain Mode,Sat Aug 08 2026 01:00:00 GMT-0500 (Central Daylight Time),Showdown Captain Mode 8/8 7:10PM (CHC @ KC),6800,43786449,4.77,7.9,0.7,20.4,0.58798,0.07173333333,0.2978333333,0.3477,0.07298,0.5,,,,,,0.2458,,,https://dkn.gs/sports/images/mlb/players/50/585891.png,12/30/1899,n/a,n/a,n/a,n/a,n/a,8/8/2026,Michael Massey,CHC,2.28,0.78,12/30/1899,0.14,0.03,0.05,0.35,0.3,0.07,0.25,,,,,4.99,6.44,4.99,4.99,No,1.5,9.5,,https://www.freeiconspng.com/img/1934,
Drake Baldwin,C,ATL,Early,Sat Aug 08 2026 01:00:00 GMT-0500 (Central Daylight Time),"Early 8/8 3:05PM, 3 Games",4900,43784054,6.17,7.88,1.26,14.7,0.6231952381,0.1427846154,0.3393916667,0.4590166667,0.067,0.7151,,,,,,0.3295,,,https://dkn.gs/sports/images/mlb/players/50/686715.png,n/a,ATL @ NYY,Braves @ Yankees,Yankee Stadium,outdoor,n/a,8/8/2026,Drake Baldwin,NYY,3.08,0.81,12/30/1899,0.18,0.03,0.14,0.46,0.34,0.07,0.33,,,,,6.51,8.46,6.51,6.51,Yes,-1.5,7.5,,https://www.freeiconspng.com/img/1934,
Paul Goldschmidt,CPT,NYY,Showdown Captain Mode,Sat Aug 08 2026 01:00:00 GMT-0500 (Central Daylight Time),Showdown Captain Mode 8/8 3:05PM (ATL @ NYY),9300,43786363,2.88,7.88,0.31,27.9,0.5780538462,0.1551875,0.2948222222,0.40866,0.0973,1.1112,,,,,,0.3343,,,https://dkn.gs/sports/images/mlb/players/50/32330.png,n/a,ATL @ NYY,Braves @ Yankees,Yankee Stadium,outdoor,n/a,8/8/2026,,,,,,,,,,,,,,,,,,,,,,,,,,
Alec Burleson,1B,STL,Classic,Sat Aug 08 2026 01:00:00 GMT-0500 (Central Daylight Time),"Classic 8/8 7:10PM, 9 Games",4900,43784680,6.18,7.88,1.26,14.7,0.7564823529,0.15018,0.3833363636,0.4229090909,0.0887,0.51125,,,,,,0.2308,,,https://dkn.gs/sports/images/mlb/players/50/495676.png,n/a,COL @ STL,Rockies @ Cardinals,Busch Stadium,outdoor,n/a,8/8/2026,Alec Burleson,COL,2.78,0.92,12/30/1899,0.18,0.02,0.14,0.42,0.38,0.09,0.23,,,,,6.6,8.48,6.6,6.6,Yes,-1.5,8.5,,https://www.freeiconspng.com/img/1934,
Cole Carrigg,OF,COL,Classic,Sat Aug 08 2026 01:00:00 GMT-0500 (Central Daylight Time),"Classic 8/8 7:10PM, 9 Games",4500,43784697,6.46,7.87,1.44,13.5,0.653875,0.1233,0.3402727273,0.39705,0.1738,0.6845,,,,,,0.28,,,https://dkn.gs/sports/images/mlb/players/50/721206.png,n/a,COL @ STL,Rockies @ Cardinals,Busch Stadium,outdoor,n/a,8/8/2026,Cole Carrigg,STL,2.85,0.89,12/30/1899,0.21,0.04,0.12,0.4,0.34,0.17,0.28,,,,,6.95,8.87,6.95,6.95,No,1.5,8.5,,https://www.freeiconspng.com/img/1934,
Matt Olson,1B,ATL,Early,Sat Aug 08 2026 01:00:00 GMT-0500 (Central Daylight Time),"Early 8/8 3:05PM, 3 Games",5200,43784051,5.92,7.86,1.14,15.6,0.56906,0.1671576923,0.3785,0.4332090909,0.04663333333,1.1718,,,,,,0.3908,,,https://dkn.gs/sports/images/mlb/players/50/32624.png,n/a,ATL @ NYY,Braves @ Yankees,Yankee Stadium,outdoor,n/a,8/8/2026,Matt Olson,NYY,3.11,0.69,12/30/1899,0.17,0,0.17,0.43,0.38,0.05,0.39,,,,,6.22,8.25,6.22,6.22,Yes,-1.5,7.5,,https://www.freeiconspng.com/img/1934,
JJ Wetherholt,2B,STL,Classic,Sat Aug 08 2026 01:00:00 GMT-0500 (Central Daylight Time),"Classic 8/8 7:10PM, 9 Games",5000,43784673,6.07,7.86,1.21,15,0.7547823529,0.13365,0.3100909091,0.489525,0.101,0.5,,,,,,0.2814,,,https://dkn.gs/sports/images/mlb/players/50/806142.png,n/a,COL @ STL,Rockies @ Cardinals,Busch Stadium,outdoor,n/a,8/8/2026,JJ Wetherholt,COL,2.91,0.92,12/30/1899,0.19,0.04,0.13,0.49,0.31,0.1,0.28,,,,,6.87,8.79,6.87,6.87,Yes,-1.5,8.5,,https://www.freeiconspng.com/img/1934,
Randy Arozarena,OF,SEA,Classic,Sat Aug 08 2026 01:00:00 GMT-0500 (Central Daylight Time),"Classic 8/8 7:10PM, 9 Games",4900,43784679,6.12,7.84,1.25,14.7,0.55794,0.12654,0.2778181818,0.3954,0.2083,1.0032,,,,,,0.3401,,,https://dkn.gs/sports/images/mlb/players/50/32441.png,n/a,TB @ SEA,Rays @ Mariners,T-Mobile Park,retractable,n/a,8/8/2026,Randy Arozarena,TB,2.77,0.76,12/30/1899,0.16,0,0.11,0.4,0.28,0.21,0.34,,,,,6.41,8.24,6.41,6.41,Yes,-0.4,6.9,,https://www.freeiconspng.com/img/1934,
Randy Arozarena,OF,SEA,Night,Sat Aug 08 2026 01:00:00 GMT-0500 (Central Daylight Time),"Night 8/8 8:10PM, 2 Games",4900,43788680,6.12,7.84,1.25,14.7,0.55794,0.12654,0.2778181818,0.3954,0.2083,1.0032,,,,,,0.3401,,,https://dkn.gs/sports/images/mlb/players/50/32441.png,n/a,TB @ SEA,Rays @ Mariners,T-Mobile Park,retractable,n/a,8/8/2026,Randy Arozarena,TB,2.77,0.76,12/30/1899,0.16,0,0.11,0.4,0.28,0.21,0.34,,,,,6.41,8.24,6.41,6.41,Yes,-0.4,6.9,,https://www.freeiconspng.com/img/1934,
Mike Yastrzemski,CPT,ATL,Showdown Captain Mode,Sat Aug 08 2026 01:00:00 GMT-0500 (Central Daylight Time),Showdown Captain Mode 8/8 3:05PM (ATL @ NYY),7500,43786367,4.16,7.83,0.55,22.5,0.4855,0.1072166667,0.2692727273,0.32862,0.0928,0.6175,,,,,,0.2875,,,https://dkn.gs/sports/images/mlb/players/50/32717.png,n/a,ATL @ NYY,Braves @ Yankees,Yankee Stadium,outdoor,n/a,8/8/2026,Mike Yastrzemski,NYY,2.35,0.58,12/30/1899,0.11,0.01,0.08,0.33,0.27,0.09,0.29,,,,,4.6,6.07,4.6,4.6,Yes,-1.5,7.5,,https://www.freeiconspng.com/img/1934,
Pete Alonso,1B,BAL,Classic,Sat Aug 08 2026 01:00:00 GMT-0500 (Central Daylight Time),"Classic 8/8 7:10PM, 9 Games",5400,43784661,5.71,7.81,1.06,16.2,0.58382,0.1387,0.3333583333,0.4156363636,0.0673,1.3044,,,,,,0.3392,,,https://dkn.gs/sports/images/mlb/players/50/31848.png,n/a,BAL @ TEX,Orioles @ Rangers,Globe Life Field,retractable,FOX,8/8/2026,Pete Alonso,TEX,2.63,0.74,12/30/1899,0.16,0,0.12,0.42,0.33,0.07,0.34,,,,,5.73,7.53,5.73,5.73,No,1.5,7.5,,https://www.freeiconspng.com/img/1934,
Ceddanne Rafaela,OF,BOS,Early,Sat Aug 08 2026 01:00:00 GMT-0500 (Central Daylight Time),"Early 8/8 3:05PM, 3 Games",4700,43784058,6.18,7.77,1.32,14.1,0.7682636364,0.09964,0.4006083333,0.491625,0.1779,0.8104,,,,,,0.2595,,,https://dkn.gs/sports/images/mlb/players/50/634730.png,n/a,ATH @ BOS,Athletics @ Red Sox,Fenway Park,outdoor,NBCS-CA,8/8/2026,Ceddanne Rafaela,ATH,2.54,0.91,12/30/1899,0.19,0.04,0.08,0.49,0.4,0.18,0.26,,,,,6.86,8.88,6.86,6.86,Yes,-1.6,9.1,,https://www.freeiconspng.com/img/1934,
Miguel Vargas,3B,CWS,Classic,Sat Aug 08 2026 01:00:00 GMT-0500 (Central Daylight Time),"Classic 8/8 7:10PM, 9 Games",5000,43784672,5.96,7.77,1.19,15,0.55671,0.1131192308,0.3368083333,0.3765,0.113,1.0491,,,,,,0.3637,,,https://dkn.gs/sports/images/mlb/players/50/459809.png,n/a,CLE @ CWS,Guardians @ White Sox,Rate Field,outdoor,FOX,8/8/2026,Miguel Vargas,CLECHW,3.19,0.72,12/30/1899,0.2,0.01,0.11,0.38,0.34,0.11,0.36,,,,,6.11,7.97,6.11,6.11,No,1.5,7.5,,https://www.freeiconspng.com/img/1934,
Taylor Walls,CPT,TB,Showdown Captain Mode,Sat Aug 08 2026 01:00:00 GMT-0500 (Central Daylight Time),Showdown Captain Mode 8/8 9:50PM (TB @ SEA),7800,43786742,3.8,7.72,0.49,23.4,0.4729055556,0.0822,0.2133272727,0.29595,0.2108,0.6997,,,,,,0.2789,,,https://dkn.gs/sports/images/mlb/players/50/459916.png,n/a,TB @ SEA,Rays @ Mariners,T-Mobile Park,retractable,n/a,8/8/2026,Taylor Walls,SEA,1.66,0.61,12/30/1899,0.07,0.01,0.04,0.3,0.21,0.13,0.28,,,,,4.19,5.44,4.19,4.19,No,0.4,6.9,,https://www.freeiconspng.com/img/1934,
Francisco Lindor,SS,NYM,Turbo,Sat Aug 08 2026 01:00:00 GMT-0500 (Central Daylight Time),"Turbo 8/8 6:05PM, 3 Games",4600,43784343,6.19,7.71,1.35,13.8,0.6453956522,0.1172961538,0.3581666667,0.4487166667,0.1233,0.9741,,,,,,0.3591,,,https://dkn.gs/sports/images/mlb/players/50/31706.png,n/a,NYM @ PIT,Mets @ Pirates,PNC Park,outdoor,n/a,8/8/2026,Francisco Lindor,PIT,2.92,0.82,12/30/1899,0.21,0.03,0.11,0.45,0.36,0.12,0.36,,,,,6.73,8.76,6.73,6.73,No,1.5,8.9,,https://www.freeiconspng.com/img/1934,
Cedric Mullins,OF,TB,Showdown Captain Mode,Sat Aug 08 2026 01:00:00 GMT-0500 (Central Daylight Time),Showdown Captain Mode 8/8 9:50PM (TB @ SEA),6400,43786647,4.83,7.7,0.75,19.2,0.4828933333,0.12807,0.2943,0.31758,0.205,0.80245,,,,,,0.2283,,,https://dkn.gs/sports/images/mlb/players/50/31429.png,n/a,TB @ SEA,Rays @ Mariners,T-Mobile Park,retractable,n/a,8/8/2026,Cedric Mullins,SEA,2.16,0.68,12/30/1899,0.1,0.02,0.09,0.32,0.29,0.18,0.23,,,,,5.21,6.74,5.21,5.21,No,0.4,6.9,,https://www.freeiconspng.com/img/1934,
Ivan Herrera,C,STL,Classic,Sat Aug 08 2026 01:00:00 GMT-0500 (Central Daylight Time),"Classic 8/8 7:10PM, 9 Games",4200,43784710,6.46,7.69,1.54,12.6,0.8375,0.15117,0.3719,0.4637833333,0.0962,0.5,,,,,,0.3287,,,https://dkn.gs/sports/images/mlb/players/50/459904.png,n/a,COL @ STL,Rockies @ Cardinals,Busch Stadium,outdoor,n/a,8/8/2026,Ivan Herrera,COL,3,0.94,12/30/1899,0.23,0.01,0.15,0.46,0.37,0.1,0.33,,,,,7.2,9.28,7.2,7.2,Yes,-1.5,8.5,,https://www.freeiconspng.com/img/1934,
Luis Arraez,2B,PHI,Turbo,Sat Aug 08 2026 01:00:00 GMT-0500 (Central Daylight Time),"Turbo 8/8 6:05PM, 3 Games",4500,43784346,6.23,7.68,1.38,13.5,0.9669318182,0.0631125,0.3866538462,0.4309583333,0.1133,0.3049,,,,,,0.2383,,,https://dkn.gs/sports/images/mlb/players/50/32414.png,n/a,TOR @ PHI,Blue Jays @ Phillies,Citizens Bank Park,outdoor,NBCS-PH,8/8/2026,Luis Arraez,TOR,2.8,0.96,12/30/1899,0.2,0.05,0.06,0.43,0.39,0.11,0.24,,,,,6.53,8.34,6.53,6.53,Yes,-1.5,9.5,,https://www.freeiconspng.com/img/1934,
Taylor Ward,OF,SEA,Showdown Captain Mode,Sat Aug 08 2026 01:00:00 GMT-0500 (Central Daylight Time),Showdown Captain Mode 8/8 9:50PM (TB @ SEA),7400,43786642,4.04,7.67,0.55,22.2,0.47145,0.11052,0.2542727273,0.33717,0.0793,0.6997,,,,,,0.4422,,,https://dkn.gs/sports/images/mlb/players/50/32224.png,n/a,TB @ SEA,Rays @ Mariners,T-Mobile Park,retractable,n/a,8/8/2026,Taylor Ward,TB,2.38,0.64,12/30/1899,0.11,0,0.08,0.34,0.25,0.08,0.44,,,,,4.98,6.57,4.98,4.98,Yes,-0.4,6.9,,https://www.freeiconspng.com/img/1934,
Ben Rice,1B,NYY,Early,Sat Aug 08 2026 01:00:00 GMT-0500 (Central Daylight Time),"Early 8/8 3:05PM, 3 Games",6000,43784047,5.07,7.66,0.84,18,0.537405,0.119128,0.2969166667,0.37461,0.0792,1.2516,,,,,,0.3085,,,https://dkn.gs/sports/images/mlb/players/50/700964.png,n/a,ATL @ NYY,Braves @ Yankees,Yankee Stadium,outdoor,n/a,8/8/2026,Ben Rice,ATL,2.17,0.69,12/30/1899,0.1,0.02,0.08,0.37,0.3,0.07,0.31,,,,,4.97,6.53,4.97,4.97,No,1.5,7.5,,https://www.freeiconspng.com/img/1934,
Wilyer Abreu,OF,BOS,Early,Sat Aug 08 2026 01:00:00 GMT-0500 (Central Daylight Time),"Early 8/8 3:05PM, 3 Games",5000,43784053,5.83,7.66,1.17,15,0.7792521739,0.112276,0.4244833333,0.4971692308,0.114,0.6552,,,,,,0.3752,,,https://dkn.gs/sports/images/mlb/players/50/635336.png,n/a,ATH @ BOS,Athletics @ Red Sox,Fenway Park,outdoor,NBCS-CA,8/8/2026,Wilyer Abreu,ATH,2.74,0.88,12/30/1899,0.21,0.03,0.1,0.5,0.42,0.11,0.38,,,,,6.94,9.11,6.94,6.94,Yes,-1.6,9.1,,https://www.freeiconspng.com/img/1934,
Liam Hicks,1B/C,TB,Classic,Sat Aug 08 2026 01:00:00 GMT-0500 (Central Daylight Time),"Classic 8/8 7:10PM, 9 Games",4600,43784688,6.12,7.66,1.33,13.8,0.5880333333,0.1033,0.2958454545,0.33492,0.06288,0.5,,,,,,0.2869,,,https://dkn.gs/sports/images/mlb/players/50/779864.png,n/a,TB @ SEA,Rays @ Mariners,T-Mobile Park,retractable,n/a,8/8/2026,Liam Hicks,SEA,3.17,0.82,12/30/1899,0.17,0.04,0.1,0.33,0.3,0.06,0.29,,,,,5.9,7.52,5.9,5.9,No,0.4,6.9,,https://www.freeiconspng.com/img/1934,
Liam Hicks,1B/C,TB,Night,Sat Aug 08 2026 01:00:00 GMT-0500 (Central Daylight Time),"Night 8/8 8:10PM, 2 Games",4600,43788780,6.12,7.66,1.33,13.8,0.5880333333,0.1033,0.2958454545,0.33492,0.06288,0.5,,,,,,0.2869,,,https://dkn.gs/sports/images/mlb/players/50/779864.png,n/a,TB @ SEA,Rays @ Mariners,T-Mobile Park,retractable,n/a,8/8/2026,Liam Hicks,SEA,3.17,0.82,12/30/1899,0.17,0.04,0.1,0.33,0.3,0.06,0.29,,,,,5.9,7.52,5.9,5.9,No,0.4,6.9,,https://www.freeiconspng.com/img/1934,
Riley Greene,OF,DET,Classic,Sat Aug 08 2026 01:00:00 GMT-0500 (Central Daylight Time),"Classic 8/8 7:10PM, 9 Games",4400,43784704,6.23,7.62,1.42,13.2,0.616155,0.117796,0.3808,0.426,0.07282,1.0638,,,,,,0.4541,,,https://dkn.gs/sports/images/mlb/players/50/459786.png,n/a,DET @ SF,Tigers @ Giants,Oracle Park,outdoor,FOX,8/8/2026,Riley Greene,SF,3.01,0.8,12/30/1899,0.19,0.02,0.12,0.43,0.38,0.07,0.45,,,,,6.61,8.67,6.61,6.61,Yes,-1.5,8.1,,https://www.freeiconspng.com/img/1934,
Michael Busch,1B,CHC,Classic,Sat Aug 08 2026 01:00:00 GMT-0500 (Central Daylight Time),"Classic 8/8 7:10PM, 9 Games",4300,43784707,6.29,7.61,1.46,12.9,0.7521909091,0.105696,0.3961916667,0.4896071429,0.0735,0.6599,,,,,,0.434,,,https://dkn.gs/sports/images/mlb/players/50/459806.png,n/a,CHC @ KC,Cubs @ Royals,Kauffman Stadium,outdoor,n/a,8/8/2026,Michael Busch,KC,2.82,0.9,12/30/1899,0.23,0.04,0.1,0.49,0.4,0.07,0.43,,,,,6.96,9.12,6.96,6.96,Yes,-1.5,9.5,,https://www.freeiconspng.com/img/1934,
Wyatt Langford,OF,TEX,Classic,Sat Aug 08 2026 01:00:00 GMT-0500 (Central Daylight Time),"Classic 8/8 7:10PM, 9 Games",4600,43784693,6.02,7.58,1.31,13.8,0.5914421053,0.1123409091,0.314,0.4478916667,0.1112,0.9465,,,,,,0.3974,,,https://dkn.gs/sports/images/mlb/players/50/721275.png,n/a,BAL @ TEX,Orioles @ Rangers,Globe Life Field,retractable,FOX,8/8/2026,Wyatt Langford,BAL,2.76,0.79,12/30/1899,0.17,0.03,0.1,0.45,0.31,0.11,0.4,,,,,6.34,8.26,6.34,6.34,Yes,-1.5,7.5,,https://www.freeiconspng.com/img/1934,
Mookie Betts,SS,LAD,Classic,Sat Aug 08 2026 01:00:00 GMT-0500 (Central Daylight Time),"Classic 8/8 7:10PM, 9 Games",4300,43784708,6.23,7.56,1.45,12.9,0.7068259259,0.089472,0.3770416667,0.4235454545,0.06848,0.563375,,,,,,0.3062,,,https://dkn.gs/sports/images/mlb/players/50/31500.png,n/a,LAD @ AZ,Dodgers @ D'Backs,Chase Field,retractable,n/a,8/8/2026,Mookie Betts,ARI,2.63,0.86,12/30/1899,0.2,0.03,0.08,0.42,0.38,0.07,0.31,,,,,6.08,7.91,6.08,6.08,Yes,-1.5,8.4,,https://www.freeiconspng.com/img/1934,
Mookie Betts,SS,LAD,Night,Sat Aug 08 2026 01:00:00 GMT-0500 (Central Daylight Time),"Night 8/8 8:10PM, 2 Games",4300,43788625,6.23,7.56,1.45,12.9,0.7068259259,0.089472,0.3770416667,0.4235454545,0.06848,0.563375,,,,,,0.3062,,,https://dkn.gs/sports/images/mlb/players/50/31500.png,n/a,LAD @ AZ,Dodgers @ D'Backs,Chase Field,retractable,n/a,8/8/2026,Mookie Betts,ARI,2.63,0.86,12/30/1899,0.2,0.03,0.08,0.42,0.38,0.07,0.31,,,,,6.08,7.91,6.08,6.08,Yes,-1.5,8.4,,https://www.freeiconspng.com/img/1934,
Kyle Stowers,1B,MIA,Early,Sat Aug 08 2026 01:00:00 GMT-0500 (Central Daylight Time),"Early 8/8 3:05PM, 3 Games",4200,43784063,6.28,7.54,1.5,12.6,0.608015,0.112092,0.3519333333,0.4761230769,0.07272,1.0344,,,,,,0.4388,,,https://dkn.gs/sports/images/mlb/players/50/459738.png,n/a,LAA @ MIA,Angels @ Marlins,loanDepot park,retractable,Fox Sports 1,8/8/2026,Kyle Stowers,LAA,3.06,0.81,12/30/1899,0.19,0.05,0.11,0.48,0.35,0.07,0.44,,,,,6.74,8.82,6.74,6.74,Yes,-1.5,7.5,,https://www.freeiconspng.com/img/1934,
Jake McCarthy,OF,COL,Classic,Sat Aug 08 2026 01:00:00 GMT-0500 (Central Daylight Time),"Classic 8/8 7:10PM, 9 Games",4600,43784691,5.96,7.53,1.3,13.8,0.7898941176,0.0894,0.2725454545,0.4176363636,0.2847,0.6198,,,,,,0.2372,,,https://dkn.gs/sports/images/mlb/players/50/112671.png,12/30/1899,n/a,n/a,n/a,n/a,n/a,8/8/2026,Jake McCarthy,STL,1.25,0.93,12/30/1899,0.07,0.02,0.03,0.42,0.27,0.13,0.24,,,,,5.06,6.49,5.06,5.06,No,1.5,8.5,,https://www.freeiconspng.com/img/1934,
Austin Riley,3B,ATL,Showdown Captain Mode,Sat Aug 08 2026 01:00:00 GMT-0500 (Central Daylight Time),Showdown Captain Mode 8/8 3:05PM (ATL @ NYY),6600,43786272,4.45,7.52,0.67,19.8,0.5316533333,0.16239,0.3097272727,0.36444,0.0841,1.0086,,,,,,0.2687,,,https://dkn.gs/sports/images/mlb/players/50/32260.png,n/a,ATL @ NYY,Braves @ Yankees,Yankee Stadium,outdoor,n/a,8/8/2026,Austin Riley,NYY,2.28,0.72,12/30/1899,0.12,0,0.12,0.36,0.31,0.08,0.27,,,,,5.21,6.82,5.21,5.21,Yes,-1.5,7.5,,https://www.freeiconspng.com/img/1934,
Vladimir Guerrero Jr.,1B,TOR,Turbo,Sat Aug 08 2026 01:00:00 GMT-0500 (Central Daylight Time),"Turbo 8/8 6:05PM, 3 Games",4100,43784351,6.33,7.52,1.54,12.3,0.8561736842,0.0910875,0.3297363636,0.4325727273,0.0856,0.6255,,,,,,0.2884,,,https://dkn.gs/sports/images/mlb/players/50/31987.png,12/30/1899,n/a,n/a,n/a,n/a,n/a,8/8/2026,Vladimir Guerrero Jr.,PHI,2.88,0.88,12/30/1899,0.19,0.03,0.09,0.43,0.33,0.09,0.29,,,,,6.27,8.05,6.27,6.27,No,1.5,9.5,,https://www.freeiconspng.com/img/1934,
Julio Rodriguez,OF,SEA,Classic,Sat Aug 08 2026 01:00:00 GMT-0500 (Central Daylight Time),"Classic 8/8 7:10PM, 9 Games",4600,43784690,5.94,7.51,1.29,13.8,,,,,,,,,,,,,,,https://dkn.gs/sports/images/mlb/players/50/111251.png,n/a,TB @ SEA,Rays @ Mariners,T-Mobile Park,retractable,n/a,8/8/2026,Julio Rodriguez,TB,2.6,0.8,12/30/1899,0.15,0.02,0.11,0.37,0.33,0.19,0.25,,,,,6.28,8.05,6.28,6.28,Yes,-0.4,6.9,,https://www.freeiconspng.com/img/1934,
Julio Rodriguez,OF,SEA,Night,Sat Aug 08 2026 01:00:00 GMT-0500 (Central Daylight Time),"Night 8/8 8:10PM, 2 Games",4600,43788730,5.94,7.51,1.29,13.8,,,,,,,,,,,,,,,https://dkn.gs/sports/images/mlb/players/50/111251.png,n/a,TB @ SEA,Rays @ Mariners,T-Mobile Park,retractable,n/a,8/8/2026,Julio Rodriguez,TB,2.6,0.8,12/30/1899,0.15,0.02,0.11,0.37,0.33,0.19,0.25,,,,,6.28,8.05,6.28,6.28,Yes,-0.4,6.9,,https://www.freeiconspng.com/img/1934,
Xavier Edwards,2B,MIA,Early,Sat Aug 08 2026 01:00:00 GMT-0500 (Central Daylight Time),"Early 8/8 3:05PM, 3 Games",3900,43784067,6.45,7.5,1.65,11.7,0.6426285714,0.04248888889,0.2937083333,0.4364666667,0.2085,0.5,,,,,,0.4366,,,https://dkn.gs/sports/images/mlb/players/50/112364.png,n/a,LAA @ MIA,Angels @ Marlins,loanDepot park,retractable,Fox Sports 1,8/8/2026,Xavier Edwards,LAA,2.59,0.83,12/30/1899,0.15,0.05,0.04,0.44,0.29,0.21,0.44,,,,,6.52,8.4,6.52,6.52,Yes,-1.5,7.5,,https://www.freeiconspng.com/img/1934,
Zach Neto,SS,LAA,Early,Sat Aug 08 2026 01:00:00 GMT-0500 (Central Daylight Time),"Early 8/8 3:05PM, 3 Games",4800,43784057,5.76,7.49,1.2,14.4,0.542395,0.085808,0.3168083333,0.34356,0.1573,1.6562,,,,,,0.2646,,,https://dkn.gs/sports/images/mlb/players/50/658767.png,n/a,LAA @ MIA,Angels @ Marlins,loanDepot park,retractable,Fox Sports 1,8/8/2026,Zach Neto,MIA,3.23,0.69,12/30/1899,0.18,0,0.09,0.34,0.32,0.16,0.26,,,,,5.66,7.32,5.66,5.66,No,1.5,7.5,,https://www.freeiconspng.com/img/1934,
Manny Machado,3B,SD,Classic,Sat Aug 08 2026 01:00:00 GMT-0500 (Central Daylight Time),"Classic 8/8 7:10PM, 9 Games",5100,43784669,5.49,7.45,1.08,15.3,0.600685,0.1306230769,0.372275,0.4154545455,0.06976,0.79755,,,,,,0.329,,,https://dkn.gs/sports/images/mlb/players/50/32485.png,n/a,HOU @ SD,Astros @ Padres,Petco Park,outdoor,n/a,8/8/2026,Manny Machado,HOU,2.62,0.75,12/30/1899,0.16,0,0.11,0.42,0.37,0.07,0.33,,,,,5.79,7.63,5.79,5.79,Yes,-0.5,7.8,,https://www.freeiconspng.com/img/1934,
Josh Naylor,1B,SEA,Showdown Captain Mode,Sat Aug 08 2026 01:00:00 GMT-0500 (Central Daylight Time),Showdown Captain Mode 8/8 9:50PM (TB @ SEA),5600,43786651,5.11,7.45,0.91,16.8,0.5451357143,0.1043,0.2907,0.33198,0.1558,0.57445,,,,,,0.2602,,,https://dkn.gs/sports/images/mlb/players/50/32551.png,n/a,TB @ SEA,Rays @ Mariners,T-Mobile Park,retractable,n/a,8/8/2026,Josh Naylor,TB,2.65,0.74,12/30/1899,0.15,0,0.09,0.33,0.29,0.16,0.26,,,,,5.58,7.16,5.58,5.58,Yes,-0.4,6.9,,https://www.freeiconspng.com/img/1934,
Gunnar Henderson,SS,BAL,Classic,Sat Aug 08 2026 01:00:00 GMT-0500 (Central Daylight Time),"Classic 8/8 7:10PM, 9 Games",5000,43784674,5.54,7.43,1.11,15,0.5873,0.1168692308,0.3130833333,0.3939,0.1042,1.2447,,,,,,0.3686,,,https://dkn.gs/sports/images/mlb/players/50/459734.png,n/a,BAL @ TEX,Orioles @ Rangers,Globe Life Field,retractable,FOX,8/8/2026,Gunnar Henderson,TEX,2.28,0.78,12/30/1899,0.15,0.03,0.08,0.39,0.31,0.1,0.37,,,,,5.69,7.44,5.69,5.69,No,1.5,7.5,,https://www.freeiconspng.com/img/1934,
Jake Mangum,OF,PIT,Turbo,Sat Aug 08 2026 01:00:00 GMT-0500 (Central Daylight Time),"Turbo 8/8 6:05PM, 3 Games",3800,43784359,6.43,7.42,1.69,11.4,0.96413,0.04643913043,0.2848333333,0.451375,0.1956,0.6296,,,,,,0.274,,,https://dkn.gs/sports/images/mlb/players/50/476082.png,n/a,NYM @ PIT,Mets @ Pirates,PNC Park,outdoor,n/a,8/8/2026,Jake Mangum,NYM,2.72,0.92,12/30/1899,0.17,0.04,0.04,0.45,0.28,0.2,0.27,,,,,6.5,8.24,6.5,6.5,Yes,-1.5,8.9,,https://www.freeiconspng.com/img/1934,
Jonathan Aranda,1B,TB,Classic,Sat Aug 08 2026 01:00:00 GMT-0500 (Central Daylight Time),"Classic 8/8 7:10PM, 9 Games",4400,43784700,5.95,7.4,1.35,13.2,0.62418125,0.13434,0.2954545455,0.39831,0.05496666667,1.1406,,,,,,0.2785,,,https://dkn.gs/sports/images/mlb/players/50/587702.png,n/a,TB @ SEA,Rays @ Mariners,T-Mobile Park,retractable,n/a,8/8/2026,Jonathan Aranda,SEA,3,0.84,12/30/1899,0.19,0.01,0.13,0.4,0.3,0.05,0.28,,,,,6.12,7.85,6.12,6.12,No,0.4,6.9,,https://www.freeiconspng.com/img/1934,
Jonathan Aranda,1B,TB,Night,Sat Aug 08 2026 01:00:00 GMT-0500 (Central Daylight Time),"Night 8/8 8:10PM, 2 Games",4400,43788694,5.95,7.4,1.35,13.2,0.62418125,0.13434,0.2954545455,0.39831,0.05496666667,1.1406,,,,,,0.2785,,,https://dkn.gs/sports/images/mlb/players/50/587702.png,n/a,TB @ SEA,Rays @ Mariners,T-Mobile Park,retractable,n/a,8/8/2026,Jonathan Aranda,SEA,3,0.84,12/30/1899,0.19,0.01,0.13,0.4,0.3,0.05,0.28,,,,,6.12,7.85,6.12,6.12,No,0.4,6.9,,https://www.freeiconspng.com/img/1934,
Tommy Edman,2B,LAD,Classic,Sat Aug 08 2026 01:00:00 GMT-0500 (Central Daylight Time),"Classic 8/8 7:10PM, 9 Games",4600,43784692,5.79,7.39,1.26,13.8,0.6538653846,0.0679125,0.328025,0.38847,0.0984,0.5,,,,,,0.2544,,,https://dkn.gs/sports/images/mlb/players/50/32461.png,n/a,LAD @ AZ,Dodgers @ D'Backs,Chase Field,retractable,n/a,8/8/2026,Tommy Edman,ARI,2.69,0.83,12/30/1899,0.17,0.05,0.06,0.39,0.33,0.1,0.25,,,,,5.8,7.44,5.8,5.8,Yes,-1.5,8.4,,https://www.freeiconspng.com/img/1934,
Tommy Edman,2B,LAD,Night,Sat Aug 08 2026 01:00:00 GMT-0500 (Central Daylight Time),"Night 8/8 8:10PM, 2 Games",4600,43788672,5.79,7.39,1.26,13.8,0.6538653846,0.0679125,0.328025,0.38847,0.0984,0.5,,,,,,0.2544,,,https://dkn.gs/sports/images/mlb/players/50/32461.png,n/a,LAD @ AZ,Dodgers @ D'Backs,Chase Field,retractable,n/a,8/8/2026,Tommy Edman,ARI,2.69,0.83,12/30/1899,0.17,0.05,0.06,0.39,0.33,0.1,0.25,,,,,5.8,7.44,5.8,5.8,Yes,-1.5,8.4,,https://www.freeiconspng.com/img/1934,
Kyle Tucker,OF,LAD,Classic,Sat Aug 08 2026 01:00:00 GMT-0500 (Central Daylight Time),"Classic 8/8 7:10PM, 9 Games",4100,43784724,6.15,7.38,1.5,12.3,0.6503307692,0.09012,0.3417,0.4199090909,0.1079,0.5,,,,,,0.3996,,,https://dkn.gs/sports/images/mlb/players/50/32010.png,n/a,LAD @ AZ,Dodgers @ D'Backs,Chase Field,retractable,n/a,8/8/2026,Kyle Tucker,ARI,3.06,0.81,12/30/1899,0.2,0.03,0.09,0.42,0.34,0.11,0.4,,,,,6.47,8.4,6.47,6.47,Yes,-1.5,8.4,,https://www.freeiconspng.com/img/1934,
Kyle Tucker,OF,LAD,Night,Sat Aug 08 2026 01:00:00 GMT-0500 (Central Daylight Time),"Night 8/8 8:10PM, 2 Games",4100,43788673,6.15,7.38,1.5,12.3,0.6503307692,0.09012,0.3417,0.4199090909,0.1079,0.5,,,,,,0.3996,,,https://dkn.gs/sports/images/mlb/players/50/32010.png,n/a,LAD @ AZ,Dodgers @ D'Backs,Chase Field,retractable,n/a,8/8/2026,Kyle Tucker,ARI,3.06,0.81,12/30/1899,0.2,0.03,0.09,0.42,0.34,0.11,0.4,,,,,6.47,8.4,6.47,6.47,Yes,-1.5,8.4,,https://www.freeiconspng.com/img/1934,
George Springer,OF,TOR,Turbo,Sat Aug 08 2026 01:00:00 GMT-0500 (Central Daylight Time),"Turbo 8/8 6:05PM, 3 Games",4200,43784348,6.06,7.37,1.44,12.6,0.6582772727,0.116148,0.356425,0.44395,0.0965,0.7101,,,,,,0.3565,,,https://dkn.gs/sports/images/mlb/players/50/31975.png,n/a,TOR @ PHI,Blue Jays @ Phillies,Citizens Bank Park,outdoor,NBCS-PH,8/8/2026,George Springer,PHI,2.77,0.86,12/30/1899,0.18,0.04,0.11,0.44,0.36,0.1,0.36,,,,,6.58,8.54,6.58,6.58,No,1.5,9.5,,https://www.freeiconspng.com/img/1934,
Kody Clemens,2B/OF,MIN,Classic,Sat Aug 08 2026 01:00:00 GMT-0500 (Central Daylight Time),"Classic 8/8 7:10PM, 9 Games",5100,43784670,5.34,7.33,1.05,15.3,0.5340666667,0.12023,0.3080083333,0.35238,0.0841,1.0344,,,,,,0.2504,,,https://dkn.gs/sports/images/mlb/players/50/110839.png,n/a,MIN @ MIL,Twins @ Brewers,American Family Field,retractable,n/a,8/8/2026,Kody Clemens,MIL,2.68,0.71,12/30/1899,0.14,0.03,0.11,0.35,0.31,0.08,0.25,,,,,5.44,7.04,5.44,5.44,No,1.5,7.9,,https://www.freeiconspng.com/img/1934,
Ketel Marte,2B,ARI,Classic,Sat Aug 08 2026 01:00:00 GMT-0500 (Central Daylight Time),"Classic 8/8 7:10PM, 9 Games",4700,43784686,5.63,7.33,1.2,14.1,0.604404,0.095824,0.355325,0.36732,0.07273333333,0.5652,,,,,,0.3151,,,https://dkn.gs/sports/images/mlb/players/50/32096.png,n/a,LAD @ AZ,Dodgers @ D'Backs,Chase Field,retractable,n/a,8/8/2026,Ketel Marte,LAD,2.87,0.78,12/30/1899,0.18,0.04,0.09,0.37,0.36,0.07,0.32,,,,,5.9,7.66,5.9,5.9,No,1.5,8.4,,https://www.freeiconspng.com/img/1934,
Alex Bregman,3B,CHC,Classic,Sat Aug 08 2026 01:00:00 GMT-0500 (Central Daylight Time),"Classic 8/8 7:10PM, 9 Games",4200,43784709,6.01,7.33,1.43,12.6,0.8675666667,0.094984,0.4057416667,0.4797,0.06553333333,0.558575,,,,,,0.3561,,,https://dkn.gs/sports/images/mlb/players/50/31992.png,n/a,CHC @ KC,Cubs @ Royals,Kauffman Stadium,outdoor,n/a,8/8/2026,Alex Bregman,KC,2.72,0.89,12/30/1899,0.21,0.03,0.08,0.48,0.41,0.07,0.36,,,,,6.51,8.52,6.51,6.51,Yes,-1.5,9.5,,https://www.freeiconspng.com/img/1934,
Ketel Marte,2B,ARI,Night,Sat Aug 08 2026 01:00:00 GMT-0500 (Central Daylight Time),"Night 8/8 8:10PM, 2 Games",4700,43788622,5.63,7.33,1.2,14.1,0.604404,0.095824,0.355325,0.36732,0.07273333333,0.5652,,,,,,0.3151,,,https://dkn.gs/sports/images/mlb/players/50/32096.png,n/a,LAD @ AZ,Dodgers @ D'Backs,Chase Field,retractable,n/a,8/8/2026,Ketel Marte,LAD,2.87,0.78,12/30/1899,0.18,0.04,0.09,0.37,0.36,0.07,0.32,,,,,5.9,7.66,5.9,5.9,No,1.5,8.4,,https://www.freeiconspng.com/img/1934,
Jose Fermin,RP,LAA,Early,Sat Aug 08 2026 01:00:00 GMT-0500 (Central Daylight Time),"Early 8/8 3:05PM, 3 Games",4000,43784290,6.14,7.31,1.53,12,,,,,,,,,,,,,,,https://dkn.gs/sports/images/mlb/players/50/877725.png,n/a,COL @ STL,Rockies @ Cardinals,Busch Stadium,outdoor,n/a,8/8/2026,,,,,,,,,,,,,,,,,,,,,,,,,,
Carter Jensen,C,KC,Classic,Sat Aug 08 2026 01:00:00 GMT-0500 (Central Daylight Time),"Classic 8/8 7:10PM, 9 Games",4700,43784684,5.62,7.31,1.2,14.1,0.605215,0.101156,0.3154333333,0.455625,0.07282,1.1718,,,,,,0.3919,,,https://dkn.gs/sports/images/mlb/players/50/582186.png,n/a,CHC @ KC,Cubs @ Royals,Kauffman Stadium,outdoor,n/a,8/8/2026,Carter Jensen,CHC,2.7,0.79,12/30/1899,0.18,0.03,0.09,0.46,0.32,0.07,0.39,,,,,6.07,7.94,6.07,6.07,No,1.5,9.5,,https://www.freeiconspng.com/img/1934,
Ian Happ,OF,CHC,Classic,Sat Aug 08 2026 01:00:00 GMT-0500 (Central Daylight Time),"Classic 8/8 7:10PM, 9 Games",4000,43784730,6.1,7.28,1.53,12,0.6259285714,0.10564,0.3797833333,0.4825615385,0.08604,0.9741,,,,,,0.4718,,,https://dkn.gs/sports/images/mlb/players/50/32388.png,n/a,CHC @ KC,Cubs @ Royals,Kauffman Stadium,outdoor,n/a,8/8/2026,Ian Happ,KC,2.74,0.8,12/30/1899,0.19,0.03,0.09,0.48,0.38,0.09,0.47,,,,,6.59,8.72,6.59,6.59,Yes,-1.5,9.5,,https://www.freeiconspng.com/img/1934,
JJ Bleday,OF,CIN,Turbo,Sat Aug 08 2026 01:00:00 GMT-0500 (Central Daylight Time),"Turbo 8/8 6:05PM, 3 Games",4500,43784347,5.7,7.26,1.27,13.5,0.58927,0.116492,0.3593583333,0.4199090909,0.0878,0.6255,,,,,,0.3914,,,https://dkn.gs/sports/images/mlb/players/50/459813.png,n/a,CIN @ WSH,Reds @ Nationals,Nationals Park,outdoor,n/a,8/8/2026,JJ Bleday,WSH,2.99,0.77,12/30/1899,0.19,0.02,0.12,0.42,0.36,0.09,0.39,,,,,6.39,8.36,6.39,6.39,Yes,-1.5,8.5,,https://www.freeiconspng.com/img/1934,
Gleyber Torres,2B,DET,Classic,Sat Aug 08 2026 01:00:00 GMT-0500 (Central Daylight Time),"Classic 8/8 7:10PM, 9 Games",4500,43784698,5.69,7.25,1.26,13.5,0.6223363636,0.06403913043,0.2982916667,0.4138181818,0.07336666667,0.705,,,,,,0.4358,,,https://dkn.gs/sports/images/mlb/players/50/32526.png,n/a,DET @ SF,Tigers @ Giants,Oracle Park,outdoor,FOX,8/8/2026,Gleyber Torres,SF,2.67,0.79,12/30/1899,0.15,0.02,0.06,0.41,0.3,0.07,0.44,,,,,5.71,7.44,5.71,5.71,Yes,-1.5,8.1,,https://www.freeiconspng.com/img/1934,
Garrett Mitchell,OF,MIL,Classic,Sat Aug 08 2026 01:00:00 GMT-0500 (Central Daylight Time),"Classic 8/8 7:10PM, 9 Games",4200,43784711,5.91,7.25,1.41,12.6,0.5491,0.105495,0.3157846154,0.39531,0.1654545455,1.49745,,,,,,0.4497,,,https://dkn.gs/sports/images/mlb/players/50/494665.png,n/a,MIN @ MIL,Twins @ Brewers,American Family Field,retractable,n/a,8/8/2026,Garrett Mitchell,MIN,2.86,0.7,12/30/1899,0.16,0.05,0.1,0.4,0.32,0.17,0.45,,,,,6.46,8.42,6.46,6.46,Yes,-1.5,7.9,,https://www.freeiconspng.com/img/1934,
Salvador Perez,1B/C,KC,Showdown Captain Mode,Sat Aug 08 2026 01:00:00 GMT-0500 (Central Daylight Time),Showdown Captain Mode 8/8 7:10PM (CHC @ KC),5800,43786452,4.7,7.24,0.81,17.4,0.613995,0.101764,0.3555416667,0.37236,,0.6255,,,,,,0.2559,,,https://dkn.gs/sports/images/mlb/players/50/32058.png,n/a,CHC @ KC,Cubs @ Royals,Kauffman Stadium,outdoor,n/a,8/8/2026,Salvador Perez,CHC,2.41,0.77,12/30/1899,0.15,0,0.08,0.37,0.36,0,0.26,,,,,4.93,6.47,4.93,4.93,No,1.5,9.5,,https://www.freeiconspng.com/img/1934,
Max Muncy,3B,ATH,Early,Sat Aug 08 2026 01:00:00 GMT-0500 (Central Daylight Time),"Early 8/8 3:05PM, 3 Games",3000,43784093,6.77,7.22,2.26,9,0.6426961538,0.13136,0.409775,0.461125,0.06166,0.6753,,,,,,0.4225,,,https://dkn.gs/sports/images/mlb/players/50/587689.png,n/a,ATH @ BOS,Athletics @ Red Sox,Fenway Park,outdoor,NBCS-CA,8/8/2026,,,,,,,,,,,,,,,,,,,,,,,,,,
Endy Rodriguez,1B/C,PIT,Turbo,Sat Aug 08 2026 01:00:00 GMT-0500 (Central Daylight Time),"Turbo 8/8 6:05PM, 3 Games",4500,43784344,5.62,7.2,1.25,13.5,,,,,,,,,,,,,,,https://dkn.gs/sports/images/mlb/players/50/470250.png,n/a,NYM @ PIT,Mets @ Pirates,PNC Park,outdoor,n/a,8/8/2026,Endy Rodriguez,NYM,2.89,0.76,12/30/1899,0.2,0.03,0.09,0.41,0.35,0.09,0.4,,,,,6.19,8.11,6.19,6.19,Yes,-1.5,8.9,,https://www.freeiconspng.com/img/1934,
Daylen Lile,OF,WSH,Turbo,Sat Aug 08 2026 01:00:00 GMT-0500 (Central Daylight Time),"Turbo 8/8 6:05PM, 3 Games",4700,43784342,5.46,7.19,1.16,14.1,0.5826473684,0.09558333333,0.3400090909,0.38478,0.1505,0.705,,,,,,0.3047,,,https://dkn.gs/sports/images/mlb/players/50/582167.png,n/a,CIN @ WSH,Reds @ Nationals,Nationals Park,outdoor,n/a,8/8/2026,Daylen Lile,CINWAS,2.39,0.79,12/30/1899,0.16,0.04,0.07,0.38,0.34,0.15,0.3,,,,,5.95,7.73,5.95,5.95,No,1.5,8.5,,https://www.freeiconspng.com/img/1934,
Chase DeLauter,OF,CLE,Classic,Sat Aug 08 2026 01:00:00 GMT-0500 (Central Daylight Time),"Classic 8/8 7:10PM, 9 Games",4400,43784703,5.67,7.18,1.29,13.2,0.6182095238,0.088232,0.3330666667,0.40776,0.0896,0.6951,,,,,,0.3752,,,https://dkn.gs/sports/images/mlb/players/50/658775.png,n/a,CLE @ CWS,Guardians @ White Sox,Rate Field,outdoor,FOX,8/8/2026,Chase DeLauter,CWS,2.86,0.78,12/30/1899,0.17,0.01,0.08,0.41,0.33,0.09,0.38,,,,,5.96,7.76,5.96,5.96,Yes,-1.5,7.5,,https://www.freeiconspng.com/img/1934,
Christian Yelich,OF,MIL,Classic,Sat Aug 08 2026 01:00:00 GMT-0500 (Central Daylight Time),"Classic 8/8 7:10PM, 9 Games",4700,43784685,5.44,7.17,1.16,14.1,0.5384285714,0.097425,0.3179416667,0.37614,0.132,0.99,,,,,,0.4188,,,https://dkn.gs/sports/images/mlb/players/50/31538.png,n/a,MIN @ MIL,Twins @ Brewers,American Family Field,retractable,n/a,8/8/2026,Christian Yelich,MIN,2.53,0.7,12/30/1899,0.13,0.02,0.08,0.38,0.32,0.13,0.42,,,,,5.76,7.55,5.76,5.76,Yes,-1.5,7.9,,https://www.freeiconspng.com/img/1934,
Esmerlyn Valdez,OF,PIT,Turbo,Sat Aug 08 2026 01:00:00 GMT-0500 (Central Daylight Time),"Turbo 8/8 6:05PM, 3 Games",4200,43784349,5.79,7.15,1.38,12.6,0.5334529412,0.1168375,0.3432,0.452,0.07323333333,1.3332,,,,,,0.4544,,,https://dkn.gs/sports/images/mlb/teams/50/29924.png,n/a,NYM @ PIT,Mets @ Pirates,PNC Park,outdoor,n/a,8/8/2026,Esmerlyn Valdez,NYM,3.12,0.69,12/30/1899,0.16,0.02,0.12,0.45,0.34,0.07,0.45,,,,,6.18,8.18,6.18,6.18,Yes,-1.5,8.9,,https://www.freeiconspng.com/img/1934,
Rafael Devers,1B,SF,Classic,Sat Aug 08 2026 01:00:00 GMT-0500 (Central Daylight Time),"Classic 8/8 7:10PM, 9 Games",4200,43784714,5.79,7.15,1.38,12.6,0.58865,0.1312576923,0.3818083333,0.4249090909,0.04436666667,0.6904,,,,,,0.4229,,,https://dkn.gs/sports/images/mlb/players/50/31525.png,n/a,DET @ SF,Tigers @ Giants,Oracle Park,outdoor,FOX,8/8/2026,Rafael Devers,DET,2.79,0.75,12/30/1899,0.18,0.02,0.12,0.42,0.38,0.04,0.42,,,,,6.13,8.12,6.13,6.13,No,1.5,8.1,,https://www.freeiconspng.com/img/1934,
A.J. Ewing,OF,NYM,Turbo,Sat Aug 08 2026 01:00:00 GMT-0500 (Central Daylight Time),"Turbo 8/8 6:05PM, 3 Games",3900,43784357,5.99,7.13,1.54,11.7,0.7062142857,0.07670434783,0.2886363636,0.4525727273,0.1806,1.3044,,,,,,0.3375,,,https://dkn.gs/sports/images/mlb/teams/50/29840.png,n/a,NYM @ PIT,Mets @ Pirates,PNC Park,outdoor,n/a,8/8/2026,A.J. Ewing,PIT,2.58,0.85,12/30/1899,0.18,0.03,0.06,0.45,0.29,0.18,0.34,,,,,6.42,8.25,6.42,6.42,No,1.5,8.9,,https://www.freeiconspng.com/img/1934,
Corey Seager,SS,TEX,Classic,Sat Aug 08 2026 01:00:00 GMT-0500 (Central Daylight Time),"Classic 8/8 7:10PM, 9 Games",4500,43784696,5.54,7.13,1.23,13.5,0.5975444444,0.1348954545,0.3551727273,0.426,0.0586,0.77985,,,,,,0.4303,,,https://dkn.gs/sports/images/mlb/players/50/32687.png,n/a,BAL @ TEX,Orioles @ Rangers,Globe Life Field,retractable,FOX,8/8/2026,Corey Seager,BAL,2.58,0.77,12/30/1899,0.15,0.01,0.11,0.43,0.36,0.06,0.43,,,,,6,7.92,6,6,Yes,-1.5,7.5,,https://www.freeiconspng.com/img/1934,
Jackson Merrill,OF,SD,Classic,Sat Aug 08 2026 01:00:00 GMT-0500 (Central Daylight Time),"Classic 8/8 7:10PM, 9 Games",4600,43784687,5.45,7.12,1.18,13.8,0.586925,0.098564,0.3284833333,0.38118,0.1242,0.8406,,,,,,0.2991,,,https://dkn.gs/sports/images/mlb/players/50/587692.png,n/a,HOU @ SD,Astros @ Padres,Petco Park,outdoor,n/a,8/8/2026,Jackson Merrill,HOU,2.51,0.77,12/30/1899,0.15,0.04,0.08,0.38,0.33,0.12,0.3,,,,,5.79,7.51,5.79,5.79,Yes,-0.5,7.8,,https://www.freeiconspng.com/img/1934,
John Rave,OF,KC,Showdown Captain Mode,Sat Aug 08 2026 01:00:00 GMT-0500 (Central Daylight Time),Showdown Captain Mode 8/8 7:10PM (CHC @ KC),6400,43786450,4.08,7.1,0.64,19.2,0.48152,0.06549166667,0.2575166667,0.3102,0.10040625,0.6503,,,,,,0.2832,,,https://dkn.gs/sports/images/mlb/players/50/637620.png,n/a,CHC @ KC,Cubs @ Royals,Kauffman Stadium,outdoor,n/a,8/8/2026,John Rave,CHC,2.02,0.64,12/30/1899,0.09,0.03,0.04,0.31,0.26,0.08,0.28,,,,,4.33,5.66,4.33,4.33,No,1.5,9.5,,https://www.freeiconspng.com/img/1934,
William Contreras,C,MIL,Classic,Sat Aug 08 2026 01:00:00 GMT-0500 (Central Daylight Time),"Classic 8/8 7:10PM, 9 Games",4400,43784699,5.55,7.08,1.26,13.2,0.628195,0.1137315789,0.3679909091,0.41625,0.0763,0.6047,,,,,,0.3635,,,https://dkn.gs/sports/images/mlb/players/50/111559.png,n/a,MIN @ MIL,Twins @ Brewers,American Family Field,retractable,n/a,8/8/2026,William Contreras,MIN,2.67,0.8,12/30/1899,0.16,0.01,0.1,0.42,0.37,0.08,0.36,,,,,6.01,7.87,6.01,6.01,Yes,-1.5,7.9,,https://www.freeiconspng.com/img/1934,
Jose Caballero,CPT,NYY,Showdown Captain Mode,Sat Aug 08 2026 01:00:00 GMT-0500 (Central Daylight Time),Showdown Captain Mode 8/8 3:05PM (ATL @ NYY),8700,43786364,2.31,7.07,0.27,26.1,,,,,,,,,,,,,,,https://dkn.gs/sports/images/mlb/players/50/478629.png,12/30/1899,n/a,n/a,n/a,n/a,n/a,8/8/2026,,,,,,,,,,,,,,,,,,,,,,,,,,
Richie Palacios,CPT,TB,Showdown Captain Mode,Sat Aug 08 2026 01:00:00 GMT-0500 (Central Daylight Time),Showdown Captain Mode 8/8 9:50PM (TB @ SEA),9000,43786738,2.08,7.07,0.23,27,0.4663888889,0.0813,0.2231454545,0.27561,0.185,0.5652,,,,,,0.223,,,https://dkn.gs/sports/images/mlb/players/50/459693.png,n/a,TB @ SEA,Rays @ Mariners,T-Mobile Park,retractable,n/a,8/8/2026,,,,,,,,,,,,,,,,,,,,,,,,,,
Dominic Smith,CPT,ATL,Showdown Captain Mode,Sat Aug 08 2026 01:00:00 GMT-0500 (Central Daylight Time),Showdown Captain Mode 8/8 3:05PM (ATL @ NYY),8100,43786365,2.75,7.06,0.34,24.3,,,,,,,,,,,,,,,https://dkn.gs/sports/images/mlb/players/50/31724.png,12/30/1899,n/a,n/a,n/a,n/a,n/a,8/8/2026,,,,,,,,,,,,,,,,,,,,,,,,,,
Brendan Donovan,3B,SEA,Showdown Captain Mode,Sat Aug 08 2026 01:00:00 GMT-0500 (Central Daylight Time),Showdown Captain Mode 8/8 9:50PM (TB @ SEA),5400,43786652,4.76,7.05,0.88,16.2,0.5206142857,0.0918,0.2643,0.30189,0.0742,0.5816,,,,,,0.2481,,,https://dkn.gs/sports/images/mlb/players/50/595465.png,n/a,TB @ SEA,Rays @ Mariners,T-Mobile Park,retractable,n/a,8/8/2026,Brendan Donovan,TB,2.52,0.71,12/30/1899,0.14,0.01,0.07,0.3,0.26,0.07,0.25,,,,,4.82,6.2,4.82,4.82,Yes,-0.4,6.9,,https://www.freeiconspng.com/img/1934,
Michael Conforto,CPT,CHC,Showdown Captain Mode,Sat Aug 08 2026 01:00:00 GMT-0500 (Central Daylight Time),Showdown Captain Mode 8/8 7:10PM (CHC @ KC),7800,43786553,2.95,7.04,0.38,23.4,,,,,,,,,,,,,,,https://dkn.gs/sports/images/mlb/players/50/31762.png,12/30/1899,n/a,n/a,n/a,n/a,n/a,8/8/2026,,,,,,,,,,,,,,,,,,,,,,,,,,
Caleb Durbin,3B,BOS,Early,Sat Aug 08 2026 01:00:00 GMT-0500 (Central Daylight Time),"Early 8/8 3:05PM, 3 Games",3700,43784071,5.97,7,1.61,11.1,0.8628272727,0.079925,0.3712727273,0.4846142857,0.1825,0.5238,,,,,,0.3292,,,https://dkn.gs/sports/images/mlb/players/50/638082.png,n/a,ATH @ BOS,Athletics @ Red Sox,Fenway Park,outdoor,NBCS-CA,8/8/2026,Caleb Durbin,ATH,2.6,0.91,12/30/1899,0.19,0.04,0.07,0.48,0.37,0.18,0.33,,,,,6.9,8.91,6.9,6.9,Yes,-1.6,9.1,,https://www.freeiconspng.com/img/1934,
Dylan Crews,OF,WSH,Turbo,Sat Aug 08 2026 01:00:00 GMT-0500 (Central Daylight Time),"Turbo 8/8 6:05PM, 3 Games",4800,43784340,5.15,7,1.07,14.4,0.5776263158,0.103276,0.312775,0.38316,0.2103,1.0482,,,,,,0.3107,,,https://dkn.gs/sports/images/mlb/players/50/721281.png,n/a,CIN @ WSH,Reds @ Nationals,Nationals Park,outdoor,n/a,8/8/2026,Dylan Crews,CINWAS,2.06,0.73,12/30/1899,0.11,0.02,0.07,0.38,0.31,0.17,0.31,,,,,5.52,7.2,5.52,5.52,No,1.5,8.5,,https://www.freeiconspng.com/img/1934,
Sam Antonacci,OF,CWS,Classic,Sat Aug 08 2026 01:00:00 GMT-0500 (Central Daylight Time),"Classic 8/8 7:10PM, 9 Games",4200,43784712,5.6,7,1.33,12.6,0.5872842105,0.06906956522,0.2407,0.37263,0.1486,0.8247,,,,,,0.2883,,,https://dkn.gs/sports/images/mlb/teams/50/29970.png,n/a,CLE @ CWS,Guardians @ White Sox,Rate Field,outdoor,FOX,8/8/2026,Sam Antonacci,CLECHW,2.48,0.78,12/30/1899,0.15,0.03,0.05,0.37,0.24,0.15,0.29,,,,,5.53,7.06,5.53,5.53,No,1.5,7.5,,https://www.freeiconspng.com/img/1934,
Jac Caglianone,1B/OF,KC,Classic,Sat Aug 08 2026 01:00:00 GMT-0500 (Central Daylight Time),"Classic 8/8 7:10PM, 9 Games",4400,43784701,5.44,6.99,1.24,13.2,0.6495333333,0.10508,0.3647666667,0.39795,0.08318,1.0491,,,,,,0.2716,,,https://dkn.gs/sports/images/mlb/players/50/806141.png,n/a,CHC @ KC,Cubs @ Royals,Kauffman Stadium,outdoor,n/a,8/8/2026,Jac Caglianone,CHC,2.45,0.83,12/30/1899,0.16,0.03,0.08,0.4,0.36,0.08,0.27,,,,,5.81,7.55,5.81,5.81,No,1.5,9.5,,https://www.freeiconspng.com/img/1934,
Angel Martinez,OF,CLE,Classic,Sat Aug 08 2026 01:00:00 GMT-0500 (Central Daylight Time),"Classic 8/8 7:10PM, 9 Games",3900,43784733,5.78,6.96,1.48,11.7,,,,,,,,,,,,,,,https://dkn.gs/sports/images/mlb/players/50/565246.png,n/a,CLE @ CWS,Guardians @ White Sox,Rate Field,outdoor,FOX,8/8/2026,Angel Martinez,CWS,2.99,0.81,12/30/1899,0.18,0.02,0.11,0.36,0.32,0.15,0.24,,,,,6.28,8.01,6.28,6.28,Yes,-1.5,7.5,,https://www.freeiconspng.com/img/1934,
Geraldo Perdomo,SS,ARI,Classic,Sat Aug 08 2026 01:00:00 GMT-0500 (Central Daylight Time),"Classic 8/8 7:10PM, 9 Games",4000,43784731,5.67,6.94,1.42,12,0.597448,0.0578826087,0.2296384615,0.4078181818,0.1523,0.5556,,,,,,0.4056,,,https://dkn.gs/sports/images/mlb/players/50/112679.png,n/a,LAD @ AZ,Dodgers @ D'Backs,Chase Field,retractable,n/a,8/8/2026,Geraldo Perdomo,LAD,2.75,0.79,12/30/1899,0.17,0.04,0.05,0.41,0.23,0.15,0.41,,,,,6.04,7.75,6.04,6.04,No,1.5,8.4,,https://www.freeiconspng.com/img/1934,
Geraldo Perdomo,SS,ARI,Night,Sat Aug 08 2026 01:00:00 GMT-0500 (Central Daylight Time),"Night 8/8 8:10PM, 2 Games",4000,43788701,5.67,6.94,1.42,12,0.597448,0.0578826087,0.2296384615,0.4078181818,0.1523,0.5556,,,,,,0.4056,,,https://dkn.gs/sports/images/mlb/players/50/112679.png,n/a,LAD @ AZ,Dodgers @ D'Backs,Chase Field,retractable,n/a,8/8/2026,Geraldo Perdomo,LAD,2.75,0.79,12/30/1899,0.17,0.04,0.05,0.41,0.23,0.15,0.41,,,,,6.04,7.75,6.04,6.04,No,1.5,8.4,,https://www.freeiconspng.com/img/1934,
Bryson Stott,2B/3B,PHI,Turbo,Sat Aug 08 2026 01:00:00 GMT-0500 (Central Daylight Time),"Turbo 8/8 6:05PM, 3 Games",3800,43784360,5.81,6.93,1.53,11.4,0.6272473684,0.111416,0.3676,0.4286666667,0.1753,0.5798,,,,,,0.3522,,,https://dkn.gs/sports/images/mlb/players/50/459858.png,n/a,TOR @ PHI,Blue Jays @ Phillies,Citizens Bank Park,outdoor,NBCS-PH,8/8/2026,Bryson Stott,TOR,2.51,0.79,12/30/1899,0.15,0.03,0.09,0.43,0.37,0.18,0.35,,,,,6.43,8.39,6.43,6.43,Yes,-1.5,9.5,,https://www.freeiconspng.com/img/1934,
Nico Hoerner,2B,CHC,Classic,Sat Aug 08 2026 01:00:00 GMT-0500 (Central Daylight Time),"Classic 8/8 7:10PM, 9 Games",3800,43784739,5.8,6.92,1.53,11.4,0.9425952381,0.05497083333,0.366875,0.4290909091,0.1485466667,0.4049,,,,,,0.2607,,,https://dkn.gs/sports/images/mlb/players/50/32405.png,n/a,CHC @ KC,Cubs @ Royals,Kauffman Stadium,outdoor,n/a,8/8/2026,Nico Hoerner,KC,2.38,0.94,12/30/1899,0.18,0.03,0.04,0.43,0.37,0.15,0.26,,,,,6.21,7.98,6.21,6.21,Yes,-1.5,9.5,,https://www.freeiconspng.com/img/1934,
Jung Hoo Lee,OF,SF,Classic,Sat Aug 08 2026 01:00:00 GMT-0500 (Central Daylight Time),"Classic 8/8 7:10PM, 9 Games",3700,43784749,5.84,6.89,1.58,11.1,0.90443,0.05535833333,0.2962083333,0.4136363636,0.1019,0.4348,,,,,,0.2742,,,https://dkn.gs/sports/images/mlb/players/50/486319.png,n/a,DET @ SF,Tigers @ Giants,Oracle Park,outdoor,FOX,8/8/2026,Jung Hoo Lee,DET,2.63,0.92,12/30/1899,0.18,0.05,0.05,0.41,0.3,0.1,0.27,,,,,6.04,7.69,6.04,6.04,No,1.5,8.1,,https://www.freeiconspng.com/img/1934,
Jose Fermin,3B/OF,STL,Classic,Sat Aug 08 2026 01:00:00 GMT-0500 (Central Daylight Time),"Classic 8/8 7:10PM, 9 Games",3300,43784780,6.14,6.89,1.86,9.9,,,,,,,,,,,,,,,https://dkn.gs/sports/images/mlb/players/50/477429.png,n/a,COL @ STL,Rockies @ Cardinals,Busch Stadium,outdoor,n/a,8/8/2026,Jose Fermin,COL,2.63,0.85,12/30/1899,0.18,0.02,0.09,0.4,0.34,0.08,0.27,,,,,5.88,7.59,5.88,5.88,Yes,-1.5,8.5,,https://www.freeiconspng.com/img/1934,
Spencer Horwitz,1B,PIT,Turbo,Sat Aug 08 2026 01:00:00 GMT-0500 (Central Daylight Time),"Turbo 8/8 6:05PM, 3 Games",4100,43784352,5.47,6.84,1.33,12.3,0.594045,0.0904,0.348725,0.4190909091,0.0435,0.5,,,,,,0.4254,,,https://dkn.gs/sports/images/mlb/players/50/614107.png,n/a,NYM @ PIT,Mets @ Pirates,PNC Park,outdoor,n/a,8/8/2026,Spencer Horwitz,NYM,3.02,0.77,12/30/1899,0.2,0.01,0.09,0.42,0.35,0.04,0.43,,,,,6.01,7.9,6.01,6.01,Yes,-1.5,8.9,,https://www.freeiconspng.com/img/1934,
Bo Bichette,3B,NYM,Turbo,Sat Aug 08 2026 01:00:00 GMT-0500 (Central Daylight Time),"Turbo 8/8 6:05PM, 3 Games",4200,43784350,5.39,6.83,1.28,12.6,0.8797954545,0.069225,0.3396666667,0.37011,0.0978,0.6599,,,,,,0.2288,,,https://dkn.gs/sports/images/mlb/players/50/31996.png,n/a,NYM @ PIT,Mets @ Pirates,PNC Park,outdoor,n/a,8/8/2026,Bo Bichette,PIT,2.31,0.88,12/30/1899,0.15,0.01,0.05,0.37,0.34,0.09,0.23,,,,,5.44,6.97,5.44,5.44,No,1.5,8.9,,https://www.freeiconspng.com/img/1934,
Royce Lewis,1B/2B,MIN,Classic,Sat Aug 08 2026 01:00:00 GMT-0500 (Central Daylight Time),"Classic 8/8 7:10PM, 9 Games",4100,43784719,5.4,6.78,1.32,12.3,0.594635,0.15697,0.3526083333,0.39,0.1151,0.9288,,,,,,0.27,,,https://dkn.gs/sports/images/mlb/players/50/111048.png,n/a,MIN @ MIL,Twins @ Brewers,American Family Field,retractable,n/a,8/8/2026,Royce Lewis,MIL,2.28,0.78,12/30/1899,0.13,0.01,0.11,0.39,0.35,0.11,0.27,,,,,5.73,7.47,5.73,5.73,No,1.5,7.9,,https://www.freeiconspng.com/img/1934,
Jo Adell,OF,CLE,Classic,Sat Aug 08 2026 01:00:00 GMT-0500 (Central Daylight Time),"Classic 8/8 7:10PM, 9 Games",3600,43784752,5.77,6.78,1.6,10.8,0.61183,0.115712,0.3791727273,0.41397,0.1086933333,0.8406,,,,,,0.3195,,,https://dkn.gs/sports/images/mlb/players/50/110597.png,n/a,CLE @ CWS,Guardians @ White Sox,Rate Field,outdoor,FOX,8/8/2026,Jo Adell,CWS,3.11,0.77,12/30/1899,0.19,0.01,0.12,0.41,0.38,0.11,0.32,,,,,6.34,8.26,6.34,6.34,Yes,-1.5,7.5,,https://www.freeiconspng.com/img/1934,
Pedro Ramirez,CPT,CHC,Showdown Captain Mode,Sat Aug 08 2026 01:00:00 GMT-0500 (Central Daylight Time),Showdown Captain Mode 8/8 7:10PM (CHC @ KC),8400,43786551,2.16,6.77,0.26,25.2,0.68038,0.0648,0.3794,0.449,0.1327,,,,,,,0.2971,,,https://dkn.gs/sports/images/mlb/players/50/638241.png,n/a,CHC @ KC,Cubs @ Royals,Kauffman Stadium,outdoor,n/a,8/8/2026,Pedro Ramirez,KC,2.52,0.93,12/30/1899,0.18,0.05,0.05,0.45,0.38,0.13,0.3,,,,,6.47,8.34,6.47,6.47,Yes,-1.5,9.5,,https://www.freeiconspng.com/img/1934,
Gabriel Moreno,C,ARI,Classic,Sat Aug 08 2026 01:00:00 GMT-0500 (Central Daylight Time),"Classic 8/8 7:10PM, 9 Games",4200,43784713,5.29,6.75,1.26,12.6,0.605388,0.06605416667,0.3029666667,0.34212,0.07852,0.6951,,,,,,0.3329,,,https://dkn.gs/sports/images/mlb/players/50/459937.png,n/a,LAD @ AZ,Dodgers @ D'Backs,Chase Field,retractable,n/a,8/8/2026,Gabriel Moreno,LAD,2.55,0.77,12/30/1899,0.16,0.01,0.05,0.34,0.3,0.08,0.33,,,,,5.29,6.85,5.29,5.29,No,1.5,8.4,,https://www.freeiconspng.com/img/1934,
Gabriel Moreno,C,ARI,Night,Sat Aug 08 2026 01:00:00 GMT-0500 (Central Daylight Time),"Night 8/8 8:10PM, 2 Games",4200,43788702,5.29,6.75,1.26,12.6,0.605388,0.06605416667,0.3029666667,0.34212,0.07852,0.6951,,,,,,0.3329,,,https://dkn.gs/sports/images/mlb/players/50/459937.png,n/a,LAD @ AZ,Dodgers @ D'Backs,Chase Field,retractable,n/a,8/8/2026,Gabriel Moreno,LAD,2.55,0.77,12/30/1899,0.16,0.01,0.05,0.34,0.3,0.08,0.33,,,,,5.29,6.85,5.29,5.29,No,1.5,8.4,,https://www.freeiconspng.com/img/1934,
Michael Harris II,OF,ATL,Early,Sat Aug 08 2026 01:00:00 GMT-0500 (Central Daylight Time),"Early 8/8 3:05PM, 3 Games",4400,43784061,5.12,6.73,1.16,13.2,0.6349952381,0.1287769231,0.3688833333,0.39984,0.1128,0.7151,,,,,,,,,https://dkn.gs/sports/images/mlb/players/50/459716.png,12/30/1899,n/a,n/a,n/a,n/a,n/a,8/8/2026,,,,,,,,,,,,,,,,,,,,,,,,,,
Heriberto Hernandez,OF,MIA,Early,Sat Aug 08 2026 01:00:00 GMT-0500 (Central Daylight Time),"Early 8/8 3:05PM, 3 Games",3800,43784069,5.54,6.71,1.46,11.4,,,,,,,,,,,,,,,https://dkn.gs/sports/images/mlb/players/50/459923.png,n/a,LAA @ MIA,Angels @ Marlins,loanDepot park,retractable,Fox Sports 1,8/8/2026,Heriberto Hernandez,LAA,2.63,0.72,12/30/1899,0.14,0.02,0.08,0.39,0.35,0.11,0.41,,,,,5.86,7.7,5.86,5.86,Yes,-1.5,7.5,,https://www.freeiconspng.com/img/1934,
Nick Loftin,3B/OF,KC,Showdown Captain Mode,Sat Aug 08 2026 01:00:00 GMT-0500 (Central Daylight Time),Showdown Captain Mode 8/8 7:10PM (CHC @ KC),5000,43786456,4.63,6.7,0.93,15,0.5727473684,0.06250869565,0.2954818182,0.34167,0.0888,0.5,,,,,,0.2765,,,https://dkn.gs/sports/images/mlb/players/50/494698.png,n/a,CHC @ KC,Cubs @ Royals,Kauffman Stadium,outdoor,n/a,8/8/2026,Nick Loftin,CHC,2.02,0.76,12/30/1899,0.12,0.02,0.04,0.34,0.3,0.07,0.28,,,,,4.77,6.18,4.77,4.77,No,1.5,9.5,,https://www.freeiconspng.com/img/1934,
Dominic Canzone,OF,SEA,Classic,Sat Aug 08 2026 01:00:00 GMT-0500 (Central Daylight Time),"Classic 8/8 7:10PM, 9 Games",3800,43784742,5.52,6.69,1.45,11.4,0.5389133333,0.15699,0.3327272727,0.36408,0.0699,1.0032,,,,,,0.2697,,,https://dkn.gs/sports/images/mlb/players/50/614551.png,n/a,TB @ SEA,Rays @ Mariners,T-Mobile Park,retractable,n/a,8/8/2026,Dominic Canzone,TB,3.02,0.75,12/30/1899,0.17,0.01,0.16,0.36,0.33,0.07,0.27,,,,,6.01,7.77,6.01,6.01,Yes,-0.4,6.9,,https://www.freeiconspng.com/img/1934,
Dominic Canzone,OF,SEA,Night,Sat Aug 08 2026 01:00:00 GMT-0500 (Central Daylight Time),"Night 8/8 8:10PM, 2 Games",3800,43788722,5.52,6.69,1.45,11.4,0.5389133333,0.15699,0.3327272727,0.36408,0.0699,1.0032,,,,,,0.2697,,,https://dkn.gs/sports/images/mlb/players/50/614551.png,n/a,TB @ SEA,Rays @ Mariners,T-Mobile Park,retractable,n/a,8/8/2026,Dominic Canzone,TB,3.02,0.75,12/30/1899,0.17,0.01,0.16,0.36,0.33,0.07,0.27,,,,,6.01,7.77,6.01,6.01,Yes,-0.4,6.9,,https://www.freeiconspng.com/img/1934,
Willy Adames,SS,SF,Classic,Sat Aug 08 2026 01:00:00 GMT-0500 (Central Daylight Time),"Classic 8/8 7:10PM, 9 Games",4100,43784721,5.24,6.65,1.28,12.3,0.56302,0.09554,0.33675,0.39027,0.1117,1.0638,,,,,,0.3578,,,https://dkn.gs/sports/images/mlb/players/50/31686.png,n/a,DET @ SF,Tigers @ Giants,Oracle Park,outdoor,FOX,8/8/2026,Willy Adames,DET,2.32,0.71,12/30/1899,0.14,0.01,0.07,0.39,0.34,0.11,0.36,,,,,5.43,7.15,5.43,5.43,No,1.5,8.1,,https://www.freeiconspng.com/img/1934,
Ozzie Albies,2B,ATL,Early,Sat Aug 08 2026 01:00:00 GMT-0500 (Central Daylight Time),"Early 8/8 3:05PM, 3 Games",4300,43784062,5.04,6.61,1.17,12.9,0.5481904762,0.10744,0.3111,0.3594,0.0877,0.67,,,,,,0.2888,,,https://dkn.gs/sports/images/mlb/players/50/32255.png,n/a,ATL @ NYY,Braves @ Yankees,Yankee Stadium,outdoor,n/a,8/8/2026,Ozzie Albies,NYY,2.33,0.69,12/30/1899,0.12,0.01,0.08,0.36,0.31,0.08,0.29,,,,,5.05,6.62,5.05,5.05,Yes,-1.5,7.5,,https://www.freeiconspng.com/img/1934,
Amed Rosario,CPT,NYY,Showdown Captain Mode,Sat Aug 08 2026 01:00:00 GMT-0500 (Central Daylight Time),Showdown Captain Mode 8/8 3:05PM (ATL @ NYY),7800,43786366,2.41,6.61,0.31,23.4,0.5467666667,0.1207875,0.2606,0.3102888889,0.0833,0.76615,,,,,,,,,https://dkn.gs/sports/images/mlb/players/50/31787.png,12/30/1899,n/a,n/a,n/a,n/a,n/a,8/8/2026,,,,,,,,,,,,,,,,,,,,,,,,,,
Dansby Swanson,SS,CHC,Classic,Sat Aug 08 2026 01:00:00 GMT-0500 (Central Daylight Time),"Classic 8/8 7:10PM, 9 Games",3700,43784745,5.49,6.61,1.48,11.1,0.6413952381,0.108116,0.38685,0.44395,0.1100933333,0.5745,,,,,,0.3154,,,https://dkn.gs/sports/images/mlb/players/50/32252.png,n/a,CHC @ KC,Cubs @ Royals,Kauffman Stadium,outdoor,n/a,8/8/2026,Dansby Swanson,KC,2.47,0.84,12/30/1899,0.17,0.03,0.09,0.44,0.39,0.11,0.32,,,,,6.2,8.1,6.2,6.2,Yes,-1.5,9.5,,https://www.freeiconspng.com/img/1934,
Brandon Nimmo,OF,TEX,Classic,Sat Aug 08 2026 01:00:00 GMT-0500 (Central Daylight Time),"Classic 8/8 7:10PM, 9 Games",3900,43784735,5.3,6.58,1.36,11.7,0.607995,0.103336,0.35215,0.3945,0.0803,0.6599,,,,,,0.3655,,,https://dkn.gs/sports/images/mlb/players/50/31767.png,n/a,BAL @ TEX,Orioles @ Rangers,Globe Life Field,retractable,FOX,8/8/2026,Brandon Nimmo,BAL,2.21,0.81,12/30/1899,0.13,0.03,0.07,0.39,0.35,0.07,0.37,,,,,5.61,7.35,5.61,5.61,Yes,-1.5,7.5,,https://www.freeiconspng.com/img/1934,
Dane Myers,OF,CIN,Turbo,Sat Aug 08 2026 01:00:00 GMT-0500 (Central Daylight Time),"Turbo 8/8 6:05PM, 3 Games",2700,43784401,6.19,6.57,2.29,8.1,0.61027,0.0803875,0.3380083333,0.4154545455,0.1702,0.9465,,,,,,0.4126,,,https://dkn.gs/sports/images/mlb/players/50/638221.png,n/a,CIN @ WSH,Reds @ Nationals,Nationals Park,outdoor,n/a,8/8/2026,Dane Myers,WSH,3.13,0.8,12/30/1899,0.19,0.02,0.08,0.42,0.34,0.17,0.41,,,,,6.65,8.62,6.65,6.65,Yes,-1.5,8.5,,https://www.freeiconspng.com/img/1934,
Christian Encarnacion-Strand,3B,BAL,Classic,Sat Aug 08 2026 01:00:00 GMT-0500 (Central Daylight Time),"Classic 8/8 7:10PM, 9 Games",4400,43784705,4.91,6.57,1.12,13.2,0.56881,0.112132,0.3369923077,0.34815,0.07503333333,1.1235,,,,,,0.2609,,,https://dkn.gs/sports/images/mlb/players/50/581994.png,12/30/1899,n/a,n/a,n/a,n/a,n/a,8/8/2026,Christian Encarnacion-Strand,TEX,2.3,0.73,12/30/1899,0.14,0.01,0.08,0.35,0.34,0.07,0.26,,,,,5.1,6.67,5.1,5.1,No,1.5,7.5,,https://www.freeiconspng.com/img/1934,
Teoscar Hernandez,OF,LAD,Classic,Sat Aug 08 2026 01:00:00 GMT-0500 (Central Daylight Time),"Classic 8/8 7:10PM, 9 Games",3400,43784770,5.66,6.57,1.67,10.2,,,,,,,,,,,,,,,https://dkn.gs/sports/images/mlb/players/50/31969.png,n/a,LAD @ AZ,Dodgers @ D'Backs,Chase Field,retractable,n/a,8/8/2026,Teoscar Hernandez,ARI,2.65,0.79,12/30/1899,0.17,0.02,0.08,0.41,0.34,0.08,0.27,,,,,5.67,7.37,5.67,5.67,Yes,-1.5,8.4,,https://www.freeiconspng.com/img/1934,
Kyle Karros,3B,COL,Classic,Sat Aug 08 2026 01:00:00 GMT-0500 (Central Daylight Time),"Classic 8/8 7:10PM, 9 Games",3200,43784797,5.82,6.57,1.82,9.6,0.6568647059,0.1061,0.3087545455,0.4110909091,0.1128,0.79755,,,,,,0.3388,,,https://dkn.gs/sports/images/mlb/players/50/721208.png,n/a,COL @ STL,Rockies @ Cardinals,Busch Stadium,outdoor,n/a,8/8/2026,Kyle Karros,STL,2.46,0.87,12/30/1899,0.17,0.02,0.08,0.41,0.31,0.11,0.34,,,,,6.12,7.89,6.12,6.12,No,1.5,8.5,,https://www.freeiconspng.com/img/1934,
Teoscar Hernandez,OF,LAD,Night,Sat Aug 08 2026 01:00:00 GMT-0500 (Central Daylight Time),"Night 8/8 8:10PM, 2 Games",3400,43788621,5.66,6.57,1.67,10.2,,,,,,,,,,,,,,,https://dkn.gs/sports/images/mlb/players/50/31969.png,n/a,LAD @ AZ,Dodgers @ D'Backs,Chase Field,retractable,n/a,8/8/2026,Teoscar Hernandez,ARI,2.65,0.79,12/30/1899,0.17,0.02,0.08,0.41,0.34,0.08,0.27,,,,,5.67,7.37,5.67,5.67,Yes,-1.5,8.4,,https://www.freeiconspng.com/img/1934,
Kazuma Okamoto,1B/3B,TOR,Turbo,Sat Aug 08 2026 01:00:00 GMT-0500 (Central Daylight Time),"Turbo 8/8 6:05PM, 3 Games",3900,43784354,5.28,6.56,1.35,11.7,0.599135,0.1426692308,0.368325,0.4232090909,0.0435,1.6464,,,,,,0.2852,,,https://dkn.gs/sports/images/mlb/players/50/494762.png,n/a,TOR @ PHI,Blue Jays @ Phillies,Citizens Bank Park,outdoor,NBCS-PH,8/8/2026,Kazuma Okamoto,PHI,2.69,0.76,12/30/1899,0.16,0.01,0.13,0.42,0.37,0.04,0.29,,,,,5.77,7.58,5.77,5.77,No,1.5,9.5,,https://www.freeiconspng.com/img/1934,
Carson Benge,OF,NYM,Turbo,Sat Aug 08 2026 01:00:00 GMT-0500 (Central Daylight Time),"Turbo 8/8 6:05PM, 3 Games",4000,43784353,5.18,6.54,1.29,12,,,,,,,,,,,,,,,https://dkn.gs/sports/images/mlb/players/50/806151.png,12/30/1899,n/a,n/a,n/a,n/a,n/a,8/8/2026,Carson Benge,PIT,2.69,0.77,12/30/1899,0.17,0,0.11,0.36,0.35,0,0,,,,,4.76,6.11,4.76,4.76,No,1.5,8.9,,https://www.freeiconspng.com/img/1934,
Cole Young,2B,SEA,Classic,Sat Aug 08 2026 01:00:00 GMT-0500 (Central Daylight Time),"Classic 8/8 7:10PM, 9 Games",3600,43784755,5.48,6.54,1.52,10.8,0.5807266667,0.1128,0.26465,0.37785,0.08602,0.7101,,,,,,0.2864,,,https://dkn.gs/sports/images/mlb/players/50/658820.png,n/a,TB @ SEA,Rays @ Mariners,T-Mobile Park,retractable,n/a,8/8/2026,Cole Young,TB,2.68,0.83,12/30/1899,0.16,0.04,0.1,0.38,0.26,0.09,0.29,,,,,5.87,7.49,5.87,5.87,Yes,-0.4,6.9,,https://www.freeiconspng.com/img/1934,
Cole Young,2B,SEA,Night,Sat Aug 08 2026 01:00:00 GMT-0500 (Central Daylight Time),"Night 8/8 8:10PM, 2 Games",3600,43788791,5.48,6.54,1.52,10.8,0.5807266667,0.1128,0.26465,0.37785,0.08602,0.7101,,,,,,0.2864,,,https://dkn.gs/sports/images/mlb/players/50/658820.png,n/a,TB @ SEA,Rays @ Mariners,T-Mobile Park,retractable,n/a,8/8/2026,Cole Young,TB,2.68,0.83,12/30/1899,0.16,0.04,0.1,0.38,0.26,0.09,0.29,,,,,5.87,7.49,5.87,5.87,Yes,-0.4,6.9,,https://www.freeiconspng.com/img/1934,
Steven Kwan,OF,CLE,Classic,Sat Aug 08 2026 01:00:00 GMT-0500 (Central Daylight Time),"Classic 8/8 7:10PM, 9 Games",3400,43784767,5.62,6.53,1.65,10.2,0.6278210526,0.04789047619,0.2420636364,0.41364,0.1298571429,0.5652,,,,,,0.3609,,,https://dkn.gs/sports/images/mlb/players/50/477426.png,n/a,CLE @ CWS,Guardians @ White Sox,Rate Field,outdoor,FOX,8/8/2026,Steven Kwan,CWS,2.71,0.81,12/30/1899,0.16,0.02,0.04,0.41,0.24,0.13,0.36,,,,,5.75,7.36,5.75,5.75,Yes,-1.5,7.5,,https://www.freeiconspng.com/img/1934,
Nick Gonzales,3B,PIT,Turbo,Sat Aug 08 2026 01:00:00 GMT-0500 (Central Daylight Time),"Turbo 8/8 6:05PM, 3 Games",3700,43784362,5.38,6.52,1.45,11.1,0.636647619,0.05835416667,0.321075,0.38532,0.0867,0.6255,,,,,,0.2716,,,https://dkn.gs/sports/images/mlb/players/50/494684.png,12/30/1899,n/a,n/a,n/a,n/a,n/a,8/8/2026,Nick Gonzales,NYM,2.72,0.83,12/30/1899,0.17,0.03,0.05,0.39,0.32,0.09,0.27,,,,,5.65,7.25,5.65,5.65,Yes,-1.5,8.9,,https://www.freeiconspng.com/img/1934,
Isaac Paredes,3B,HOU,Classic,Sat Aug 08 2026 01:00:00 GMT-0500 (Central Daylight Time),"Classic 8/8 7:10PM, 9 Games",3800,43784740,5.26,6.49,1.38,11.4,0.5465789474,0.09045416667,0.3115727273,0.35427,,0.6503,,,,,,0.4076,,,https://dkn.gs/sports/images/mlb/players/50/110843.png,n/a,HOU @ SD,Astros @ Padres,Petco Park,outdoor,n/a,8/8/2026,Isaac Paredes,SD,3.05,0.68,12/30/1899,0.17,0,0.09,0.35,0.31,0,0.41,,,,,5.15,6.8,5.15,5.15,No,0.5,7.8,,https://www.freeiconspng.com/img/1934,
Ty France,1B,SD,Classic,Sat Aug 08 2026 01:00:00 GMT-0500 (Central Daylight Time),"Classic 8/8 7:10PM, 9 Games",4000,43784726,5.07,6.46,1.27,12,0.6158210526,0.10204,0.3292166667,0.38064,,0.6753,,,,,,0.2686,,,https://dkn.gs/sports/images/mlb/players/50/32626.png,n/a,HOU @ SD,Astros @ Padres,Petco Park,outdoor,n/a,8/8/2026,Ty France,HOU,2.51,0.75,12/30/1899,0.15,0,0.08,0.38,0.33,0,0.27,,,,,4.91,6.44,4.91,4.91,Yes,-0.5,7.8,,https://www.freeiconspng.com/img/1934,
Jose Altuve,2B,HOU,Classic,Sat Aug 08 2026 01:00:00 GMT-0500 (Central Daylight Time),"Classic 8/8 7:10PM, 9 Games",4100,43784725,4.97,6.43,1.21,12.3,0.5641,0.07665833333,0.2666916667,0.33285,0.0888,0.67,,,,,,0.312,,,https://dkn.gs/sports/images/mlb/players/50/31957.png,n/a,HOU @ SD,Astros @ Padres,Petco Park,outdoor,n/a,8/8/2026,Jose Altuve,SD,2.47,0.71,12/30/1899,0.12,0,0.06,0.33,0.27,0.09,0.31,,,,,4.92,6.36,4.92,4.92,No,0.5,7.8,,https://www.freeiconspng.com/img/1934,
Victor Mesa Jr.,OF,TB,Classic,Sat Aug 08 2026 01:00:00 GMT-0500 (Central Daylight Time),"Classic 8/8 7:10PM, 9 Games",4000,43784729,5.01,6.41,1.25,12,0.5370142857,0.1252333333,0.29805,0.31947,0.1316,1.0638,,,,,,0.2508,,,https://dkn.gs/sports/images/mlb/players/50/459815.png,12/30/1899,n/a,n/a,n/a,n/a,n/a,8/8/2026,Victor Mesa Jr.,SEA,2.44,0.7,12/30/1899,0.13,0.02,0.1,0.32,0.3,0.13,0.25,,,,,5.31,6.86,5.31,5.31,No,0.4,6.9,,https://www.freeiconspng.com/img/1934,
Victor Mesa Jr.,OF,TB,Night,Sat Aug 08 2026 01:00:00 GMT-0500 (Central Daylight Time),"Night 8/8 8:10PM, 2 Games",4000,43788747,5.01,6.41,1.25,12,0.5370142857,0.1252333333,0.29805,0.31947,0.1316,1.0638,,,,,,0.2508,,,https://dkn.gs/sports/images/mlb/players/50/459815.png,12/30/1899,n/a,n/a,n/a,n/a,n/a,8/8/2026,Victor Mesa Jr.,SEA,2.44,0.7,12/30/1899,0.13,0.02,0.1,0.32,0.3,0.13,0.25,,,,,5.31,6.86,5.31,5.31,No,0.4,6.9,,https://www.freeiconspng.com/img/1934,
Josh Bell,1B,MIN,Classic,Sat Aug 08 2026 01:00:00 GMT-0500 (Central Daylight Time),"Classic 8/8 7:10PM, 9 Games",3500,43784760,5.38,6.4,1.54,10.5,0.573835,0.116775,0.3283,0.3558,0.0486,0.6795,,,,,,0.2949,,,https://dkn.gs/sports/images/mlb/players/50/32169.png,n/a,MIN @ MIL,Twins @ Brewers,American Family Field,retractable,n/a,8/8/2026,Josh Bell,MIL,2.79,0.76,12/30/1899,0.16,0.02,0.11,0.36,0.33,0.05,0.29,,,,,5.56,7.21,5.56,5.56,No,1.5,7.9,,https://www.freeiconspng.com/img/1934,
Eugenio Suarez,3B,CIN,Turbo,Sat Aug 08 2026 01:00:00 GMT-0500 (Central Daylight Time),"Turbo 8/8 6:05PM, 3 Games",3600,43784369,5.29,6.39,1.47,10.8,,,,,,,,,,,,,,,https://dkn.gs/sports/images/mlb/players/50/32454.png,n/a,CIN @ WSH,Reds @ Nationals,Nationals Park,outdoor,n/a,8/8/2026,Eugenio Suarez,WSH,2.59,0.72,12/30/1899,0.15,0,0.11,0.44,0.38,0.07,0.44,,,,,5.96,7.94,5.96,5.96,Yes,-1.5,8.5,,https://www.freeiconspng.com/img/1934,
Colson Montgomery,SS,CWS,Classic,Sat Aug 08 2026 01:00:00 GMT-0500 (Central Daylight Time),"Classic 8/8 7:10PM, 9 Games",4500,43784694,4.61,6.39,1.02,13.5,0.49737,0.1249115385,0.3237333333,0.35364,0.06036666667,1.6449,,,,,,0.2944,,,https://dkn.gs/sports/images/mlb/players/50/587675.png,n/a,CLE @ CWS,Guardians @ White Sox,Rate Field,outdoor,FOX,8/8/2026,Colson Montgomery,CLECHW,2.2,0.58,12/30/1899,0.1,0,0.09,0.35,0.32,0.05,0.29,,,,,4.51,6.04,4.51,4.51,No,1.5,7.5,,https://www.freeiconspng.com/img/1934,
Austin Martin,OF,MIN,Classic,Sat Aug 08 2026 01:00:00 GMT-0500 (Central Daylight Time),"Classic 8/8 7:10PM, 9 Games",3000,43784815,5.72,6.37,1.91,9,0.5815736842,0.07290555556,0.2312454545,0.37695,0.12348,0.6403,,,,,,0.3224,,,https://dkn.gs/sports/images/mlb/players/50/494651.png,n/a,MIN @ MIL,Twins @ Brewers,American Family Field,retractable,n/a,8/8/2026,Austin Martin,MIL,2.93,0.79,12/30/1899,0.18,0.03,0.07,0.38,0.23,0.12,0.32,,,,,5.83,7.43,5.83,5.83,No,1.5,7.9,,https://www.freeiconspng.com/img/1934,
Alec Bohm,1B/3B,PHI,Turbo,Sat Aug 08 2026 01:00:00 GMT-0500 (Central Daylight Time),"Turbo 8/8 6:05PM, 3 Games",3600,43784366,5.25,6.36,1.46,10.8,0.7282272727,0.09226,0.3790583333,0.4342583333,0.07404,0.5745,,,,,,0.2841,,,https://dkn.gs/sports/images/mlb/players/50/112151.png,n/a,TOR @ PHI,Blue Jays @ Phillies,Citizens Bank Park,outdoor,NBCS-PH,8/8/2026,Alec Bohm,TOR,2.31,0.84,12/30/1899,0.14,0.01,0.07,0.43,0.38,0.07,0.28,,,,,5.63,7.36,5.63,5.63,Yes,-1.5,9.5,,https://www.freeiconspng.com/img/1934,
Ezequiel Duran,3B/SS,TEX,Classic,Sat Aug 08 2026 01:00:00 GMT-0500 (Central Daylight Time),"Classic 8/8 7:10PM, 9 Games",4100,43784722,4.88,6.36,1.19,12.3,0.544225,0.07107083333,0.28225,0.32127,0.1067,0.6656,,,,,,0.2753,,,https://dkn.gs/sports/images/mlb/players/50/459835.png,n/a,BAL @ TEX,Orioles @ Rangers,Globe Life Field,retractable,FOX,8/8/2026,Ezequiel Duran,BAL,2.46,0.71,12/30/1899,0.13,0.02,0.06,0.32,0.28,0.11,0.28,,,,,5.01,6.46,5.01,5.01,Yes,-1.5,7.5,,https://www.freeiconspng.com/img/1934,
Willi Castro,2B/3B,COL,Classic,Sat Aug 08 2026 01:00:00 GMT-0500 (Central Daylight Time),"Classic 8/8 7:10PM, 9 Games",4000,43784727,4.95,6.36,1.24,12,0.57285,0.1129,0.28545,0.35778,0.1504,0.9585,,,,,,0.2331,,,https://dkn.gs/sports/images/mlb/players/50/31887.png,n/a,COL @ STL,Rockies @ Cardinals,Busch Stadium,outdoor,n/a,8/8/2026,Willi Castro,STL,2.21,0.78,12/30/1899,0.13,0.02,0.08,0.36,0.29,0.14,0.23,,,,,5.36,6.89,5.36,5.36,No,1.5,8.5,,https://www.freeiconspng.com/img/1934,
Wade Meckler,OF,LAA,Early,Sat Aug 08 2026 01:00:00 GMT-0500 (Central Daylight Time),"Early 8/8 3:05PM, 3 Games",3100,43784090,5.59,6.33,1.8,9.3,0.6379,0.05275217391,0.2309083333,0.39273,0.1191,0.8104,,,,,,0.3032,,,https://dkn.gs/sports/images/mlb/players/50/698914.png,n/a,LAA @ MIA,Angels @ Marlins,loanDepot park,retractable,Fox Sports 1,8/8/2026,Wade Meckler,MIA,2.58,0.84,12/30/1899,0.16,0.04,0.04,0.39,0.23,0.12,0.3,,,,,5.63,7.15,5.63,5.63,No,1.5,7.5,,https://www.freeiconspng.com/img/1934,
Mike Yastrzemski,OF,ATL,Showdown Captain Mode,Sat Aug 08 2026 01:00:00 GMT-0500 (Central Daylight Time),Showdown Captain Mode 8/8 3:05PM (ATL @ NYY),5000,43786278,4.16,6.33,0.83,15,0.4855,0.1072166667,0.2692727273,0.32862,0.0928,0.6175,,,,,,0.2875,,,https://dkn.gs/sports/images/mlb/players/50/32717.png,n/a,ATL @ NYY,Braves @ Yankees,Yankee Stadium,outdoor,n/a,8/8/2026,Mike Yastrzemski,NYY,2.35,0.58,12/30/1899,0.11,0.01,0.08,0.33,0.27,0.09,0.29,,,,,4.6,6.07,4.6,4.6,Yes,-1.5,7.5,,https://www.freeiconspng.com/img/1934,
Masyn Winn,SS,STL,Classic,Sat Aug 08 2026 01:00:00 GMT-0500 (Central Daylight Time),"Classic 8/8 7:10PM, 9 Games",3400,43784765,5.36,6.33,1.58,10.2,0.6351666667,0.1044,0.32073,0.4000636364,0.1082,0.5,,,,,,0.3088,,,https://dkn.gs/sports/images/mlb/players/50/495674.png,n/a,COL @ STL,Rockies @ Cardinals,Busch Stadium,outdoor,n/a,8/8/2026,Masyn Winn,COL,2.33,0.85,12/30/1899,0.16,0.02,0.08,0.4,0.32,0.1,0.31,,,,,5.8,7.51,5.8,5.8,Yes,-1.5,8.5,,https://www.freeiconspng.com/img/1934,
Spencer Torkelson,1B,DET,Classic,Sat Aug 08 2026 01:00:00 GMT-0500 (Central Daylight Time),"Classic 8/8 7:10PM, 9 Games",4100,43784717,4.82,6.32,1.18,12.3,0.54332,0.10206,0.330975,0.37074,0.06106666667,1.1718,,,,,,0.3844,,,https://dkn.gs/sports/images/mlb/players/50/494683.png,n/a,DET @ SF,Tigers @ Giants,Oracle Park,outdoor,FOX,8/8/2026,Spencer Torkelson,SF,2.22,0.7,12/30/1899,0.13,0.01,0.07,0.37,0.33,0.06,0.38,,,,,5.06,6.72,5.06,5.06,Yes,-1.5,8.1,,https://www.freeiconspng.com/img/1934,
Andruw Monasterio,SS,BOS,Early,Sat Aug 08 2026 01:00:00 GMT-0500 (Central Daylight Time),"Early 8/8 3:05PM, 3 Games",3600,43784076,5.19,6.31,1.44,10.8,0.610335,0.103432,0.3785,0.4492666667,0.1186,0.6198,,,,,,0.4122,,,https://dkn.gs/sports/images/mlb/players/50/476374.png,n/a,ATH @ BOS,Athletics @ Red Sox,Fenway Park,outdoor,NBCS-CA,8/8/2026,Andruw Monasterio,ATH,2.7,0.81,12/30/1899,0.19,0.03,0.09,0.45,0.38,0.12,0.41,,,,,6.56,8.6,6.56,6.56,Yes,-1.6,9.1,,https://www.freeiconspng.com/img/1934,
Brandon Marsh,OF,PHI,Turbo,Sat Aug 08 2026 01:00:00 GMT-0500 (Central Daylight Time),"Turbo 8/8 6:05PM, 3 Games",3900,43784356,4.96,6.31,1.27,11.7,0.6537714286,0.1224884615,0.3876666667,0.452475,0.1127,0.67,,,,,,0.3062,,,https://dkn.gs/sports/images/mlb/players/50/110593.png,n/a,TOR @ PHI,Blue Jays @ Phillies,Citizens Bank Park,outdoor,NBCS-PH,8/8/2026,Brandon Marsh,TOR,1.25,0.84,12/30/1899,0.07,0.01,0.04,0.45,0.39,0.05,0.31,,,,,4.86,6.52,4.86,4.86,Yes,-1.5,9.5,,https://www.freeiconspng.com/img/1934,
Alejandro Kirk,C,TOR,Turbo,Sat Aug 08 2026 01:00:00 GMT-0500 (Central Daylight Time),"Turbo 8/8 6:05PM, 3 Games",3400,43784373,5.34,6.31,1.57,10.2,0.6545619048,0.094772,0.3428916667,0.4103636364,0.0435,0.5,,,,,,0.3172,,,https://dkn.gs/sports/images/mlb/players/50/459932.png,n/a,TOR @ PHI,Blue Jays @ Phillies,Citizens Bank Park,outdoor,NBCS-PH,8/8/2026,Alejandro Kirk,PHI,2.41,0.8,12/30/1899,0.14,0,0.07,0.41,0.34,0.04,0.32,,,,,5.36,7.02,5.36,5.36,No,1.5,9.5,,https://www.freeiconspng.com/img/1934,
Cal Raleigh,C,SEA,Classic,Sat Aug 08 2026 01:00:00 GMT-0500 (Central Daylight Time),"Classic 8/8 7:10PM, 9 Games",3900,43784734,4.96,6.31,1.27,11.7,0.4747235294,0.18258,0.32025,0.35094,0.06622,1.6754,,,,,,0.3558,,,https://dkn.gs/sports/images/mlb/players/50/111244.png,n/a,TB @ SEA,Rays @ Mariners,T-Mobile Park,retractable,n/a,8/8/2026,Cal Raleigh,TB,2.62,0.61,12/30/1899,0.12,0,0.16,0.35,0.32,0.07,0.36,,,,,5.38,7.13,5.38,5.38,Yes,-0.4,6.9,,https://www.freeiconspng.com/img/1934,
Cal Raleigh,C,SEA,Night,Sat Aug 08 2026 01:00:00 GMT-0500 (Central Daylight Time),"Night 8/8 8:10PM, 2 Games",3900,43788681,4.96,6.31,1.27,11.7,0.4747235294,0.18258,0.32025,0.35094,0.06622,1.6754,,,,,,0.3558,,,https://dkn.gs/sports/images/mlb/players/50/111244.png,n/a,TB @ SEA,Rays @ Mariners,T-Mobile Park,retractable,n/a,8/8/2026,Cal Raleigh,TB,2.62,0.61,12/30/1899,0.12,0,0.16,0.35,0.32,0.07,0.36,,,,,5.38,7.13,5.38,5.38,Yes,-0.4,6.9,,https://www.freeiconspng.com/img/1934,
Heliot Ramos,OF,NYY,Early,Sat Aug 08 2026 01:00:00 GMT-0500 (Central Daylight Time),"Early 8/8 3:05PM, 3 Games",4100,43784064,4.78,6.29,1.17,12.3,0.5500095238,0.113836,0.32005,0.35175,0.08226,1.2021,,,,,,0.2616,,,https://dkn.gs/sports/images/mlb/players/50/112445.png,n/a,ATL @ NYY,Braves @ Yankees,Yankee Stadium,outdoor,n/a,8/8/2026,Heliot Ramos,ATL,2.16,0.7,12/30/1899,0.12,0.01,0.08,0.35,0.32,0.07,0.26,,,,,4.85,6.36,4.85,4.85,No,1.5,7.5,,https://www.freeiconspng.com/img/1934,
Joc Pederson,1B,TEX,Classic,Sat Aug 08 2026 01:00:00 GMT-0500 (Central Daylight Time),"Classic 8/8 7:10PM, 9 Games",3200,43784795,5.45,6.28,1.7,9.6,0.5643315789,0.127624,0.3066636364,0.44835,0.06996,0.6997,,,,,,0.3642,,,https://dkn.gs/sports/images/mlb/players/50/32685.png,n/a,BAL @ TEX,Orioles @ Rangers,Globe Life Field,retractable,FOX,8/8/2026,Joc Pederson,BAL,2.82,0.73,12/30/1899,0.16,0.02,0.12,0.45,0.31,0.07,0.36,,,,,5.93,7.78,5.93,5.93,Yes,-1.5,7.5,,https://www.freeiconspng.com/img/1934,
Chandler Simpson,OF,TB,Classic,Sat Aug 08 2026 01:00:00 GMT-0500 (Central Daylight Time),"Classic 8/8 7:10PM, 9 Games",4300,43784706,4.62,6.27,1.07,12.9,0.7021,0.0561,0.2525181818,0.30558,0.2989,0.4255,,,,,,0.1701,,,https://dkn.gs/sports/images/mlb/players/50/703621.png,12/30/1899,n/a,n/a,n/a,n/a,n/a,8/8/2026,Chandler Simpson,SEA,2.16,0.86,12/30/1899,0.1,0.03,0.04,0.31,0.25,0.26,0.17,,,,,5.71,7.09,5.71,5.71,No,0.4,6.9,,https://www.freeiconspng.com/img/1934,
Daulton Varsho,OF,HOU,Classic,Sat Aug 08 2026 01:00:00 GMT-0500 (Central Daylight Time),"Classic 8/8 7:10PM, 9 Games",3400,43784774,5.29,6.27,1.55,10.2,0.539847619,0.093516,0.3201230769,0.34752,0.0904,0.7151,,,,,,0.3306,,,https://dkn.gs/sports/images/mlb/players/50/112681.png,n/a,HOU @ SD,Astros @ Padres,Petco Park,outdoor,n/a,8/8/2026,Daulton Varsho,SD,2.63,0.7,12/30/1899,0.15,0.03,0.08,0.35,0.32,0.09,0.33,,,,,5.42,7.07,5.42,5.42,No,0.5,7.8,,https://www.freeiconspng.com/img/1934,
Chandler Simpson,OF,TB,Night,Sat Aug 08 2026 01:00:00 GMT-0500 (Central Daylight Time),"Night 8/8 8:10PM, 2 Games",4300,43788795,4.62,6.27,1.07,12.9,0.7021,0.0561,0.2525181818,0.30558,0.2989,0.4255,,,,,,0.1701,,,https://dkn.gs/sports/images/mlb/players/50/703621.png,12/30/1899,n/a,n/a,n/a,n/a,n/a,8/8/2026,Chandler Simpson,SEA,2.16,0.86,12/30/1899,0.1,0.03,0.04,0.31,0.25,0.26,0.17,,,,,5.71,7.09,5.71,5.71,No,0.4,6.9,,https://www.freeiconspng.com/img/1934,
Nathan Lukes,OF,TOR,Turbo,Sat Aug 08 2026 01:00:00 GMT-0500 (Central Daylight Time),"Turbo 8/8 6:05PM, 3 Games",2900,43784386,5.65,6.26,1.95,8.7,0.7204909091,0.08682083333,0.3126833333,0.4249090909,0.07264,0.5745,,,,,,0.276,,,https://dkn.gs/sports/images/mlb/players/50/476984.png,n/a,TOR @ PHI,Blue Jays @ Phillies,Citizens Bank Park,outdoor,NBCS-PH,8/8/2026,Nathan Lukes,PHI,2.57,0.9,12/30/1899,0.16,0.05,0.07,0.42,0.31,0.07,0.28,,,,,5.98,7.66,5.98,5.98,No,1.5,9.5,,https://www.freeiconspng.com/img/1934,
Trent Grisham,OF,NYY,Early,Sat Aug 08 2026 01:00:00 GMT-0500 (Central Daylight Time),"Early 8/8 3:05PM, 3 Games",4600,43784059,4.36,6.25,0.95,13.8,0.5301421053,0.098064,0.2725583333,0.32241,0.101,1.0791,,,,,,0.3137,,,https://dkn.gs/sports/images/mlb/players/50/31614.png,n/a,ATL @ NYY,Braves @ Yankees,Yankee Stadium,outdoor,n/a,8/8/2026,Trent Grisham,ATL,2.41,0.64,12/30/1899,0.11,0.01,0.08,0.32,0.27,0.1,0.31,,,,,4.87,6.36,4.87,4.87,No,1.5,7.5,,https://www.freeiconspng.com/img/1934,
Nolan Schanuel,1B,LAA,Early,Sat Aug 08 2026 01:00:00 GMT-0500 (Central Daylight Time),"Early 8/8 3:05PM, 3 Games",3400,43784081,5.25,6.24,1.54,10.2,0.6558409091,0.053725,0.2893083333,0.33924,0.08522,0.56685,,,,,,0.3284,,,https://dkn.gs/sports/images/mlb/players/50/721183.png,n/a,LAA @ MIA,Angels @ Marlins,loanDepot park,retractable,Fox Sports 1,8/8/2026,Nolan Schanuel,MIA,2.71,0.81,12/30/1899,0.16,0.02,0.05,0.34,0.29,0.09,0.33,,,,,5.42,6.95,5.42,5.42,No,1.5,7.5,,https://www.freeiconspng.com/img/1934,
Rhys Hoskins,1B,CLE,Classic,Sat Aug 08 2026 01:00:00 GMT-0500 (Central Daylight Time),"Classic 8/8 7:10PM, 9 Games",3500,43784758,5.18,6.24,1.48,10.5,0.4957631579,0.108676,0.3160909091,0.37929,0.0879,1.0344,,,,,,0.4265,,,https://dkn.gs/sports/images/mlb/players/50/32056.png,n/a,CLE @ CWS,Guardians @ White Sox,Rate Field,outdoor,FOX,8/8/2026,Rhys Hoskins,CWS,2.49,0.59,12/30/1899,0.13,0,0.09,0.38,0.32,0.09,0.43,,,,,5.15,6.9,5.15,5.15,Yes,-1.5,7.5,,https://www.freeiconspng.com/img/1934,
Taylor Walls,SS,TB,Showdown Captain Mode,Sat Aug 08 2026 01:00:00 GMT-0500 (Central Daylight Time),Showdown Captain Mode 8/8 9:50PM (TB @ SEA),5200,43786653,3.8,6.16,0.73,15.6,0.4729055556,0.0822,0.2133272727,0.29595,0.2108,0.6997,,,,,,0.2789,,,https://dkn.gs/sports/images/mlb/players/50/459916.png,n/a,TB @ SEA,Rays @ Mariners,T-Mobile Park,retractable,n/a,8/8/2026,Taylor Walls,SEA,1.66,0.61,12/30/1899,0.07,0.01,0.04,0.3,0.21,0.13,0.28,,,,,4.19,5.44,4.19,4.19,No,0.4,6.9,,https://www.freeiconspng.com/img/1934,
Noelvi Marte,OF,CIN,Turbo,Sat Aug 08 2026 01:00:00 GMT-0500 (Central Daylight Time),"Turbo 8/8 6:05PM, 3 Games",3000,43784385,5.44,6.15,1.81,9,0.604795,0.08347916667,0.32355,0.4022727273,0.1455,1.0491,,,,,,0.3138,,,https://dkn.gs/sports/images/mlb/players/50/111254.png,n/a,CIN @ WSH,Reds @ Nationals,Nationals Park,outdoor,n/a,8/8/2026,Noelvi Marte,WSH,2.23,0.79,12/30/1899,0.13,0.02,0.06,0.4,0.32,0.13,0.31,,,,,5.63,7.31,5.63,5.63,Yes,-1.5,8.5,,https://www.freeiconspng.com/img/1934,
Cedric Mullins,OF,TB,Classic,Sat Aug 08 2026 01:00:00 GMT-0500 (Central Daylight Time),"Classic 8/8 7:10PM, 9 Games",3800,43784737,4.83,6.14,1.27,11.4,0.4828933333,0.12807,0.2943,0.31758,0.205,0.80245,,,,,,0.2283,,,https://dkn.gs/sports/images/mlb/players/50/31429.png,n/a,TB @ SEA,Rays @ Mariners,T-Mobile Park,retractable,n/a,8/8/2026,Cedric Mullins,SEA,2.16,0.68,12/30/1899,0.1,0.02,0.09,0.32,0.29,0.18,0.23,,,,,5.21,6.74,5.21,5.21,No,0.4,6.9,,https://www.freeiconspng.com/img/1934,
Cedric Mullins,OF,TB,Night,Sat Aug 08 2026 01:00:00 GMT-0500 (Central Daylight Time),"Night 8/8 8:10PM, 2 Games",3800,43788668,4.83,6.14,1.27,11.4,0.4828933333,0.12807,0.2943,0.31758,0.205,0.80245,,,,,,0.2283,,,https://dkn.gs/sports/images/mlb/players/50/31429.png,n/a,TB @ SEA,Rays @ Mariners,T-Mobile Park,retractable,n/a,8/8/2026,Cedric Mullins,SEA,2.16,0.68,12/30/1899,0.1,0.02,0.09,0.32,0.29,0.18,0.23,,,,,5.21,6.74,5.21,5.21,No,0.4,6.9,,https://www.freeiconspng.com/img/1934,
Colt Emerson,CPT,SEA,Showdown Captain Mode,Sat Aug 08 2026 01:00:00 GMT-0500 (Central Daylight Time),Showdown Captain Mode 8/8 9:50PM (TB @ SEA),6000,43786746,3.17,6.13,0.53,18,0.4235333333,0.0872,0.2140545455,0.26409,0.0879,1.2765,,,,,,0.2606,,,https://dkn.gs/sports/images/mlb/players/50/721267.png,12/30/1899,n/a,n/a,n/a,n/a,n/a,8/8/2026,Colt Emerson,TB,1.82,0.56,12/30/1899,0.07,0.01,0.05,0.26,0.21,0.06,0.26,,,,,3.67,4.81,3.67,3.67,Yes,-0.4,6.9,,https://www.freeiconspng.com/img/1934,
Colt Keith,3B,DET,Classic,Sat Aug 08 2026 01:00:00 GMT-0500 (Central Daylight Time),"Classic 8/8 7:10PM, 9 Games",3100,43784809,5.28,6.09,1.7,9.3,0.575885,0.0689,0.3201083333,0.35598,0.0834,0.5,,,,,,0.3655,,,https://dkn.gs/sports/images/mlb/players/50/497508.png,n/a,DET @ SF,Tigers @ Giants,Oracle Park,outdoor,FOX,8/8/2026,Colt Keith,SF,2.55,0.77,12/30/1899,0.15,0.03,0.06,0.36,0.32,0.08,0.37,,,,,5.51,7.16,5.51,5.51,Yes,-1.5,8.1,,https://www.freeiconspng.com/img/1934,
Josh Naylor,1B,SEA,Classic,Sat Aug 08 2026 01:00:00 GMT-0500 (Central Daylight Time),"Classic 8/8 7:10PM, 9 Games",3300,43784779,5.11,6.07,1.55,9.9,0.5451357143,0.1043,0.2907,0.33198,0.1558,0.57445,,,,,,0.2602,,,https://dkn.gs/sports/images/mlb/players/50/32551.png,n/a,TB @ SEA,Rays @ Mariners,T-Mobile Park,retractable,n/a,8/8/2026,Josh Naylor,TB,2.65,0.74,12/30/1899,0.15,0,0.09,0.33,0.29,0.16,0.26,,,,,5.58,7.16,5.58,5.58,Yes,-0.4,6.9,,https://www.freeiconspng.com/img/1934,
Josh Naylor,1B,SEA,Night,Sat Aug 08 2026 01:00:00 GMT-0500 (Central Daylight Time),"Night 8/8 8:10PM, 2 Games",3300,43788674,5.11,6.07,1.55,9.9,0.5451357143,0.1043,0.2907,0.33198,0.1558,0.57445,,,,,,0.2602,,,https://dkn.gs/sports/images/mlb/players/50/32551.png,n/a,TB @ SEA,Rays @ Mariners,T-Mobile Park,retractable,n/a,8/8/2026,Josh Naylor,TB,2.65,0.74,12/30/1899,0.15,0,0.09,0.33,0.29,0.16,0.26,,,,,5.58,7.16,5.58,5.58,Yes,-0.4,6.9,,https://www.freeiconspng.com/img/1934,
Vaughn Grissom,2B/3B,LAA,Early,Sat Aug 08 2026 01:00:00 GMT-0500 (Central Daylight Time),"Early 8/8 3:05PM, 3 Games",3700,43784073,4.79,6.05,1.3,11.1,0.6046454545,0.06461666667,0.2960538462,0.33096,0.0853,0.6951,,,,,,,,,https://dkn.gs/sports/images/mlb/players/50/459717.png,12/30/1899,n/a,n/a,n/a,n/a,n/a,8/8/2026,Vaughn Grissom,MIA,3.09,0.79,12/30/1899,0.18,0.03,0.06,0.33,0.3,0.09,0,,,,,5.04,6.31,5.04,5.04,No,1.5,7.5,,https://www.freeiconspng.com/img/1934,
Jahmai Jones,OF,BOS,Early,Sat Aug 08 2026 01:00:00 GMT-0500 (Central Daylight Time),"Early 8/8 3:05PM, 3 Games",2200,43784126,5.91,6.05,2.68,6.6,0.5218263158,0.1244125,0.3080909091,0.4779,0.0988,0.772,,,,,,0.3412,,,https://dkn.gs/sports/images/mlb/players/50/110591.png,n/a,ATH @ BOS,Athletics @ Red Sox,Fenway Park,outdoor,NBCS-CA,8/8/2026,Jahmai Jones,ATH,2.77,0.72,12/30/1899,0.17,0.04,0.11,0.48,0.31,0.1,0.34,,,,,6.14,8.05,6.14,6.14,Yes,-1.6,9.1,,https://www.freeiconspng.com/img/1934,
Spencer Jones,OF,NYY,Showdown Captain Mode,Sat Aug 08 2026 01:00:00 GMT-0500 (Central Daylight Time),Showdown Captain Mode 8/8 3:05PM (ATL @ NYY),6400,43786273,2.76,6.05,0.43,19.2,0.4641941176,0.07445,0.21855,0.2630875,0.09646666667,,,,,,,,,,https://dkn.gs/sports/images/mlb/players/50/693776.png,12/30/1899,n/a,n/a,n/a,n/a,n/a,8/8/2026,Spencer Jones,ATL,2.1,0.5,12/30/1899,0.07,0,0.05,0.26,0.22,0.08,0,,,,,3.16,4.06,3.16,3.16,No,1.5,7.5,,https://www.freeiconspng.com/img/1934,
Marcus Semien,2B,NYM,Turbo,Sat Aug 08 2026 01:00:00 GMT-0500 (Central Daylight Time),"Turbo 8/8 6:05PM, 3 Games",3400,43784374,5.01,6.05,1.47,10.2,0.546225,0.07632083333,0.29545,0.35454,0.1238,0.9585,,,,,,0.35,,,https://dkn.gs/sports/images/mlb/players/50/32620.png,n/a,NYM @ PIT,Mets @ Pirates,PNC Park,outdoor,n/a,8/8/2026,Marcus Semien,PIT,2.16,0.72,12/30/1899,0.12,0.03,0.05,0.35,0.3,0.11,0.35,,,,,5.16,6.73,5.16,5.16,No,1.5,8.9,,https://www.freeiconspng.com/img/1934,
Michael Massey,2B,KC,Classic,Sat Aug 08 2026 01:00:00 GMT-0500 (Central Daylight Time),"Classic 8/8 7:10PM, 9 Games",3700,43784747,4.77,6.04,1.29,11.1,0.58798,0.07173333333,0.2978333333,0.3477,0.07298,0.5,,,,,,0.2458,,,https://dkn.gs/sports/images/mlb/players/50/585891.png,12/30/1899,n/a,n/a,n/a,n/a,n/a,8/8/2026,Michael Massey,CHC,2.28,0.78,12/30/1899,0.14,0.03,0.05,0.35,0.3,0.07,0.25,,,,,4.99,6.44,4.99,4.99,No,1.5,9.5,,https://www.freeiconspng.com/img/1934,
Paul Goldschmidt,1B,NYY,Showdown Captain Mode,Sat Aug 08 2026 01:00:00 GMT-0500 (Central Daylight Time),Showdown Captain Mode 8/8 3:05PM (ATL @ NYY),6200,43786274,2.88,6.02,0.46,18.6,0.5780538462,0.1551875,0.2948222222,0.40866,0.0973,1.1112,,,,,,0.3343,,,https://dkn.gs/sports/images/mlb/players/50/32330.png,n/a,ATL @ NYY,Braves @ Yankees,Yankee Stadium,outdoor,n/a,8/8/2026,,,,,,,,,,,,,,,,,,,,,,,,,,
Cooper Pratt,SS,MIL,Classic,Sat Aug 08 2026 01:00:00 GMT-0500 (Central Daylight Time),"Classic 8/8 7:10PM, 9 Games",3500,43784759,4.9,6.02,1.4,10.5,0.53403,0.07273684211,0.3029666667,0.3414,0.1914545455,0.6255,,,,,,0.2991,,,https://dkn.gs/sports/images/mlb/players/50/721248.png,n/a,MIN @ MIL,Twins @ Brewers,American Family Field,retractable,n/a,8/8/2026,Cooper Pratt,MIN,2.66,0.71,12/30/1899,0.14,0.03,0.06,0.34,0.3,0.19,0.3,,,,,5.77,7.42,5.77,5.77,Yes,-1.5,7.9,,https://www.freeiconspng.com/img/1934,
Jazz Chisholm Jr.,2B,NYY,Early,Sat Aug 08 2026 01:00:00 GMT-0500 (Central Daylight Time),"Early 8/8 3:05PM, 3 Games",4900,43784055,3.82,5.99,0.78,14.7,0.4915545455,0.095768,0.2513833333,0.30738,0.1917,1.2624,,,,,,0.2622,,,https://dkn.gs/sports/images/mlb/players/50/112676.png,12/30/1899,n/a,n/a,n/a,n/a,n/a,8/8/2026,,,,,,,,,,,,,,,,,,,,,,,,,,
Kyle Isbel,CPT,KC,Showdown Captain Mode,Sat Aug 08 2026 01:00:00 GMT-0500 (Central Daylight Time),Showdown Captain Mode 8/8 7:10PM (CHC @ KC),4800,43786562,3.88,5.98,0.81,14.4,0.4783285714,0.0777,0.2551818182,0.31398,0.0799,0.5569333333,,,,,,0.2239,,,https://dkn.gs/sports/images/mlb/players/50/110905.png,n/a,CHC @ KC,Cubs @ Royals,Kauffman Stadium,outdoor,n/a,8/8/2026,Kyle Isbel,CHC,1.79,0.74,12/30/1899,0.09,0.04,0.04,0.31,0.26,0.06,0.22,,,,,4.31,5.56,4.31,4.31,No,1.5,9.5,,https://www.freeiconspng.com/img/1934,
Griffin Conine,OF,MIA,Early,Sat Aug 08 2026 01:00:00 GMT-0500 (Central Daylight Time),"Early 8/8 3:05PM, 3 Games",3100,43784089,5.14,5.97,1.66,9.3,0.52585,0.081675,0.325825,0.37407,0.07086,1.0344,,,,,,0.3882,,,https://dkn.gs/sports/images/mlb/players/50/111469.png,n/a,LAA @ MIA,Angels @ Marlins,loanDepot park,retractable,Fox Sports 1,8/8/2026,Griffin Conine,LAA,2.26,0.7,12/30/1899,0.11,0.03,0.06,0.37,0.33,0.07,0.39,,,,,5.14,6.79,5.14,5.14,Yes,-1.5,7.5,,https://www.freeiconspng.com/img/1934,
Ernie Clement,2B/3B,TOR,Turbo,Sat Aug 08 2026 01:00:00 GMT-0500 (Central Daylight Time),"Turbo 8/8 6:05PM, 3 Games",3300,43784375,4.95,5.94,1.5,9.9,0.6870869565,0.068375,0.3137833333,0.35499,0.0877,0.4444,,,,,,0.2258,,,https://dkn.gs/sports/images/mlb/players/50/476375.png,12/30/1899,n/a,n/a,n/a,n/a,n/a,8/8/2026,Ernie Clement,PHI,2.42,0.85,12/30/1899,0.15,0.02,0.05,0.35,0.31,0.09,0.23,,,,,5.37,6.86,5.37,5.37,No,1.5,9.5,,https://www.freeiconspng.com/img/1934,
Jake Burger,1B,TEX,Classic,Sat Aug 08 2026 01:00:00 GMT-0500 (Central Daylight Time),"Classic 8/8 7:10PM, 9 Games",3600,43784756,4.7,5.92,1.31,10.8,0.5426,0.106884,0.337575,0.34266,0.06773333333,1.095,,,,,,0.2536,,,https://dkn.gs/sports/images/mlb/players/50/110690.png,n/a,BAL @ TEX,Orioles @ Rangers,Globe Life Field,retractable,FOX,8/8/2026,Jake Burger,BAL,2.29,0.69,12/30/1899,0.12,0.01,0.08,0.34,0.34,0.06,0.25,,,,,4.85,6.37,4.85,4.85,Yes,-1.5,7.5,,https://www.freeiconspng.com/img/1934,
Luis Campusano,C,SD,Classic,Sat Aug 08 2026 01:00:00 GMT-0500 (Central Daylight Time),"Classic 8/8 7:10PM, 9 Games",3600,43784753,4.69,5.91,1.3,10.8,0.4732888889,0.1365,0.28017,0.32865,0.05703333333,0.6552,,,,,,0.297,,,https://dkn.gs/sports/images/mlb/players/50/112359.png,n/a,HOU @ SD,Astros @ Padres,Petco Park,outdoor,n/a,8/8/2026,Luis Campusano,HOU,2.25,0.66,12/30/1899,0.1,0,0.1,0.33,0.28,0.05,0.3,,,,,4.68,6.14,4.68,4.68,Yes,-0.5,7.8,,https://www.freeiconspng.com/img/1934,
Osleivis Basabe,2B,SF,Classic,Sat Aug 08 2026 01:00:00 GMT-0500 (Central Daylight Time),"Classic 8/8 7:10PM, 9 Games",3200,43784798,4.96,5.89,1.55,9.6,0.5544736842,0.06803333333,0.2797083333,0.3202333333,0.08074,0.80245,,,,,,0.2503,,,https://dkn.gs/sports/images/mlb/players/50/476622.png,n/a,DET @ SF,Tigers @ Giants,Oracle Park,outdoor,FOX,8/8/2026,Osleivis Basabe,DET,2.26,0.74,12/30/1899,0.12,0.03,0.05,0.32,0.28,0.07,0.25,,,,,4.78,6.15,4.78,4.78,No,1.5,8.1,,https://www.freeiconspng.com/img/1934,
Max Clark,OF,DET,Classic,Sat Aug 08 2026 01:00:00 GMT-0500 (Central Daylight Time),"Classic 8/8 7:10PM, 9 Games",3200,43784796,4.95,5.88,1.55,9.6,0.548295,0.06442083333,0.2850916667,0.34689,0.0945,0.9288,,,,,,0.3595,,,https://dkn.gs/sports/images/mlb/teams/50/29871.png,n/a,DET @ SF,Tigers @ Giants,Oracle Park,outdoor,FOX,8/8/2026,Max Clark,SF,2.29,0.73,12/30/1899,0.12,0.03,0.05,0.35,0.29,0.09,0.36,,,,,5.1,6.64,5.1,5.1,Yes,-1.5,8.1,,https://www.freeiconspng.com/img/1934,
Travis Bazzana,2B,CLE,Classic,Sat Aug 08 2026 01:00:00 GMT-0500 (Central Daylight Time),"Classic 8/8 7:10PM, 9 Games",4500,43784695,3.96,5.87,0.88,13.5,,,,,,,,,,,,,,,https://dkn.gs/sports/images/mlb/teams/50/29913.png,12/30/1899,n/a,n/a,n/a,n/a,n/a,8/8/2026,Travis Bazzana,CWS,2.56,0.67,12/30/1899,0.13,0,0.09,0.33,0.29,0,0,,,,,3.99,5.13,3.99,3.99,Yes,-1.5,7.5,,https://www.freeiconspng.com/img/1934,
Miguel Amaya,CPT,CHC,Showdown Captain Mode,Sat Aug 08 2026 01:00:00 GMT-0500 (Central Daylight Time),Showdown Captain Mode 8/8 7:10PM (CHC @ KC),6600,43786557,2.39,5.87,0.36,19.8,0.5077714286,0.1072,0.30435,0.3745,,0.5,,,,,,0.2639,,,https://dkn.gs/sports/images/mlb/players/50/111669.png,n/a,CHC @ KC,Cubs @ Royals,Kauffman Stadium,outdoor,n/a,8/8/2026,,,,,,,,,,,,,,,,,,,,,,,,,,
Xander Bogaerts,SS,SD,Classic,Sat Aug 08 2026 01:00:00 GMT-0500 (Central Daylight Time),"Classic 8/8 7:10PM, 9 Games",3500,43784757,4.57,5.76,1.31,10.5,0.5291533333,0.1234,0.2821818182,0.35292,0.117,0.6154,,,,,,0.3255,,,https://dkn.gs/sports/images/mlb/players/50/31474.png,n/a,HOU @ SD,Astros @ Padres,Petco Park,outdoor,n/a,8/8/2026,Xander Bogaerts,HOU,2.07,0.74,12/30/1899,0.1,0.01,0.08,0.35,0.28,0.1,0.33,,,,,5.12,6.66,5.12,5.12,Yes,-0.5,7.8,,https://www.freeiconspng.com/img/1934,
Luke Keaschall,OF,MIN,Classic,Sat Aug 08 2026 01:00:00 GMT-0500 (Central Daylight Time),"Classic 8/8 7:10PM, 9 Games",3200,43784783,4.8,5.76,1.5,9.6,0.55999,0.07288421053,0.2531,0.33654,0.1243636364,0.6503,,,,,,0.2878,,,https://dkn.gs/sports/images/mlb/players/50/721253.png,n/a,MIN @ MIL,Twins @ Brewers,American Family Field,retractable,n/a,8/8/2026,Luke Keaschall,MIL,1.9,0.76,12/30/1899,0.1,0.02,0.04,0.34,0.25,0.09,0.29,,,,,4.75,6.12,4.75,4.75,No,1.5,7.9,,https://www.freeiconspng.com/img/1934,
Jared Young,1B,NYM,Turbo,Sat Aug 08 2026 01:00:00 GMT-0500 (Central Daylight Time),"Turbo 8/8 6:05PM, 3 Games",2800,43784396,5.09,5.75,1.82,8.4,0.5453684211,0.09359583333,0.3193,0.3765,0.0901,0.7899,,,,,,0.3449,,,https://dkn.gs/sports/images/mlb/players/50/476358.png,n/a,NYM @ PIT,Mets @ Pirates,PNC Park,outdoor,n/a,8/8/2026,Jared Young,PIT,2.57,0.71,12/30/1899,0.15,0.03,0.08,0.38,0.32,0.09,0.34,,,,,5.47,7.16,5.47,5.47,No,1.5,8.9,,https://www.freeiconspng.com/img/1934,
Evan Carter,OF,TEX,Classic,Sat Aug 08 2026 01:00:00 GMT-0500 (Central Daylight Time),"Classic 8/8 7:10PM, 9 Games",3000,43784817,4.93,5.74,1.64,9,0.5223947368,0.06675416667,0.2810833333,0.35184,0.1507,0.9147,,,,,,0.426,,,https://dkn.gs/sports/images/mlb/players/50/495641.png,n/a,BAL @ TEX,Orioles @ Rangers,Globe Life Field,retractable,FOX,8/8/2026,Evan Carter,BAL,2.27,0.66,12/30/1899,0.12,0.03,0.05,0.35,0.28,0.14,0.43,,,,,5.28,6.93,5.28,5.28,Yes,-1.5,7.5,,https://www.freeiconspng.com/img/1934,
Jakob Marsee,OF,MIA,Early,Sat Aug 08 2026 01:00:00 GMT-0500 (Central Daylight Time),"Early 8/8 3:05PM, 3 Games",3500,43784080,4.54,5.73,1.3,10.5,0.5386277778,0.06928421053,0.2820916667,0.36912,0.1434,0.5521,,,,,,0.4204,,,https://dkn.gs/sports/images/mlb/players/50/700627.png,n/a,LAA @ MIA,Angels @ Marlins,loanDepot park,retractable,Fox Sports 1,8/8/2026,Jakob Marsee,LAA,1.96,0.68,12/30/1899,0.1,0.03,0.04,0.37,0.28,0.11,0.42,,,,,5.04,6.64,5.04,5.04,Yes,-1.5,7.5,,https://www.freeiconspng.com/img/1934,
Brendan Donovan,3B,SEA,Classic,Sat Aug 08 2026 01:00:00 GMT-0500 (Central Daylight Time),"Classic 8/8 7:10PM, 9 Games",3200,43784788,4.76,5.73,1.49,9.6,0.5206142857,0.0918,0.2643,0.30189,0.0742,0.5816,,,,,,0.2481,,,https://dkn.gs/sports/images/mlb/players/50/595465.png,n/a,TB @ SEA,Rays @ Mariners,T-Mobile Park,retractable,n/a,8/8/2026,Brendan Donovan,TB,2.52,0.71,12/30/1899,0.14,0.01,0.07,0.3,0.26,0.07,0.25,,,,,4.82,6.2,4.82,4.82,Yes,-0.4,6.9,,https://www.freeiconspng.com/img/1934,
Brendan Donovan,3B,SEA,Night,Sat Aug 08 2026 01:00:00 GMT-0500 (Central Daylight Time),"Night 8/8 8:10PM, 2 Games",3200,43788706,4.76,5.73,1.49,9.6,0.5206142857,0.0918,0.2643,0.30189,0.0742,0.5816,,,,,,0.2481,,,https://dkn.gs/sports/images/mlb/players/50/595465.png,n/a,TB @ SEA,Rays @ Mariners,T-Mobile Park,retractable,n/a,8/8/2026,Brendan Donovan,TB,2.52,0.71,12/30/1899,0.14,0.01,0.07,0.3,0.26,0.07,0.25,,,,,4.82,6.2,4.82,4.82,Yes,-0.4,6.9,,https://www.freeiconspng.com/img/1934,
Austin Riley,3B,ATL,Early,Sat Aug 08 2026 01:00:00 GMT-0500 (Central Daylight Time),"Early 8/8 3:05PM, 3 Games",3600,43784075,4.45,5.72,1.24,10.8,0.5316533333,0.16239,0.3097272727,0.36444,0.0841,1.0086,,,,,,0.2687,,,https://dkn.gs/sports/images/mlb/players/50/32260.png,n/a,ATL @ NYY,Braves @ Yankees,Yankee Stadium,outdoor,n/a,8/8/2026,Austin Riley,NYY,2.28,0.72,12/30/1899,0.12,0,0.12,0.36,0.31,0.08,0.27,,,,,5.21,6.82,5.21,5.21,Yes,-1.5,7.5,,https://www.freeiconspng.com/img/1934,
Jake Cronenworth,2B,SD,Classic,Sat Aug 08 2026 01:00:00 GMT-0500 (Central Daylight Time),"Classic 8/8 7:10PM, 9 Games",2900,43784826,4.97,5.71,1.71,8.7,0.55237,0.07054583333,0.2776916667,0.38991,0.0857,0.8517,,,,,,0.4036,,,https://dkn.gs/sports/images/mlb/players/50/457193.png,n/a,HOU @ SD,Astros @ Padres,Petco Park,outdoor,n/a,8/8/2026,Jake Cronenworth,HOU,2.16,0.73,12/30/1899,0.12,0.02,0.05,0.39,0.28,0.08,0.4,,,,,5.13,6.73,5.13,5.13,Yes,-0.5,7.8,,https://www.freeiconspng.com/img/1934,
Taylor Ward,OF,SEA,Classic,Sat Aug 08 2026 01:00:00 GMT-0500 (Central Daylight Time),"Classic 8/8 7:10PM, 9 Games",4100,43784716,4.04,5.69,0.99,12.3,0.47145,0.11052,0.2542727273,0.33717,0.0793,0.6997,,,,,,0.4422,,,https://dkn.gs/sports/images/mlb/players/50/32224.png,n/a,TB @ SEA,Rays @ Mariners,T-Mobile Park,retractable,n/a,8/8/2026,Taylor Ward,TB,2.38,0.64,12/30/1899,0.11,0,0.08,0.34,0.25,0.08,0.44,,,,,4.98,6.57,4.98,4.98,Yes,-0.4,6.9,,https://www.freeiconspng.com/img/1934,
Jackson Holliday,2B/SS,BAL,Classic,Sat Aug 08 2026 01:00:00 GMT-0500 (Central Daylight Time),"Classic 8/8 7:10PM, 9 Games",3500,43784762,4.49,5.69,1.28,10.5,0.51424,0.08237083333,0.2648583333,0.32064,0.1033,1.1718,,,,,,0.3346,,,https://dkn.gs/sports/images/mlb/players/50/658741.png,n/a,BAL @ TEX,Orioles @ Rangers,Globe Life Field,retractable,FOX,8/8/2026,Jackson Holliday,TEX,1.9,0.68,12/30/1899,0.09,0.02,0.05,0.32,0.26,0.08,0.33,,,,,4.54,5.94,4.54,4.54,No,1.5,7.5,,https://www.freeiconspng.com/img/1934,
Taylor Ward,OF,SEA,Night,Sat Aug 08 2026 01:00:00 GMT-0500 (Central Daylight Time),"Night 8/8 8:10PM, 2 Games",4100,43788662,4.04,5.69,0.99,12.3,0.47145,0.11052,0.2542727273,0.33717,0.0793,0.6997,,,,,,0.4422,,,https://dkn.gs/sports/images/mlb/players/50/32224.png,n/a,TB @ SEA,Rays @ Mariners,T-Mobile Park,retractable,n/a,8/8/2026,Taylor Ward,TB,2.38,0.64,12/30/1899,0.11,0,0.08,0.34,0.25,0.08,0.44,,,,,4.98,6.57,4.98,4.98,Yes,-0.4,6.9,,https://www.freeiconspng.com/img/1934,
Salvador Perez,1B/C,KC,Classic,Sat Aug 08 2026 01:00:00 GMT-0500 (Central Daylight Time),"Classic 8/8 7:10PM, 9 Games",3200,43784786,4.7,5.68,1.47,9.6,0.613995,0.101764,0.3555416667,0.37236,,0.6255,,,,,,0.2559,,,https://dkn.gs/sports/images/mlb/players/50/32058.png,n/a,CHC @ KC,Cubs @ Royals,Kauffman Stadium,outdoor,n/a,8/8/2026,Salvador Perez,CHC,2.41,0.77,12/30/1899,0.15,0,0.08,0.37,0.36,0,0.26,,,,,4.93,6.47,4.93,4.93,No,1.5,9.5,,https://www.freeiconspng.com/img/1934,
Nasim Nunez,2B/SS,WSH,Turbo,Sat Aug 08 2026 01:00:00 GMT-0500 (Central Daylight Time),"Turbo 8/8 6:05PM, 3 Games",3600,43784364,4.39,5.67,1.22,10.8,,,,,,,,,,,,,,,https://dkn.gs/sports/images/mlb/players/50/459818.png,n/a,CIN @ WSH,Reds @ Nationals,Nationals Park,outdoor,n/a,8/8/2026,Nasim Nunez,CINWAS,1.71,0.65,12/30/1899,0.08,0.03,0.02,0.32,0.22,0.24,0.34,,,,,4.95,6.38,4.95,4.95,No,1.5,8.5,,https://www.freeiconspng.com/img/1934,
Brayan Rocchio,SS,CLE,Classic,Sat Aug 08 2026 01:00:00 GMT-0500 (Central Daylight Time),"Classic 8/8 7:10PM, 9 Games",3700,43784743,4.3,5.66,1.16,11.1,0.5647380952,0.0589125,0.267,0.32955,0.1395866667,0.6503,,,,,,0.281,,,https://dkn.gs/sports/images/mlb/players/50/110769.png,n/a,CLE @ CWS,Guardians @ White Sox,Rate Field,outdoor,FOX,8/8/2026,Brayan Rocchio,CWS,2.37,0.75,12/30/1899,0.13,0.03,0.04,0.33,0.27,0.14,0.28,,,,,5.22,6.68,5.22,5.22,Yes,-1.5,7.5,,https://www.freeiconspng.com/img/1934,
Matt McLain,2B/OF,CIN,Turbo,Sat Aug 08 2026 01:00:00 GMT-0500 (Central Daylight Time),"Turbo 8/8 6:05PM, 3 Games",3200,43784379,4.66,5.65,1.46,9.6,0.4912666667,0.1099,0.2774545455,0.37488,0.1297,0.9147,,,,,,0.3719,,,https://dkn.gs/sports/images/mlb/players/50/581846.png,n/a,CIN @ WSH,Reds @ Nationals,Nationals Park,outdoor,n/a,8/8/2026,Matt McLain,WSH,2.42,0.7,12/30/1899,0.13,0.02,0.08,0.37,0.28,0.13,0.37,,,,,5.54,7.22,5.54,5.54,Yes,-1.5,8.5,,https://www.freeiconspng.com/img/1934,
Isaac Collins,CPT,KC,Showdown Captain Mode,Sat Aug 08 2026 01:00:00 GMT-0500 (Central Daylight Time),Showdown Captain Mode 8/8 7:10PM (CHC @ KC),7200,43786555,1.63,5.62,0.23,21.6,0.550405,0.06132173913,0.250275,0.34959,0.1072153846,0.6198,,,,,,0.3687,,,https://dkn.gs/sports/images/mlb/players/50/478562.png,n/a,CHC @ KC,Cubs @ Royals,Kauffman Stadium,outdoor,n/a,8/8/2026,Isaac Collins,CHC,2.01,0.74,12/30/1899,0.11,0.03,0.04,0.35,0.25,0.09,0.37,,,,,4.88,6.35,4.88,4.88,No,1.5,9.5,,https://www.freeiconspng.com/img/1934,
Keibert Ruiz,C,WSH,Turbo,Sat Aug 08 2026 01:00:00 GMT-0500 (Central Daylight Time),"Turbo 8/8 6:05PM, 3 Games",3700,43784363,4.24,5.61,1.15,11.1,0.5653857143,0.08225416667,0.3091615385,0.3309,0.0877,0.53655,,,,,,0.2457,,,https://dkn.gs/sports/images/mlb/players/50/69415.png,n/a,CIN @ WSH,Reds @ Nationals,Nationals Park,outdoor,n/a,8/8/2026,Keibert Ruiz,CINWAS,2.22,0.72,12/30/1899,0.12,0.01,0.06,0.33,0.31,0.08,0.25,,,,,4.79,6.22,4.79,4.79,No,1.5,8.5,,https://www.freeiconspng.com/img/1934,
Abimelec Ortiz,1B,WSH,Turbo,Sat Aug 08 2026 01:00:00 GMT-0500 (Central Daylight Time),"Turbo 8/8 6:05PM, 3 Games",2400,43784410,5.19,5.59,2.16,7.2,0.5213421053,0.09549166667,0.3006636364,0.37047,0.0955,1.0791,,,,,,0.3616,,,https://dkn.gs/sports/images/mlb/players/50/721276.png,n/a,CIN @ WSH,Reds @ Nationals,Nationals Park,outdoor,n/a,8/8/2026,Abimelec Ortiz,CINWAS,2.6,0.68,12/30/1899,0.15,0.02,0.08,0.37,0.3,0.1,0.36,,,,,5.39,7.07,5.39,5.39,No,1.5,8.5,,https://www.freeiconspng.com/img/1934,
Yainer Diaz,C,HOU,Classic,Sat Aug 08 2026 01:00:00 GMT-0500 (Central Daylight Time),"Classic 8/8 7:10PM, 9 Games",3700,43784751,4.21,5.59,1.14,11.1,0.56246,0.113,0.2726363636,0.31956,0.062,0.5851,,,,,,0.2139,,,https://dkn.gs/sports/images/mlb/players/50/591181.png,12/30/1899,n/a,n/a,n/a,n/a,n/a,8/8/2026,Yainer Diaz,SD,2.43,0.75,12/30/1899,0.12,0,0.09,0.32,0.27,0.06,0.21,,,,,4.85,6.21,4.85,4.85,No,0.5,7.8,,https://www.freeiconspng.com/img/1934,
Andrew Benintendi,OF,CWS,Classic,Sat Aug 08 2026 01:00:00 GMT-0500 (Central Daylight Time),"Classic 8/8 7:10PM, 9 Games",3100,43784806,4.66,5.59,1.5,9.3,0.5164444444,0.0870375,0.2655454545,0.31839,0.07033333333,0.9465,,,,,,0.2615,,,https://dkn.gs/sports/images/mlb/players/50/31520.png,n/a,CLE @ CWS,Guardians @ White Sox,Rate Field,outdoor,FOX,8/8/2026,Andrew Benintendi,CLECHW,2.55,0.62,12/30/1899,0.13,0,0.07,0.32,0.27,0.07,0.26,,,,,4.53,5.91,4.53,4.53,No,1.5,7.5,,https://www.freeiconspng.com/img/1934,
Gavin Sheets,OF,SD,Classic,Sat Aug 08 2026 01:00:00 GMT-0500 (Central Daylight Time),"Classic 8/8 7:10PM, 9 Games",3100,43784799,4.63,5.56,1.49,9.3,,,,,,,,,,,,,,,https://dkn.gs/sports/images/mlb/players/50/110683.png,12/30/1899,n/a,n/a,n/a,n/a,n/a,8/8/2026,Gavin Sheets,HOU,2.37,0.61,12/30/1899,0.11,0,0.07,0.34,0.28,0.07,0.37,,,,,4.67,6.18,4.67,4.67,Yes,-0.5,7.8,,https://www.freeiconspng.com/img/1934,
Nolan Arenado,3B,ARI,Classic,Sat Aug 08 2026 01:00:00 GMT-0500 (Central Daylight Time),"Classic 8/8 7:10PM, 9 Games",3700,43784748,4.17,5.55,1.13,11.1,0.496865,0.07282083333,0.2670583333,0.29919,0.06476666667,0.9741,,,,,,0.2983,,,https://dkn.gs/sports/images/mlb/players/50/32562.png,n/a,LAD @ AZ,Dodgers @ D'Backs,Chase Field,retractable,n/a,8/8/2026,Nolan Arenado,LAD,2.36,0.64,12/30/1899,0.13,0,0.05,0.3,0.27,0.06,0.3,,,,,4.42,5.78,4.42,4.42,No,1.5,8.4,,https://www.freeiconspng.com/img/1934,
Nolan Arenado,3B,ARI,Night,Sat Aug 08 2026 01:00:00 GMT-0500 (Central Daylight Time),"Night 8/8 8:10PM, 2 Games",3700,43788607,4.17,5.55,1.13,11.1,0.496865,0.07282083333,0.2670583333,0.29919,0.06476666667,0.9741,,,,,,0.2983,,,https://dkn.gs/sports/images/mlb/players/50/32562.png,n/a,LAD @ AZ,Dodgers @ D'Backs,Chase Field,retractable,n/a,8/8/2026,Nolan Arenado,LAD,2.36,0.64,12/30/1899,0.13,0,0.05,0.3,0.27,0.06,0.3,,,,,4.42,5.78,4.42,4.42,No,1.5,8.4,,https://www.freeiconspng.com/img/1934,
Justin Crawford,OF,PHI,Turbo,Sat Aug 08 2026 01:00:00 GMT-0500 (Central Daylight Time),"Turbo 8/8 6:05PM, 3 Games",2900,43784389,4.71,5.51,1.62,8.7,0.5785666667,0.089,0.3135727273,0.36588,0.1796,0.5488,,,,,,0.2836,,,https://dkn.gs/sports/images/mlb/players/50/658811.png,12/30/1899,n/a,n/a,n/a,n/a,n/a,8/8/2026,Justin Crawford,TOR,2.22,0.81,12/30/1899,0.12,0.04,0.06,0.37,0.31,0.16,0.28,,,,,5.75,7.39,5.75,5.75,Yes,-1.5,9.5,,https://www.freeiconspng.com/img/1934,
Taylor Trammell,OF,HOU,Classic,Sat Aug 08 2026 01:00:00 GMT-0500 (Central Daylight Time),"Classic 8/8 7:10PM, 9 Games",3500,43784764,4.25,5.5,1.22,10.5,0.4671090909,0.089784,0.2532166667,0.31821,0.0766,1.1406,,,,,,0.3691,,,https://dkn.gs/sports/images/mlb/players/50/111761.png,n/a,HOU @ SD,Astros @ Padres,Petco Park,outdoor,n/a,8/8/2026,Taylor Trammell,SD,2.18,0.57,12/30/1899,0.09,0.01,0.06,0.32,0.25,0.07,0.37,,,,,4.36,5.78,4.36,4.36,No,0.5,7.8,,https://www.freeiconspng.com/img/1934,
Nick Loftin,3B/OF,KC,Classic,Sat Aug 08 2026 01:00:00 GMT-0500 (Central Daylight Time),"Classic 8/8 7:10PM, 9 Games",3000,43784818,4.63,5.5,1.54,9,0.5727473684,0.06250869565,0.2954818182,0.34167,0.0888,0.5,,,,,,0.2765,,,https://dkn.gs/sports/images/mlb/players/50/494698.png,n/a,CHC @ KC,Cubs @ Royals,Kauffman Stadium,outdoor,n/a,8/8/2026,Nick Loftin,CHC,2.02,0.76,12/30/1899,0.12,0.02,0.04,0.34,0.3,0.07,0.28,,,,,4.77,6.18,4.77,4.77,No,1.5,9.5,,https://www.freeiconspng.com/img/1934,
Javier Sanoja,3B/OF,MIA,Early,Sat Aug 08 2026 01:00:00 GMT-0500 (Central Daylight Time),"Early 8/8 3:05PM, 3 Games",3300,43784084,4.38,5.48,1.33,9.9,0.5599933333,0.0739,0.2927272727,0.35076,0.1062,0.3953,,,,,,0.2539,,,https://dkn.gs/sports/images/mlb/players/50/658793.png,12/30/1899,n/a,n/a,n/a,n/a,n/a,8/8/2026,Javier Sanoja,LAA,2.22,0.78,12/30/1899,0.12,0.03,0.05,0.35,0.29,0.1,0.25,,,,,5.09,6.55,5.09,5.09,Yes,-1.5,7.5,,https://www.freeiconspng.com/img/1934,
Lars Nootbaar,OF,ARI,Classic,Sat Aug 08 2026 01:00:00 GMT-0500 (Central Daylight Time),"Classic 8/8 7:10PM, 9 Games",3300,43784782,4.37,5.48,1.33,9.9,0.5311,0.06569583333,0.2848416667,0.33045,0.06894,0.6454,,,,,,0.3613,,,https://dkn.gs/sports/images/mlb/players/50/552420.png,n/a,LAD @ AZ,Dodgers @ D'Backs,Chase Field,retractable,n/a,8/8/2026,Lars Nootbaar,LAD,2.11,0.69,12/30/1899,0.11,0.03,0.04,0.33,0.28,0.06,0.36,,,,,4.69,6.16,4.69,4.69,No,1.5,8.4,,https://www.freeiconspng.com/img/1934,
Michael Conforto,OF,CHC,Showdown Captain Mode,Sat Aug 08 2026 01:00:00 GMT-0500 (Central Daylight Time),Showdown Captain Mode 8/8 7:10PM (CHC @ KC),5200,43786455,2.95,5.48,0.57,15.6,,,,,,,,,,,,,,,https://dkn.gs/sports/images/mlb/players/50/31762.png,12/30/1899,n/a,n/a,n/a,n/a,n/a,8/8/2026,,,,,,,,,,,,,,,,,,,,,,,,,,
Lars Nootbaar,OF,ARI,Night,Sat Aug 08 2026 01:00:00 GMT-0500 (Central Daylight Time),"Night 8/8 8:10PM, 2 Games",3300,43788708,4.37,5.48,1.33,9.9,0.5311,0.06569583333,0.2848416667,0.33045,0.06894,0.6454,,,,,,0.3613,,,https://dkn.gs/sports/images/mlb/players/50/552420.png,n/a,LAD @ AZ,Dodgers @ D'Backs,Chase Field,retractable,n/a,8/8/2026,Lars Nootbaar,LAD,2.11,0.69,12/30/1899,0.11,0.03,0.04,0.33,0.28,0.06,0.36,,,,,4.69,6.16,4.69,4.69,No,1.5,8.4,,https://www.freeiconspng.com/img/1934,
Dominic Smith,1B/OF,ATL,Showdown Captain Mode,Sat Aug 08 2026 01:00:00 GMT-0500 (Central Daylight Time),Showdown Captain Mode 8/8 3:05PM (ATL @ NYY),5400,43786276,2.75,5.44,0.51,16.2,,,,,,,,,,,,,,,https://dkn.gs/sports/images/mlb/players/50/31724.png,12/30/1899,n/a,n/a,n/a,n/a,n/a,8/8/2026,,,,,,,,,,,,,,,,,,,,,,,,,,
Tyler Soderstrom,OF,ATH,Early,Sat Aug 08 2026 01:00:00 GMT-0500 (Central Daylight Time),"Early 8/8 3:05PM, 3 Games",4800,43784056,3.18,5.43,0.66,14.4,0.6096954545,0.082375,0.3210583333,0.36615,0.07172,0.6753,,,,,,0.334,,,https://dkn.gs/sports/images/mlb/players/50/494694.png,n/a,ATH @ BOS,Athletics @ Red Sox,Fenway Park,outdoor,NBCS-CA,8/8/2026,,,,,,,,,,,,,,,,,,,,,,,,,,
Braden Montgomery,OF,CWS,Classic,Sat Aug 08 2026 01:00:00 GMT-0500 (Central Daylight Time),"Classic 8/8 7:10PM, 9 Games",3400,43784771,4.23,5.43,1.25,10.2,0.529975,0.068525,0.2426666667,0.30621,0.0951,1.2765,,,,,,0.3021,,,https://dkn.gs/sports/images/mlb/players/50/806136.png,n/a,CLE @ CWS,Guardians @ White Sox,Rate Field,outdoor,FOX,8/8/2026,Braden Montgomery,CLECHW,2.26,0.71,12/30/1899,0.12,0.03,0.05,0.31,0.24,0.09,0.3,,,,,4.75,6.11,4.75,4.75,No,1.5,7.5,,https://www.freeiconspng.com/img/1934,
Jacob Gonzalez,SS,PIT,Turbo,Sat Aug 08 2026 01:00:00 GMT-0500 (Central Daylight Time),"Turbo 8/8 6:05PM, 3 Games",3000,43784382,4.53,5.42,1.51,9,0.5364071429,0.1061,0.3105454545,0.33771,0.07704,0.6552,,,,,,0.2367,,,https://dkn.gs/sports/images/mlb/teams/50/29924.png,n/a,NYM @ PIT,Mets @ Pirates,PNC Park,outdoor,n/a,8/8/2026,Jacob Gonzalez,NYM,2.62,0.71,12/30/1899,0.14,0.03,0.09,0.34,0.31,0.08,0.24,,,,,5.21,6.74,5.21,5.21,Yes,-1.5,8.9,,https://www.freeiconspng.com/img/1934,
Josh Rojas,CPT,KC,Showdown Captain Mode,Sat Aug 08 2026 01:00:00 GMT-0500 (Central Daylight Time),Showdown Captain Mode 8/8 7:10PM (CHC @ KC),5400,43786560,2.71,5.41,0.5,16.2,,,,,,,,,,,,,,,https://dkn.gs/sports/images/mlb/players/50/32158.png,12/30/1899,n/a,n/a,n/a,n/a,n/a,8/8/2026,,,,,,,,,,,,,,,,,,,,,,,,,,
George Lombard Jr.,CPT,NYY,Showdown Captain Mode,Sat Aug 08 2026 01:00:00 GMT-0500 (Central Daylight Time),Showdown Captain Mode 8/8 3:05PM (ATL @ NYY),7200,43786368,1.32,5.38,0.18,21.6,0.4940043478,0.0729375,0.2379,0.29013,0.1141,1.2,,,,,,0.2621,,,https://dkn.gs/sports/images/mlb/players/50/726302.png,12/30/1899,n/a,n/a,n/a,n/a,n/a,8/8/2026,,,,,,,,,,,,,,,,,,,,,,,,,,
Brooks Lee,3B,MIN,Classic,Sat Aug 08 2026 01:00:00 GMT-0500 (Central Daylight Time),"Classic 8/8 7:10PM, 9 Games",3700,43784746,3.91,5.35,1.06,11.1,,,,,,,,,,,,,,,https://dkn.gs/sports/images/mlb/players/50/656129.png,12/30/1899,n/a,n/a,n/a,n/a,n/a,8/8/2026,Brooks Lee,MIL,2.11,0.69,12/30/1899,0.1,0,0.05,0.31,0.27,0.06,0,,,,,3.86,4.91,3.86,3.86,No,1.5,7.9,,https://www.freeiconspng.com/img/1934,
Dylan Beavers,OF,BAL,Classic,Sat Aug 08 2026 01:00:00 GMT-0500 (Central Daylight Time),"Classic 8/8 7:10PM, 9 Games",3000,43784825,4.43,5.35,1.48,9,0.50827,0.08452916667,0.2394583333,0.35139,0.0911,1.2606,,,,,,0.3511,,,https://dkn.gs/sports/images/mlb/players/50/658742.png,n/a,BAL @ TEX,Orioles @ Rangers,Globe Life Field,retractable,FOX,8/8/2026,Dylan Beavers,TEX,1.85,0.68,12/30/1899,0.1,0.02,0.05,0.35,0.24,0.07,0.35,,,,,4.48,5.89,4.48,4.48,No,1.5,7.5,,https://www.freeiconspng.com/img/1934,
Jose Caballero,3B/SS,NYY,Showdown Captain Mode,Sat Aug 08 2026 01:00:00 GMT-0500 (Central Daylight Time),Showdown Captain Mode 8/8 3:05PM (ATL @ NYY),5800,43786275,2.31,5.33,0.4,17.4,,,,,,,,,,,,,,,https://dkn.gs/sports/images/mlb/players/50/478629.png,12/30/1899,n/a,n/a,n/a,n/a,n/a,8/8/2026,,,,,,,,,,,,,,,,,,,,,,,,,,
John Rave,OF,KC,Classic,Sat Aug 08 2026 01:00:00 GMT-0500 (Central Daylight Time),"Classic 8/8 7:10PM, 9 Games",3400,43784768,4.08,5.3,1.2,10.2,0.48152,0.06549166667,0.2575166667,0.3102,0.10040625,0.6503,,,,,,0.2832,,,https://dkn.gs/sports/images/mlb/players/50/637620.png,n/a,CHC @ KC,Cubs @ Royals,Kauffman Stadium,outdoor,n/a,8/8/2026,John Rave,CHC,2.02,0.64,12/30/1899,0.09,0.03,0.04,0.31,0.26,0.08,0.28,,,,,4.33,5.66,4.33,4.33,No,1.5,9.5,,https://www.freeiconspng.com/img/1934,
Mauricio Dubon,CPT,ATL,Showdown Captain Mode,Sat Aug 08 2026 01:00:00 GMT-0500 (Central Daylight Time),Showdown Captain Mode 8/8 3:05PM (ATL @ NYY),6900,43786369,1.42,5.28,0.21,20.7,,,,,,,,,,,,,,,https://dkn.gs/sports/images/mlb/players/50/32735.png,n/a,ATL @ NYY,Braves @ Yankees,Yankee Stadium,outdoor,n/a,8/8/2026,Mauricio Dubon,NYY,2.19,0.74,12/30/1899,0.11,0,0.05,0.33,0.27,0.1,0,,,,,4.26,5.37,4.26,4.26,Yes,-1.5,7.5,,https://www.freeiconspng.com/img/1934,
Jacob Young,OF,WSH,Turbo,Sat Aug 08 2026 01:00:00 GMT-0500 (Central Daylight Time),"Turbo 8/8 6:05PM, 3 Games",3400,43784372,4.03,5.27,1.19,10.2,0.4765944444,0.0873,0.2463363636,0.29019,0.2244,0.54155,,,,,,0.2489,,,https://dkn.gs/sports/images/mlb/players/50/637833.png,n/a,CIN @ WSH,Reds @ Nationals,Nationals Park,outdoor,n/a,8/8/2026,Jacob Young,CINWAS,1.82,0.65,12/30/1899,0.08,0.02,0.05,0.29,0.25,0.16,0.25,,,,,4.56,5.89,4.56,4.56,No,1.5,8.5,,https://www.freeiconspng.com/img/1934,
Richie Palacios,2B,TB,Showdown Captain Mode,Sat Aug 08 2026 01:00:00 GMT-0500 (Central Daylight Time),Showdown Captain Mode 8/8 9:50PM (TB @ SEA),6000,43786649,2.08,5.27,0.35,18,0.4663888889,0.0813,0.2231454545,0.27561,0.185,0.5652,,,,,,0.223,,,https://dkn.gs/sports/images/mlb/players/50/459693.png,n/a,TB @ SEA,Rays @ Mariners,T-Mobile Park,retractable,n/a,8/8/2026,,,,,,,,,,,,,,,,,,,,,,,,,,
Leody Taveras,OF,BAL,Classic,Sat Aug 08 2026 01:00:00 GMT-0500 (Central Daylight Time),"Classic 8/8 7:10PM, 9 Games",3100,43784810,4.23,5.24,1.36,9.3,0.5028086957,0.07124583333,0.2372583333,0.28848,0.1443,1.1538,,,,,,0.3123,,,https://dkn.gs/sports/images/mlb/players/50/111356.png,n/a,BAL @ TEX,Orioles @ Rangers,Globe Life Field,retractable,FOX,8/8/2026,Leody Taveras,TEX,1.98,0.63,12/30/1899,0.09,0.02,0.04,0.29,0.24,0.11,0.31,,,,,4.42,5.75,4.42,4.42,No,1.5,7.5,,https://www.freeiconspng.com/img/1934,
David Hamilton,3B,MIL,Classic,Sat Aug 08 2026 01:00:00 GMT-0500 (Central Daylight Time),"Classic 8/8 7:10PM, 9 Games",3000,43784813,4.3,5.24,1.43,9,0.450605,0.06944444444,0.2455083333,0.31263,0.217,0.6296,,,,,,0.2992,,,https://dkn.gs/sports/images/mlb/players/50/478711.png,n/a,MIN @ MIL,Twins @ Brewers,American Family Field,retractable,n/a,8/8/2026,David Hamilton,MIN,2.2,0.58,12/30/1899,0.09,0.04,0.05,0.31,0.25,0.19,0.3,,,,,4.89,6.35,4.89,4.89,Yes,-1.5,7.9,,https://www.freeiconspng.com/img/1934,
Owen Caissie,OF,MIA,Early,Sat Aug 08 2026 01:00:00 GMT-0500 (Central Daylight Time),"Early 8/8 3:05PM, 3 Games",2800,43784108,4.4,5.2,1.57,8.4,0.4977045455,0.0722375,0.2905333333,0.34356,0.0831,0.9585,,,,,,0.3594,,,https://dkn.gs/sports/images/mlb/players/50/498087.png,n/a,LAA @ MIA,Angels @ Marlins,loanDepot park,retractable,Fox Sports 1,8/8/2026,Owen Caissie,LAA,2.45,0.63,12/30/1899,0.12,0.03,0.06,0.34,0.29,0.08,0.36,,,,,4.89,6.45,4.89,4.89,Yes,-1.5,7.5,,https://www.freeiconspng.com/img/1934,
Joe Mack,C,MIA,Early,Sat Aug 08 2026 01:00:00 GMT-0500 (Central Daylight Time),"Early 8/8 3:05PM, 3 Games",2900,43784102,4.31,5.19,1.49,8.7,0.50112,0.0984,0.2861818182,0.34347,0.0667,0.5951,,,,,,0.3386,,,https://dkn.gs/sports/images/mlb/players/50/616385.png,n/a,LAA @ MIA,Angels @ Marlins,loanDepot park,retractable,Fox Sports 1,8/8/2026,Joe Mack,LAA,2.29,0.68,12/30/1899,0.11,0.02,0.07,0.34,0.29,0.06,0.34,,,,,4.89,6.41,4.89,4.89,Yes,-1.5,7.5,,https://www.freeiconspng.com/img/1934,
Myles Straw,OF,TOR,Turbo,Sat Aug 08 2026 01:00:00 GMT-0500 (Central Daylight Time),"Turbo 8/8 6:05PM, 3 Games",2400,43784406,4.67,5.18,1.95,7.2,0.52416,0.0933,0.2580909091,0.31575,0.1453,0.5143,,,,,,0.2362,,,https://dkn.gs/sports/images/mlb/players/50/32027.png,12/30/1899,n/a,n/a,n/a,n/a,n/a,8/8/2026,Myles Straw,PHI,2.38,0.75,12/30/1899,0.11,0.03,0.07,0.32,0.26,0.14,0.24,,,,,5.23,6.65,5.23,5.23,No,1.5,9.5,,https://www.freeiconspng.com/img/1934,
Drew Gilbert,OF,SF,Classic,Sat Aug 08 2026 01:00:00 GMT-0500 (Central Daylight Time),"Classic 8/8 7:10PM, 9 Games",3000,43784814,4.23,5.18,1.41,9,0.5233684211,0.05765652174,0.2686363636,0.31911,0.07482,0.5,,,,,,0.3435,,,https://dkn.gs/sports/images/mlb/players/50/656136.png,n/a,DET @ SF,Tigers @ Giants,Oracle Park,outdoor,FOX,8/8/2026,Drew Gilbert,DET,1.97,0.68,12/30/1899,0.11,0.02,0.03,0.32,0.27,0.06,0.34,,,,,4.44,5.82,4.44,4.44,No,1.5,8.1,,https://www.freeiconspng.com/img/1934,
Chase Meidroth,2B,CWS,Classic,Sat Aug 08 2026 01:00:00 GMT-0500 (Central Daylight Time),"Classic 8/8 7:10PM, 9 Games",3500,43784761,3.8,5.14,1.08,10.5,0.5203052632,0.05410869565,0.22605,0.29184,0.0849,0.99,,,,,,0.3118,,,https://dkn.gs/sports/images/mlb/players/50/702982.png,n/a,CLE @ CWS,Guardians @ White Sox,Rate Field,outdoor,FOX,8/8/2026,Chase Meidroth,CLECHW,1.84,0.64,12/30/1899,0.08,0.01,0.03,0.29,0.23,0.06,0.31,,,,,4.02,5.23,4.02,4.02,No,1.5,7.5,,https://www.freeiconspng.com/img/1934,
Moises Ballesteros,C,LAA,Early,Sat Aug 08 2026 01:00:00 GMT-0500 (Central Daylight Time),"Early 8/8 3:05PM, 3 Games",2900,43784103,4.21,5.11,1.45,8.7,,,,,,,,,,,,,,,https://dkn.gs/sports/images/mlb/players/50/634756.png,n/a,LAA @ MIA,Angels @ Marlins,loanDepot park,retractable,Fox Sports 1,8/8/2026,Moises Ballesteros,MIA,2.19,0.7,12/30/1899,0.11,0.01,0.05,0.3,0.27,0.04,0.26,,,,,4.36,5.65,4.36,4.36,No,1.5,7.5,,https://www.freeiconspng.com/img/1934,
Jim Jarvis,CPT,ATL,Showdown Captain Mode,Sat Aug 08 2026 01:00:00 GMT-0500 (Central Daylight Time),Showdown Captain Mode 8/8 3:05PM (ATL @ NYY),5700,43786372,2.12,5.11,0.37,17.1,,,,,,,,,,,,,,,https://dkn.gs/sports/images/mlb/teams/50/29861.png,n/a,ATL @ NYY,Braves @ Yankees,Yankee Stadium,outdoor,n/a,8/8/2026,Jim Jarvis,NYY,2.09,0,12/30/1899,0,0,0,0,0,0,0,,,,,0,0,0,0,Yes,-1.5,7.5,,,
Tim Tawa,1B/OF,ARI,Classic,Sat Aug 08 2026 01:00:00 GMT-0500 (Central Daylight Time),"Classic 8/8 7:10PM, 9 Games",2900,43784835,4.2,5.1,1.45,8.7,0.4856444444,0.105,0.2438181818,0.28758,0.0923,0.99,,,,,,0.2581,,,https://dkn.gs/sports/images/mlb/players/50/637210.png,n/a,LAD @ AZ,Dodgers @ D'Backs,Chase Field,retractable,n/a,8/8/2026,Tim Tawa,LAD,2.37,0.64,12/30/1899,0.11,0.02,0.08,0.29,0.24,0.09,0.26,,,,,4.62,5.97,4.62,4.62,No,1.5,8.4,,https://www.freeiconspng.com/img/1934,
Tim Tawa,1B/OF,ARI,Night,Sat Aug 08 2026 01:00:00 GMT-0500 (Central Daylight Time),"Night 8/8 8:10PM, 2 Games",2900,43788758,4.2,5.1,1.45,8.7,0.4856444444,0.105,0.2438181818,0.28758,0.0923,0.99,,,,,,0.2581,,,https://dkn.gs/sports/images/mlb/players/50/637210.png,n/a,LAD @ AZ,Dodgers @ D'Backs,Chase Field,retractable,n/a,8/8/2026,Tim Tawa,LAD,2.37,0.64,12/30/1899,0.11,0.02,0.08,0.29,0.24,0.09,0.26,,,,,4.62,5.97,4.62,4.62,No,1.5,8.4,,https://www.freeiconspng.com/img/1934,
Pedro Ramirez,2B/3B,CHC,Showdown Captain Mode,Sat Aug 08 2026 01:00:00 GMT-0500 (Central Daylight Time),Showdown Captain Mode 8/8 7:10PM (CHC @ KC),5600,43786453,2.16,5.09,0.39,16.8,0.68038,0.0648,0.3794,0.449,0.1327,,,,,,,0.2971,,,https://dkn.gs/sports/images/mlb/players/50/638241.png,n/a,CHC @ KC,Cubs @ Royals,Kauffman Stadium,outdoor,n/a,8/8/2026,Pedro Ramirez,KC,2.52,0.93,12/30/1899,0.18,0.05,0.05,0.45,0.38,0.13,0.3,,,,,6.47,8.34,6.47,6.47,Yes,-1.5,9.5,,https://www.freeiconspng.com/img/1934,
Mike Yastrzemski,OF,ATL,Early,Sat Aug 08 2026 01:00:00 GMT-0500 (Central Daylight Time),"Early 8/8 3:05PM, 3 Games",2900,43784100,4.16,5.07,1.43,8.7,0.4855,0.1072166667,0.2692727273,0.32862,0.0928,0.6175,,,,,,0.2875,,,https://dkn.gs/sports/images/mlb/players/50/32717.png,n/a,ATL @ NYY,Braves @ Yankees,Yankee Stadium,outdoor,n/a,8/8/2026,Mike Yastrzemski,NYY,2.35,0.58,12/30/1899,0.11,0.01,0.08,0.33,0.27,0.09,0.29,,,,,4.6,6.07,4.6,4.6,Yes,-1.5,7.5,,https://www.freeiconspng.com/img/1934,
Tyler Freeman,2B/OF,COL,Classic,Sat Aug 08 2026 01:00:00 GMT-0500 (Central Daylight Time),"Classic 8/8 7:10PM, 9 Games",3100,43784801,4,5.06,1.29,9.3,0.5602,0.0902,0.26871,0.33015,0.1616,0.53415,,,,,,,,,https://dkn.gs/sports/images/mlb/players/50/459773.png,12/30/1899,n/a,n/a,n/a,n/a,n/a,8/8/2026,Tyler Freeman,STL,2.23,0.78,12/30/1899,0.12,0.02,0.06,0.33,0.27,0.15,0,,,,,4.8,6.01,4.8,4.8,No,1.5,8.5,,https://www.freeiconspng.com/img/1934,
Amed Rosario,3B,NYY,Showdown Captain Mode,Sat Aug 08 2026 01:00:00 GMT-0500 (Central Daylight Time),Showdown Captain Mode 8/8 3:05PM (ATL @ NYY),5200,43786277,2.41,5.05,0.46,15.6,0.5467666667,0.1207875,0.2606,0.3102888889,0.0833,0.76615,,,,,,,,,https://dkn.gs/sports/images/mlb/players/50/31787.png,12/30/1899,n/a,n/a,n/a,n/a,n/a,8/8/2026,,,,,,,,,,,,,,,,,,,,,,,,,,
Kyle Isbel,OF,KC,Showdown Captain Mode,Sat Aug 08 2026 01:00:00 GMT-0500 (Central Daylight Time),Showdown Captain Mode 8/8 7:10PM (CHC @ KC),3200,43786464,3.88,5.02,1.21,9.6,0.4783285714,0.0777,0.2551818182,0.31398,0.0799,0.5569333333,,,,,,0.2239,,,https://dkn.gs/sports/images/mlb/players/50/110905.png,n/a,CHC @ KC,Cubs @ Royals,Kauffman Stadium,outdoor,n/a,8/8/2026,Kyle Isbel,CHC,1.79,0.74,12/30/1899,0.09,0.04,0.04,0.31,0.26,0.06,0.22,,,,,4.31,5.56,4.31,4.31,No,1.5,9.5,,https://www.freeiconspng.com/img/1934,
Taylor Walls,SS,TB,Classic,Sat Aug 08 2026 01:00:00 GMT-0500 (Central Daylight Time),"Classic 8/8 7:10PM, 9 Games",3200,43784790,3.8,4.96,1.19,9.6,0.4729055556,0.0822,0.2133272727,0.29595,0.2108,0.6997,,,,,,0.2789,,,https://dkn.gs/sports/images/mlb/players/50/459916.png,n/a,TB @ SEA,Rays @ Mariners,T-Mobile Park,retractable,n/a,8/8/2026,Taylor Walls,SEA,1.66,0.61,12/30/1899,0.07,0.01,0.04,0.3,0.21,0.13,0.28,,,,,4.19,5.44,4.19,4.19,No,0.4,6.9,,https://www.freeiconspng.com/img/1934,
Taylor Walls,SS,TB,Night,Sat Aug 08 2026 01:00:00 GMT-0500 (Central Daylight Time),"Night 8/8 8:10PM, 2 Games",3200,43788682,3.8,4.96,1.19,9.6,0.4729055556,0.0822,0.2133272727,0.29595,0.2108,0.6997,,,,,,0.2789,,,https://dkn.gs/sports/images/mlb/players/50/459916.png,n/a,TB @ SEA,Rays @ Mariners,T-Mobile Park,retractable,n/a,8/8/2026,Taylor Walls,SEA,1.66,0.61,12/30/1899,0.07,0.01,0.04,0.3,0.21,0.13,0.28,,,,,4.19,5.44,4.19,4.19,No,0.4,6.9,,https://www.freeiconspng.com/img/1934,
Cam Smith,OF,HOU,Classic,Sat Aug 08 2026 01:00:00 GMT-0500 (Central Daylight Time),"Classic 8/8 7:10PM, 9 Games",2800,43784842,4.08,4.94,1.46,8.4,0.4915941176,0.1077,0.24537,0.33222,0.0891,0.8247,,,,,,0.3059,,,https://dkn.gs/sports/images/mlb/players/50/806147.png,n/a,HOU @ SD,Astros @ Padres,Petco Park,outdoor,n/a,8/8/2026,Cam Smith,SD,2.09,0.65,12/30/1899,0.09,0.02,0.07,0.33,0.25,0.08,0.31,,,,,4.57,5.96,4.57,4.57,No,0.5,7.8,,https://www.freeiconspng.com/img/1934,
Zach McKinstry,OF,DET,Classic,Sat Aug 08 2026 01:00:00 GMT-0500 (Central Daylight Time),"Classic 8/8 7:10PM, 9 Games",2600,43784861,4.21,4.93,1.62,7.8,0.5189533333,0.0731,0.2619916667,0.34617,0.1001,0.5569333333,,,,,,0.3216,,,https://dkn.gs/sports/images/mlb/players/50/457212.png,n/a,DET @ SF,Tigers @ Giants,Oracle Park,outdoor,FOX,8/8/2026,Zach McKinstry,SF,2.12,0.74,12/30/1899,0.11,0.03,0.05,0.35,0.26,0.09,0.32,,,,,4.93,6.39,4.93,4.93,Yes,-1.5,8.1,,https://www.freeiconspng.com/img/1934,
Colt Emerson,SS,SEA,Showdown Captain Mode,Sat Aug 08 2026 01:00:00 GMT-0500 (Central Daylight Time),Showdown Captain Mode 8/8 9:50PM (TB @ SEA),4000,43786657,3.17,4.93,0.79,12,0.4235333333,0.0872,0.2140545455,0.26409,0.0879,1.2765,,,,,,0.2606,,,https://dkn.gs/sports/images/mlb/players/50/721267.png,12/30/1899,n/a,n/a,n/a,n/a,n/a,8/8/2026,Colt Emerson,TB,1.82,0.56,12/30/1899,0.07,0.01,0.05,0.26,0.21,0.06,0.26,,,,,3.67,4.81,3.67,3.67,Yes,-0.4,6.9,,https://www.freeiconspng.com/img/1934,
Max Kepler,OF,ARI,Classic,Sat Aug 08 2026 01:00:00 GMT-0500 (Central Daylight Time),"Classic 8/8 7:10PM, 9 Games",3200,43784794,3.74,4.91,1.17,9.6,0.4936130435,0.07566666667,0.250625,0.2841,0.06236666667,0.6296,,,,,,0.2449,,,https://dkn.gs/sports/images/mlb/players/50/32349.png,n/a,LAD @ AZ,Dodgers @ D'Backs,Chase Field,retractable,n/a,8/8/2026,Max Kepler,LAD,1.87,0.64,12/30/1899,0.09,0.02,0.04,0.28,0.25,0.05,0.24,,,,,3.92,5.13,3.92,3.92,No,1.5,8.4,,https://www.freeiconspng.com/img/1934,
Max Kepler,OF,ARI,Night,Sat Aug 08 2026 01:00:00 GMT-0500 (Central Daylight Time),"Night 8/8 8:10PM, 2 Games",3200,43788615,3.74,4.91,1.17,9.6,0.4936130435,0.07566666667,0.250625,0.2841,0.06236666667,0.6296,,,,,,0.2449,,,https://dkn.gs/sports/images/mlb/players/50/32349.png,n/a,LAD @ AZ,Dodgers @ D'Backs,Chase Field,retractable,n/a,8/8/2026,Max Kepler,LAD,1.87,0.64,12/30/1899,0.09,0.02,0.04,0.28,0.25,0.05,0.24,,,,,3.92,5.13,3.92,3.92,No,1.5,8.4,,https://www.freeiconspng.com/img/1934,
Jacob Wilson,SS,ATH,Early,Sat Aug 08 2026 01:00:00 GMT-0500 (Central Daylight Time),"Early 8/8 3:05PM, 3 Games",3900,43784066,3.19,4.89,0.82,11.7,0.7670190476,0.05868695652,0.2832454545,0.37452,0.094,0.5584666667,,,,,,0.2048,,,https://dkn.gs/sports/images/mlb/players/50/721257.png,n/a,ATH @ BOS,Athletics @ Red Sox,Fenway Park,outdoor,NBCS-CA,8/8/2026,,,,,,,,,,,,,,,,,,,,,,,,,,
Ali Sanchez,CPT,NYY,Showdown Captain Mode,Sat Aug 08 2026 01:00:00 GMT-0500 (Central Daylight Time),Showdown Captain Mode 8/8 3:05PM (ATL @ NYY),5400,43786373,2.01,4.85,0.37,16.2,,,,,,,,,,,,,,,https://dkn.gs/sports/images/mlb/players/50/456973.png,12/30/1899,n/a,n/a,n/a,n/a,n/a,8/8/2026,,,,,,,,,,,,,,,,,,,,,,,,,,
Jonah Heim,C,ATH,Early,Sat Aug 08 2026 01:00:00 GMT-0500 (Central Daylight Time),"Early 8/8 3:05PM, 3 Games",4000,43784065,3.03,4.82,0.76,12,0.6077142857,0.08868,0.313075,0.34995,0.0536,0.6795,,,,,,0.2285,,,https://dkn.gs/sports/images/mlb/players/50/455038.png,n/a,ATH @ BOS,Athletics @ Red Sox,Fenway Park,outdoor,NBCS-CA,8/8/2026,,,,,,,,,,,,,,,,,,,,,,,,,,
Jose Tena,2B,WSH,Turbo,Sat Aug 08 2026 01:00:00 GMT-0500 (Central Daylight Time),"Turbo 8/8 6:05PM, 3 Games",3000,43784384,3.76,4.81,1.25,9,,,,,,,,,,,,,,,https://dkn.gs/sports/images/mlb/players/50/477663.png,12/30/1899,n/a,n/a,n/a,n/a,n/a,8/8/2026,Jose Tena,CINWAS,1.68,0.62,12/30/1899,0.08,0.02,0.04,0.31,0.25,0.08,0.32,,,,,4.1,5.42,4.1,4.1,No,1.5,8.5,,https://www.freeiconspng.com/img/1934,
Jesus Sanchez,OF,TOR,Turbo,Sat Aug 08 2026 01:00:00 GMT-0500 (Central Daylight Time),"Turbo 8/8 6:05PM, 3 Games",2300,43784411,4.23,4.77,1.84,6.9,,,,,,,,,,,,,,,https://dkn.gs/sports/images/mlb/players/50/69417.png,n/a,TOR @ PHI,Blue Jays @ Phillies,Citizens Bank Park,outdoor,NBCS-PH,8/8/2026,Jesus Sanchez,PHI,1.25,0.72,12/30/1899,0.06,0.01,0.04,0.39,0.33,0.04,0.29,,,,,4.25,5.71,4.25,4.25,No,1.5,9.5,,https://www.freeiconspng.com/img/1934,
Josh Lowe,OF,LAA,Early,Sat Aug 08 2026 01:00:00 GMT-0500 (Central Daylight Time),"Early 8/8 3:05PM, 3 Games",2200,43784125,4.22,4.7,1.92,6.6,0.5195157895,0.0763625,0.2612583333,0.30885,0.1672,0.8104,,,,,,0.2372,,,https://dkn.gs/sports/images/mlb/players/50/112743.png,n/a,LAA @ MIA,Angels @ Marlins,loanDepot park,retractable,Fox Sports 1,8/8/2026,Josh Lowe,MIA,2.21,0.67,12/30/1899,0.12,0.02,0.05,0.31,0.26,0.15,0.24,,,,,4.83,6.22,4.83,4.83,No,1.5,7.5,,https://www.freeiconspng.com/img/1934,
Javier Baez,OF/SS,DET,Classic,Sat Aug 08 2026 01:00:00 GMT-0500 (Central Daylight Time),"Classic 8/8 7:10PM, 9 Games",2900,43784837,3.69,4.69,1.27,8.7,,,,,,,,,,,,,,,https://dkn.gs/sports/images/mlb/players/50/32363.png,n/a,DET @ SF,Tigers @ Giants,Oracle Park,outdoor,FOX,8/8/2026,Javier Baez,SF,2.21,0.77,12/30/1899,0.12,0.02,0.06,0.33,0.28,0.09,0,,,,,4.47,5.63,4.47,4.47,Yes,-1.5,8.1,,https://www.freeiconspng.com/img/1934,
Jake Bauers,1B/OF,MIL,Classic,Sat Aug 08 2026 01:00:00 GMT-0500 (Central Daylight Time),"Classic 8/8 7:10PM, 9 Games",4800,43784681,2.25,4.68,0.47,14.4,0.5257,0.1539052632,0.3474454545,0.4337545455,0.11817,1.1406,,,,,,0.5013,,,https://dkn.gs/sports/images/mlb/players/50/31771.png,n/a,MIN @ MIL,Twins @ Brewers,American Family Field,retractable,n/a,8/8/2026,Jake Bauers,MIN,3.33,0.69,12/30/1899,0.16,0.02,0.15,0.43,0.35,0.12,0.5,,,,,6.76,8.91,6.76,6.76,Yes,-1.5,7.9,,https://www.freeiconspng.com/img/1934,
Pedro Pages,C,STL,Classic,Sat Aug 08 2026 01:00:00 GMT-0500 (Central Daylight Time),"Classic 8/8 7:10PM, 9 Games",2500,43784865,3.95,4.66,1.58,7.5,,,,,,,,,,,,,,,https://dkn.gs/sports/images/mlb/players/50/478555.png,12/30/1899,n/a,n/a,n/a,n/a,n/a,8/8/2026,Pedro Pages,COL,2.13,0.68,12/30/1899,0.11,0.01,0.08,0.32,0.27,0.06,0.18,,,,,4.4,5.71,4.4,4.4,Yes,-1.5,8.5,,https://www.freeiconspng.com/img/1934,
Tristan Peters,OF,CWS,Classic,Sat Aug 08 2026 01:00:00 GMT-0500 (Central Daylight Time),"Classic 8/8 7:10PM, 9 Games",2800,43784844,3.71,4.65,1.32,8.4,0.4976526316,0.06313478261,0.2296090909,0.28005,0.0896,0.7151,,,,,,0.2307,,,https://dkn.gs/sports/images/mlb/players/50/658798.png,n/a,CLE @ CWS,Guardians @ White Sox,Rate Field,outdoor,FOX,8/8/2026,Tristan Peters,CLECHW,2.14,0.63,12/30/1899,0.11,0.02,0.04,0.28,0.23,0.08,0.23,,,,,4.13,5.33,4.13,4.13,No,1.5,7.5,,https://www.freeiconspng.com/img/1934,
Andres Gimenez,SS,TOR,Turbo,Sat Aug 08 2026 01:00:00 GMT-0500 (Central Daylight Time),"Turbo 8/8 6:05PM, 3 Games",2700,43784397,3.75,4.62,1.39,8.1,,,,,,,,,,,,,,,https://dkn.gs/sports/images/mlb/players/50/112061.png,12/30/1899,n/a,n/a,n/a,n/a,n/a,8/8/2026,Andres Gimenez,PHI,1.98,0.75,12/30/1899,0.1,0.02,0.06,0.34,0.29,0.11,0,,,,,4.44,5.64,4.44,4.44,No,1.5,9.5,,https://www.freeiconspng.com/img/1934,
Jarren Duran,OF,BOS,Early,Sat Aug 08 2026 01:00:00 GMT-0500 (Central Daylight Time),"Early 8/8 3:05PM, 3 Games",3900,43784068,2.84,4.61,0.73,11.7,,,,,,,,,,,,,,,https://dkn.gs/sports/images/mlb/players/50/459743.png,12/30/1899,n/a,n/a,n/a,n/a,n/a,8/8/2026,,,,,,,,,,,,,,,,,,,,,,,,,,
Andrew Vaughn,1B,MIL,Classic,Sat Aug 08 2026 01:00:00 GMT-0500 (Central Daylight Time),"Classic 8/8 7:10PM, 9 Games",3200,43784789,3.33,4.59,1.04,9.6,,,,,,,,,,,,,,,https://dkn.gs/sports/images/mlb/players/50/459748.png,12/30/1899,n/a,n/a,n/a,n/a,n/a,8/8/2026,Andrew Vaughn,MIN,2.62,0,12/30/1899,0,0,0,0,0,0,0,,,,,0,0,0,0,Yes,-1.5,7.9,,,
Miguel Amaya,C,CHC,Showdown Captain Mode,Sat Aug 08 2026 01:00:00 GMT-0500 (Central Daylight Time),Showdown Captain Mode 8/8 7:10PM (CHC @ KC),4400,43786459,2.39,4.55,0.54,13.2,0.5077714286,0.1072,0.30435,0.3745,,0.5,,,,,,0.2639,,,https://dkn.gs/sports/images/mlb/players/50/111669.png,n/a,CHC @ KC,Cubs @ Royals,Kauffman Stadium,outdoor,n/a,8/8/2026,,,,,,,,,,,,,,,,,,,,,,,,,,
Grant McCray,OF,SF,Classic,Sat Aug 08 2026 01:00:00 GMT-0500 (Central Daylight Time),"Classic 8/8 7:10PM, 9 Games",2500,43784869,3.79,4.53,1.52,7.5,0.464475,0.06753333333,0.25585,0.3210333333,0.1739,1.0032,,,,,,0.3237,,,https://dkn.gs/sports/images/mlb/players/50/459900.png,n/a,DET @ SF,Tigers @ Giants,Oracle Park,outdoor,FOX,8/8/2026,Grant McCray,DET,1.72,0.62,12/30/1899,0.08,0.03,0.03,0.32,0.26,0.12,0.32,,,,,4.38,5.76,4.38,4.38,No,1.5,8.1,,https://www.freeiconspng.com/img/1934,
Coby Mayo,3B,BAL,Classic,Sat Aug 08 2026 01:00:00 GMT-0500 (Central Daylight Time),"Classic 8/8 7:10PM, 9 Games",2900,43784831,3.47,4.52,1.2,8.7,0.4761772727,0.102824,0.2629090909,0.28533,0.07294,1.2999,,,,,,0.2537,,,https://dkn.gs/sports/images/mlb/players/50/497506.png,n/a,BAL @ TEX,Orioles @ Rangers,Globe Life Field,retractable,FOX,8/8/2026,Coby Mayo,TEX,1.43,0.56,12/30/1899,0.06,0.01,0.04,0.29,0.26,0.04,0.25,,,,,3.47,4.65,3.47,3.47,No,1.5,7.5,,https://www.freeiconspng.com/img/1934,
Jorge Polanco,2B/3B,NYM,Turbo,Sat Aug 08 2026 01:00:00 GMT-0500 (Central Daylight Time),"Turbo 8/8 6:05PM, 3 Games",2200,43784415,3.98,4.51,1.81,6.6,0.5180631579,0.0931625,0.3057545455,0.37488,0.0835,0.6403,,,,,,0.3545,,,https://dkn.gs/sports/images/mlb/players/50/32329.png,n/a,NYM @ PIT,Mets @ Pirates,PNC Park,outdoor,n/a,8/8/2026,Jorge Polanco,PIT,1.97,0.66,12/30/1899,0.1,0.01,0.06,0.37,0.31,0.07,0.35,,,,,4.67,6.22,4.67,4.67,No,1.5,8.9,,https://www.freeiconspng.com/img/1934,
Victor Caratini,1B/C,MIN,Classic,Sat Aug 08 2026 01:00:00 GMT-0500 (Central Daylight Time),"Classic 8/8 7:10PM, 9 Games",2700,43784847,3.62,4.51,1.34,8.1,0.5239789474,0.08628947368,0.2531,0.30939,0.0323,0.705,,,,,,0.2719,,,https://dkn.gs/sports/images/mlb/players/50/32391.png,n/a,MIN @ MIL,Twins @ Brewers,American Family Field,retractable,n/a,8/8/2026,Victor Caratini,MIL,1.7,0.64,12/30/1899,0.07,0,0.04,0.31,0.25,0.02,0.27,,,,,3.79,4.99,3.79,3.79,No,1.5,7.9,,https://www.freeiconspng.com/img/1934,
Austin Hedges,C,CLE,Classic,Sat Aug 08 2026 01:00:00 GMT-0500 (Central Daylight Time),"Classic 8/8 7:10PM, 9 Games",2900,43784827,3.44,4.49,1.19,8.7,0.4849190476,0.05967826087,0.258,0.29793,0.07886666667,0.5851,,,,,,0.2645,,,https://dkn.gs/sports/images/mlb/players/50/32492.png,n/a,CLE @ CWS,Guardians @ White Sox,Rate Field,outdoor,FOX,8/8/2026,Austin Hedges,CWS,2.29,0.58,12/30/1899,0.1,0,0.04,0.3,0.26,0.07,0.26,,,,,4.09,5.35,4.09,4.09,Yes,-1.5,7.5,,https://www.freeiconspng.com/img/1934,
Jake Rogers,C,BOS,Early,Sat Aug 08 2026 01:00:00 GMT-0500 (Central Daylight Time),"Early 8/8 3:05PM, 3 Games",2100,43784129,3.99,4.45,1.9,6.3,,,,,,,,,,,,,,,https://dkn.gs/sports/images/mlb/players/50/31894.png,12/30/1899,n/a,n/a,n/a,n/a,n/a,8/8/2026,Jake Rogers,ATH,2.05,0,12/30/1899,0,0,0,0,0,0,0,,,,,0,0,0,0,Yes,-1.6,9.1,,,
Ben Rortvedt,C,LAD,Classic,Sat Aug 08 2026 01:00:00 GMT-0500 (Central Daylight Time),"Classic 8/8 7:10PM, 9 Games",2100,43784905,3.96,4.43,1.89,6.3,0.5303,0.0873,0.2690444444,0.3493111111,,0.5556,,,,,,0.2836,,,https://dkn.gs/sports/images/mlb/players/50/111042.png,n/a,LAD @ AZ,Dodgers @ D'Backs,Chase Field,retractable,n/a,8/8/2026,Ben Rortvedt,ARI,2.04,0.72,12/30/1899,0.09,0.02,0.05,0.35,0.27,0,0.28,,,,,4.34,5.67,4.34,4.34,Yes,-1.5,8.4,,https://www.freeiconspng.com/img/1934,
Ben Rortvedt,C,LAD,Night,Sat Aug 08 2026 01:00:00 GMT-0500 (Central Daylight Time),"Night 8/8 8:10PM, 2 Games",2100,43788685,3.96,4.43,1.89,6.3,0.5303,0.0873,0.2690444444,0.3493111111,,0.5556,,,,,,0.2836,,,https://dkn.gs/sports/images/mlb/players/50/111042.png,n/a,LAD @ AZ,Dodgers @ D'Backs,Chase Field,retractable,n/a,8/8/2026,Ben Rortvedt,ARI,2.04,0.72,12/30/1899,0.09,0.02,0.05,0.35,0.27,0,0.28,,,,,4.34,5.67,4.34,4.34,Yes,-1.5,8.4,,https://www.freeiconspng.com/img/1934,
Kyle Isbel,OF,KC,Classic,Sat Aug 08 2026 01:00:00 GMT-0500 (Central Daylight Time),"Classic 8/8 7:10PM, 9 Games",2200,43784897,3.88,4.42,1.76,6.6,0.4783285714,0.0777,0.2551818182,0.31398,0.0799,0.5569333333,,,,,,0.2239,,,https://dkn.gs/sports/images/mlb/players/50/110905.png,n/a,CHC @ KC,Cubs @ Royals,Kauffman Stadium,outdoor,n/a,8/8/2026,Kyle Isbel,CHC,1.79,0.74,12/30/1899,0.09,0.04,0.04,0.31,0.26,0.06,0.22,,,,,4.31,5.56,4.31,4.31,No,1.5,9.5,,https://www.freeiconspng.com/img/1934,
Elias Diaz,C,TEX,Classic,Sat Aug 08 2026 01:00:00 GMT-0500 (Central Daylight Time),"Classic 8/8 7:10PM, 9 Games",3100,43784811,3.19,4.41,1.03,9.3,,,,,,,,,,,,,,,https://dkn.gs/sports/images/mlb/players/50/32182.png,n/a,BAL @ TEX,Orioles @ Rangers,Globe Life Field,retractable,FOX,8/8/2026,Elias Diaz,BAL,1.55,0.61,12/30/1899,0.06,0,0.04,0.28,0.24,0,0.26,,,,,3.41,4.51,3.41,3.41,Yes,-1.5,7.5,,https://www.freeiconspng.com/img/1934,
Paul Goldschmidt,1B,NYY,Early,Sat Aug 08 2026 01:00:00 GMT-0500 (Central Daylight Time),"Early 8/8 3:05PM, 3 Games",3500,43784078,2.88,4.4,0.82,10.5,0.5780538462,0.1551875,0.2948222222,0.40866,0.0973,1.1112,,,,,,0.3343,,,https://dkn.gs/sports/images/mlb/players/50/32330.png,n/a,ATL @ NYY,Braves @ Yankees,Yankee Stadium,outdoor,n/a,8/8/2026,,,,,,,,,,,,,,,,,,,,,,,,,,
Spencer Jones,OF,NYY,Early,Sat Aug 08 2026 01:00:00 GMT-0500 (Central Daylight Time),"Early 8/8 3:05PM, 3 Games",3600,43784077,2.76,4.37,0.77,10.8,0.4641941176,0.07445,0.21855,0.2630875,0.09646666667,,,,,,,,,,https://dkn.gs/sports/images/mlb/players/50/693776.png,12/30/1899,n/a,n/a,n/a,n/a,n/a,8/8/2026,Spencer Jones,ATL,2.1,0.5,12/30/1899,0.07,0,0.05,0.26,0.22,0.08,0,,,,,3.16,4.06,3.16,3.16,No,1.5,7.5,,https://www.freeiconspng.com/img/1934,
J.T. Realmuto,C,PHI,Turbo,Sat Aug 08 2026 01:00:00 GMT-0500 (Central Daylight Time),"Turbo 8/8 6:05PM, 3 Games",3500,43784370,2.8,4.34,0.8,10.5,0.5701,0.1619,0.3657375,0.397775,0.078,,,,,,,0.2731,,,https://dkn.gs/sports/images/mlb/players/50/32009.png,n/a,TOR @ PHI,Blue Jays @ Phillies,Citizens Bank Park,outdoor,NBCS-PH,8/8/2026,,,,,,,,,,,,,,,,,,,,,,,,,,
Bryan Torres,OF,STL,Classic,Sat Aug 08 2026 01:00:00 GMT-0500 (Central Daylight Time),"Classic 8/8 7:10PM, 9 Games",2900,43784829,3.25,4.34,1.12,8.7,,,,,,,,,,,,,,,https://dkn.gs/sports/images/mlb/players/50/783172.png,12/30/1899,n/a,n/a,n/a,n/a,n/a,8/8/2026,,,,,,,,,,,,,,,,,,,,,,,,,,
Jorbit Vivas,2B/3B,WSH,Turbo,Sat Aug 08 2026 01:00:00 GMT-0500 (Central Daylight Time),"Turbo 8/8 6:05PM, 3 Games",2800,43784394,3.31,4.33,1.18,8.4,,,,,,,,,,,,,,,https://dkn.gs/sports/images/mlb/players/50/594764.png,12/30/1899,n/a,n/a,n/a,n/a,n/a,8/8/2026,Jorbit Vivas,CINWAS,1.91,0.62,12/30/1899,0.09,0,0.05,0.29,0.26,0.07,0.28,,,,,4.11,5.39,4.11,4.11,No,1.5,8.5,,https://www.freeiconspng.com/img/1934,
Josh Rojas,3B,KC,Showdown Captain Mode,Sat Aug 08 2026 01:00:00 GMT-0500 (Central Daylight Time),Showdown Captain Mode 8/8 7:10PM (CHC @ KC),3600,43786462,2.71,4.33,0.75,10.8,,,,,,,,,,,,,,,https://dkn.gs/sports/images/mlb/players/50/32158.png,12/30/1899,n/a,n/a,n/a,n/a,n/a,8/8/2026,,,,,,,,,,,,,,,,,,,,,,,,,,
Lawrence Butler,OF,ATH,Early,Sat Aug 08 2026 01:00:00 GMT-0500 (Central Daylight Time),"Early 8/8 3:05PM, 3 Games",3400,43784082,2.78,4.26,0.82,10.2,0.5507684211,0.06158333333,0.2493416667,0.31353,0.1388,0.83175,,,,,,0.2887,,,https://dkn.gs/sports/images/mlb/players/50/595145.png,n/a,ATH @ BOS,Athletics @ Red Sox,Fenway Park,outdoor,NBCS-CA,8/8/2026,,,,,,,,,,,,,,,,,,,,,,,,,,
Ezequiel Tovar,SS,COL,Classic,Sat Aug 08 2026 01:00:00 GMT-0500 (Central Daylight Time),"Classic 8/8 7:10PM, 9 Games",2900,43784833,3.12,4.24,1.08,8.7,0.4879647059,0.104,0.2735454545,0.31074,0.1051,0.6951,,,,,,,,,https://dkn.gs/sports/images/mlb/players/50/459784.png,n/a,COL @ STL,Rockies @ Cardinals,Busch Stadium,outdoor,n/a,8/8/2026,Ezequiel Tovar,STL,1.81,0.69,12/30/1899,0.09,0.01,0.06,0.31,0.27,0.07,0,,,,,3.85,4.93,3.85,3.85,No,1.5,8.5,,https://www.freeiconspng.com/img/1934,
Michael Conforto,OF,CHC,Classic,Sat Aug 08 2026 01:00:00 GMT-0500 (Central Daylight Time),"Classic 8/8 7:10PM, 9 Games",3100,43784800,2.95,4.22,0.95,9.3,,,,,,,,,,,,,,,https://dkn.gs/sports/images/mlb/players/50/31762.png,12/30/1899,n/a,n/a,n/a,n/a,n/a,8/8/2026,,,,,,,,,,,,,,,,,,,,,,,,,,
Nicky Lopez,2B/SS,TEX,Classic,Sat Aug 08 2026 01:00:00 GMT-0500 (Central Daylight Time),"Classic 8/8 7:10PM, 9 Games",2400,43784878,3.46,4.21,1.44,7.2,0.50304375,0.0561,0.2021454545,0.28758,0.0794,0.51945,,,,,,0.2667,,,https://dkn.gs/sports/images/mlb/players/50/32136.png,n/a,BAL @ TEX,Orioles @ Rangers,Globe Life Field,retractable,FOX,8/8/2026,Nicky Lopez,BAL,1.46,0.66,12/30/1899,0.05,0.02,0.02,0.29,0.2,0.04,0.27,,,,,3.69,4.76,3.69,3.69,Yes,-1.5,7.5,,https://www.freeiconspng.com/img/1934,
Colton Cowser,OF,BAL,Classic,Sat Aug 08 2026 01:00:00 GMT-0500 (Central Daylight Time),"Classic 8/8 7:10PM, 9 Games",2500,43784870,3.38,4.2,1.35,7.5,0.4229333333,0.1179,0.2319727273,0.2937,0.1214,1.1406,,,,,,0.3511,,,https://dkn.gs/sports/images/mlb/players/50/587673.png,n/a,BAL @ TEX,Orioles @ Rangers,Globe Life Field,retractable,FOX,8/8/2026,Colton Cowser,TEX,1.44,0.56,12/30/1899,0.06,0.01,0.05,0.29,0.23,0.07,0.35,,,,,3.77,5.05,3.77,3.77,No,1.5,7.5,,https://www.freeiconspng.com/img/1934,
Christian Koss,3B/SS,SF,Classic,Sat Aug 08 2026 01:00:00 GMT-0500 (Central Daylight Time),"Classic 8/8 7:10PM, 9 Games",2100,43784906,3.68,4.2,1.75,6.3,0.4890142857,0.0836,0.2526,0.30072,0.0971,0.6,,,,,,0.2196,,,https://dkn.gs/sports/images/mlb/players/50/469986.png,n/a,DET @ SF,Tigers @ Giants,Oracle Park,outdoor,FOX,8/8/2026,Christian Koss,DET,1.78,0.71,12/30/1899,0.09,0.03,0.04,0.3,0.25,0.07,0.22,,,,,4.22,5.45,4.22,4.22,No,1.5,8.1,,https://www.freeiconspng.com/img/1934,
Troy Johnston,OF,COL,Classic,Sat Aug 08 2026 01:00:00 GMT-0500 (Central Daylight Time),"Classic 8/8 7:10PM, 9 Games",3000,43784816,2.98,4.18,0.99,9,,,,,,,,,,,,,,,https://dkn.gs/sports/images/mlb/players/50/634949.png,12/30/1899,n/a,n/a,n/a,n/a,n/a,8/8/2026,,,,,,,,,,,,,,,,,,,,,,,,,,
Isaac Collins,OF,KC,Showdown Captain Mode,Sat Aug 08 2026 01:00:00 GMT-0500 (Central Daylight Time),Showdown Captain Mode 8/8 7:10PM (CHC @ KC),4800,43786457,1.63,4.18,0.34,14.4,0.550405,0.06132173913,0.250275,0.34959,0.1072153846,0.6198,,,,,,0.3687,,,https://dkn.gs/sports/images/mlb/players/50/478562.png,n/a,CHC @ KC,Cubs @ Royals,Kauffman Stadium,outdoor,n/a,8/8/2026,Isaac Collins,CHC,2.01,0.74,12/30/1899,0.11,0.03,0.04,0.35,0.25,0.09,0.37,,,,,4.88,6.35,4.88,4.88,No,1.5,9.5,,https://www.freeiconspng.com/img/1934,
Henry Bolte,OF,ATH,Early,Sat Aug 08 2026 01:00:00 GMT-0500 (Central Daylight Time),"Early 8/8 3:05PM, 3 Games",3500,43784079,2.59,4.17,0.74,10.5,0.6437681818,0.073775,0.2645833333,0.39885,0.198,1.1616,,,,,,0.2635,,,https://dkn.gs/sports/images/mlb/teams/50/29811.png,12/30/1899,n/a,n/a,n/a,n/a,n/a,8/8/2026,,,,,,,,,,,,,,,,,,,,,,,,,,
Luis Lara,OF,MIL,Classic,Sat Aug 08 2026 01:00:00 GMT-0500 (Central Daylight Time),"Classic 8/8 7:10PM, 9 Games",3300,43784777,2.74,4.17,0.83,9.9,0.508925,0.0869,0.27612,0.3375777778,0.12993,0.7151,,,,,,0.4039,,,https://dkn.gs/sports/images/mlb/teams/50/29847.png,n/a,MIN @ MIL,Twins @ Brewers,American Family Field,retractable,n/a,8/8/2026,,,,,,,,,,,,,,,,,,,,,,,,,,
Colt Emerson,SS,SEA,Classic,Sat Aug 08 2026 01:00:00 GMT-0500 (Central Daylight Time),"Classic 8/8 7:10PM, 9 Games",2600,43784858,3.17,4.09,1.22,7.8,0.4235333333,0.0872,0.2140545455,0.26409,0.0879,1.2765,,,,,,0.2606,,,https://dkn.gs/sports/images/mlb/players/50/721267.png,12/30/1899,n/a,n/a,n/a,n/a,n/a,8/8/2026,Colt Emerson,TB,1.82,0.56,12/30/1899,0.07,0.01,0.05,0.26,0.21,0.06,0.26,,,,,3.67,4.81,3.67,3.67,Yes,-0.4,6.9,,https://www.freeiconspng.com/img/1934,
Colt Emerson,SS,SEA,Night,Sat Aug 08 2026 01:00:00 GMT-0500 (Central Daylight Time),"Night 8/8 8:10PM, 2 Games",2600,43788803,3.17,4.09,1.22,7.8,0.4235333333,0.0872,0.2140545455,0.26409,0.0879,1.2765,,,,,,0.2606,,,https://dkn.gs/sports/images/mlb/players/50/721267.png,12/30/1899,n/a,n/a,n/a,n/a,n/a,8/8/2026,Colt Emerson,TB,1.82,0.56,12/30/1899,0.07,0.01,0.05,0.26,0.21,0.06,0.26,,,,,3.67,4.81,3.67,3.67,Yes,-0.4,6.9,,https://www.freeiconspng.com/img/1934,
Tommy White,3B,ATH,Early,Sat Aug 08 2026 01:00:00 GMT-0500 (Central Daylight Time),"Early 8/8 3:05PM, 3 Games",2900,43784099,2.92,4.08,1.01,8.7,0.6170954545,0.07181666667,0.2730230769,0.31785,0.093,0.6951,,,,,,0.2372,,,https://dkn.gs/sports/images/mlb/teams/50/29811.png,12/30/1899,n/a,n/a,n/a,n/a,n/a,8/8/2026,,,,,,,,,,,,,,,,,,,,,,,,,,
LaMonte Wade Jr.,1B/OF,HOU,Classic,Sat Aug 08 2026 01:00:00 GMT-0500 (Central Daylight Time),"Classic 8/8 7:10PM, 9 Games",2900,43784839,2.88,4.05,0.99,8.7,,,,,,,,,,,,,,,https://dkn.gs/sports/images/mlb/players/50/32411.png,12/30/1899,n/a,n/a,n/a,n/a,n/a,8/8/2026,,,,,,,,,,,,,,,,,,,,,,,,,,
Brett Sullivan,C,COL,Classic,Sat Aug 08 2026 01:00:00 GMT-0500 (Central Daylight Time),"Classic 8/8 7:10PM, 9 Games",2700,43784850,3,4.02,1.11,8.1,,,,,,,,,,,,,,,https://dkn.gs/sports/images/mlb/players/50/476117.png,12/30/1899,n/a,n/a,n/a,n/a,n/a,8/8/2026,,,,,,,,,,,,,,,,,,,,,,,,,,
Dominic Smith,1B/OF,ATL,Early,Sat Aug 08 2026 01:00:00 GMT-0500 (Central Daylight Time),"Early 8/8 3:05PM, 3 Games",3000,43784091,2.75,4,0.92,9,,,,,,,,,,,,,,,https://dkn.gs/sports/images/mlb/players/50/31724.png,12/30/1899,n/a,n/a,n/a,n/a,n/a,8/8/2026,,,,,,,,,,,,,,,,,,,,,,,,,,
Jim Jarvis,SS,ATL,Showdown Captain Mode,Sat Aug 08 2026 01:00:00 GMT-0500 (Central Daylight Time),Showdown Captain Mode 8/8 3:05PM (ATL @ NYY),3800,43786283,2.12,3.97,0.56,11.4,,,,,,,,,,,,,,,https://dkn.gs/sports/images/mlb/teams/50/29861.png,n/a,ATL @ NYY,Braves @ Yankees,Yankee Stadium,outdoor,n/a,8/8/2026,Jim Jarvis,NYY,2.09,0,12/30/1899,0,0,0,0,0,0,0,,,,,0,0,0,0,Yes,-1.5,7.5,,,
George Lombard Jr.,SS,NYY,Showdown Captain Mode,Sat Aug 08 2026 01:00:00 GMT-0500 (Central Daylight Time),Showdown Captain Mode 8/8 3:05PM (ATL @ NYY),4800,43786279,1.32,3.94,0.28,14.4,0.4940043478,0.0729375,0.2379,0.29013,0.1141,1.2,,,,,,0.2621,,,https://dkn.gs/sports/images/mlb/players/50/726302.png,12/30/1899,n/a,n/a,n/a,n/a,n/a,8/8/2026,,,,,,,,,,,,,,,,,,,,,,,,,,
Daniel Susac,C,SF,Classic,Sat Aug 08 2026 01:00:00 GMT-0500 (Central Daylight Time),"Classic 8/8 7:10PM, 9 Games",3100,43784805,2.57,3.92,0.83,9.3,,,,,,,,,,,,,,,https://dkn.gs/sports/images/mlb/players/50/658809.png,12/30/1899,n/a,n/a,n/a,n/a,n/a,8/8/2026,,,,,,,,,,,,,,,,,,,,,,,,,,
Mauricio Dubon,OF/SS,ATL,Showdown Captain Mode,Sat Aug 08 2026 01:00:00 GMT-0500 (Central Daylight Time),Showdown Captain Mode 8/8 3:05PM (ATL @ NYY),4600,43786280,1.42,3.9,0.31,13.8,,,,,,,,,,,,,,,https://dkn.gs/sports/images/mlb/players/50/32735.png,n/a,ATL @ NYY,Braves @ Yankees,Yankee Stadium,outdoor,n/a,8/8/2026,Mauricio Dubon,NYY,2.19,0.74,12/30/1899,0.11,0,0.05,0.33,0.27,0.1,0,,,,,4.26,5.37,4.26,4.26,Yes,-1.5,7.5,,https://www.freeiconspng.com/img/1934,
TJ Rumfield,1B,COL,Classic,Sat Aug 08 2026 01:00:00 GMT-0500 (Central Daylight Time),"Classic 8/8 7:10PM, 9 Games",4100,43784718,1.75,3.86,0.43,12.3,0.5964533333,0.1058,0.3005727273,0.35229,0.0625,0.5,,,,,,0.2596,,,https://dkn.gs/sports/images/mlb/players/50/645126.png,n/a,COL @ STL,Rockies @ Cardinals,Busch Stadium,outdoor,n/a,8/8/2026,T.J. Rumfield,STL,2.44,0.8,12/30/1899,0.14,0.01,0.08,0.35,0.3,0.06,0.26,,,,,5.26,6.77,5.26,5.26,No,1.5,8.5,,https://www.freeiconspng.com/img/1934,
Nathan Church,OF,STL,Classic,Sat Aug 08 2026 01:00:00 GMT-0500 (Central Daylight Time),"Classic 8/8 7:10PM, 9 Games",3100,43784804,2.46,3.83,0.79,9.3,0.46512,0.0678,0.2801,0.3496,0.0951,0.5781,,,,,,,,,https://dkn.gs/sports/images/mlb/players/50/699374.png,12/30/1899,n/a,n/a,n/a,n/a,n/a,8/8/2026,,,,,,,,,,,,,,,,,,,,,,,,,,
Luis Robert Jr.,OF,NYM,Turbo,Sat Aug 08 2026 01:00:00 GMT-0500 (Central Daylight Time),"Turbo 8/8 6:05PM, 3 Games",3600,43784368,2.04,3.79,0.57,10.8,0.611065,0.094368,0.3370090909,0.39594,0.1736,1.1538,,,,,,0.2682,,,https://dkn.gs/sports/images/mlb/players/50/110692.png,12/30/1899,n/a,n/a,n/a,n/a,n/a,8/8/2026,,,,,,,,,,,,,,,,,,,,,,,,,,
Jose Caballero,3B/SS,NYY,Early,Sat Aug 08 2026 01:00:00 GMT-0500 (Central Daylight Time),"Early 8/8 3:05PM, 3 Games",3200,43784087,2.31,3.77,0.72,9.6,,,,,,,,,,,,,,,https://dkn.gs/sports/images/mlb/players/50/478629.png,12/30/1899,n/a,n/a,n/a,n/a,n/a,8/8/2026,,,,,,,,,,,,,,,,,,,,,,,,,,
Ali Sanchez,C,NYY,Showdown Captain Mode,Sat Aug 08 2026 01:00:00 GMT-0500 (Central Daylight Time),Showdown Captain Mode 8/8 3:05PM (ATL @ NYY),3600,43786284,2.01,3.77,0.56,10.8,,,,,,,,,,,,,,,https://dkn.gs/sports/images/mlb/players/50/456973.png,12/30/1899,n/a,n/a,n/a,n/a,n/a,8/8/2026,,,,,,,,,,,,,,,,,,,,,,,,,,
Bryce Eldridge,1B,SF,Classic,Sat Aug 08 2026 01:00:00 GMT-0500 (Central Daylight Time),"Classic 8/8 7:10PM, 9 Games",3800,43784738,1.81,3.73,0.48,11.4,0.58846,0.106016,0.3028083333,0.454675,0.08033333333,1.1538,,,,,,0.4318,,,https://dkn.gs/sports/images/mlb/players/50/721270.png,n/a,DET @ SF,Tigers @ Giants,Oracle Park,outdoor,FOX,8/8/2026,Bryce Eldridge,DET,2.05,0.76,12/30/1899,0.13,0.02,0.07,0.45,0.3,0.07,0.43,,,,,5.42,7.19,5.42,5.42,No,1.5,8.1,,https://www.freeiconspng.com/img/1934,
Richie Palacios,2B,TB,Classic,Sat Aug 08 2026 01:00:00 GMT-0500 (Central Daylight Time),"Classic 8/8 7:10PM, 9 Games",3400,43784769,2.08,3.71,0.61,10.2,0.4663888889,0.0813,0.2231454545,0.27561,0.185,0.5652,,,,,,0.223,,,https://dkn.gs/sports/images/mlb/players/50/459693.png,n/a,TB @ SEA,Rays @ Mariners,T-Mobile Park,retractable,n/a,8/8/2026,,,,,,,,,,,,,,,,,,,,,,,,,,
Richie Palacios,2B,TB,Night,Sat Aug 08 2026 01:00:00 GMT-0500 (Central Daylight Time),"Night 8/8 8:10PM, 2 Games",3400,43788699,2.08,3.71,0.61,10.2,0.4663888889,0.0813,0.2231454545,0.27561,0.185,0.5652,,,,,,0.223,,,https://dkn.gs/sports/images/mlb/players/50/459693.png,n/a,TB @ SEA,Rays @ Mariners,T-Mobile Park,retractable,n/a,8/8/2026,,,,,,,,,,,,,,,,,,,,,,,,,,
Christian Walker,1B,HOU,Classic,Sat Aug 08 2026 01:00:00 GMT-0500 (Central Daylight Time),"Classic 8/8 7:10PM, 9 Games",3900,43784736,1.69,3.69,0.43,11.7,0.527825,0.1175038462,0.3236416667,0.35715,0.04666666667,1.095,,,,,,0.3407,,,https://dkn.gs/sports/images/mlb/players/50/32085.png,n/a,HOU @ SD,Astros @ Padres,Petco Park,outdoor,n/a,8/8/2026,Christian Walker,SD,2.62,0.66,12/30/1899,0.13,0,0.1,0.36,0.32,0.05,0.34,,,,,5.08,6.71,5.08,5.08,No,0.5,7.8,,https://www.freeiconspng.com/img/1934,
Amed Rosario,3B,NYY,Early,Sat Aug 08 2026 01:00:00 GMT-0500 (Central Daylight Time),"Early 8/8 3:05PM, 3 Games",2900,43784098,2.41,3.67,0.83,8.7,0.5467666667,0.1207875,0.2606,0.3102888889,0.0833,0.76615,,,,,,,,,https://dkn.gs/sports/images/mlb/players/50/31787.png,12/30/1899,n/a,n/a,n/a,n/a,n/a,8/8/2026,,,,,,,,,,,,,,,,,,,,,,,,,,
Pedro Ramirez,2B/3B,CHC,Classic,Sat Aug 08 2026 01:00:00 GMT-0500 (Central Daylight Time),"Classic 8/8 7:10PM, 9 Games",3200,43784784,2.16,3.65,0.67,9.6,0.68038,0.0648,0.3794,0.449,0.1327,,,,,,,0.2971,,,https://dkn.gs/sports/images/mlb/players/50/638241.png,n/a,CHC @ KC,Cubs @ Royals,Kauffman Stadium,outdoor,n/a,8/8/2026,Pedro Ramirez,KC,2.52,0.93,12/30/1899,0.18,0.05,0.05,0.45,0.38,0.13,0.3,,,,,6.47,8.34,6.47,6.47,Yes,-1.5,9.5,,https://www.freeiconspng.com/img/1934,
Ryan Kreidler,SS,MIN,Classic,Sat Aug 08 2026 01:00:00 GMT-0500 (Central Daylight Time),"Classic 8/8 7:10PM, 9 Games",3100,43784808,2.22,3.64,0.72,9.3,0.4386,0.0882,0.2398,0.3259,0.1033,,,,,,,0.216,,,https://dkn.gs/sports/images/mlb/players/50/476330.png,n/a,MIN @ MIL,Twins @ Brewers,American Family Field,retractable,n/a,8/8/2026,,,,,,,,,,,,,,,,,,,,,,,,,,
Josh Rojas,3B,KC,Classic,Sat Aug 08 2026 01:00:00 GMT-0500 (Central Daylight Time),"Classic 8/8 7:10PM, 9 Games",2400,43784875,2.71,3.61,1.13,7.2,,,,,,,,,,,,,,,https://dkn.gs/sports/images/mlb/players/50/32158.png,12/30/1899,n/a,n/a,n/a,n/a,n/a,8/8/2026,,,,,,,,,,,,,,,,,,,,,,,,,,
Miguel Amaya,C,CHC,Classic,Sat Aug 08 2026 01:00:00 GMT-0500 (Central Daylight Time),"Classic 8/8 7:10PM, 9 Games",2800,43784841,2.39,3.59,0.85,8.4,0.5077714286,0.1072,0.30435,0.3745,,0.5,,,,,,0.2639,,,https://dkn.gs/sports/images/mlb/players/50/111669.png,n/a,CHC @ KC,Cubs @ Royals,Kauffman Stadium,outdoor,n/a,8/8/2026,,,,,,,,,,,,,,,,,,,,,,,,,,
Drew Romo,C,CWS,Classic,Sat Aug 08 2026 01:00:00 GMT-0500 (Central Daylight Time),"Classic 8/8 7:10PM, 9 Games",2200,43784899,2.84,3.59,1.29,6.6,0.3814416667,0.0905,0.2084555556,0.2484,0.07336666667,0.9288,,,,,,0.2139,,,https://dkn.gs/sports/images/mlb/players/50/494700.png,12/30/1899,n/a,n/a,n/a,n/a,n/a,8/8/2026,Drew Romo,CLECHW,1.68,0.51,12/30/1899,0.06,0.01,0.05,0.25,0.21,0.05,0.21,,,,,3.25,4.28,3.25,3.25,No,1.5,7.5,,https://www.freeiconspng.com/img/1934,
Luis Rengifo,OF,SD,Classic,Sat Aug 08 2026 01:00:00 GMT-0500 (Central Daylight Time),"Classic 8/8 7:10PM, 9 Games",3900,43784732,1.55,3.58,0.4,11.7,0.55389,0.06452916667,0.2628166667,0.34482,0.1024,0.6094,,,,,,0.3242,,,https://dkn.gs/sports/images/mlb/players/50/32261.png,n/a,HOU @ SD,Astros @ Padres,Petco Park,outdoor,n/a,8/8/2026,Luis Rengifo,HOU,1.9,0.73,12/30/1899,0.09,0.01,0.04,0.34,0.26,0.08,0.32,,,,,4.65,6.04,4.65,4.65,Yes,-0.5,7.8,,https://www.freeiconspng.com/img/1934,
Brett Baty,2B/OF,NYM,Turbo,Sat Aug 08 2026 01:00:00 GMT-0500 (Central Daylight Time),"Turbo 8/8 6:05PM, 3 Games",2900,43784390,2.28,3.56,0.79,8.7,0.49880625,0.07730909091,0.2806,0.3453,0.0865,0.9585,,,,,,0.2629,,,https://dkn.gs/sports/images/mlb/players/50/459845.png,n/a,NYM @ PIT,Mets @ Pirates,PNC Park,outdoor,n/a,8/8/2026,,,,,,,,,,,,,,,,,,,,,,,,,,
Jose Trevino,C,CIN,Turbo,Sat Aug 08 2026 01:00:00 GMT-0500 (Central Daylight Time),"Turbo 8/8 6:05PM, 3 Games",2900,43784392,2.23,3.52,0.77,8.7,0.5099,0.0701,0.2942,0.3496,,,,,,,,0.2541,,,https://dkn.gs/sports/images/mlb/players/50/31859.png,n/a,CIN @ WSH,Reds @ Nationals,Nationals Park,outdoor,n/a,8/8/2026,,,,,,,,,,,,,,,,,,,,,,,,,,
Tyler Stephenson,C,CIN,Turbo,Sat Aug 08 2026 01:00:00 GMT-0500 (Central Daylight Time),"Turbo 8/8 6:05PM, 3 Games",3300,43784377,1.91,3.51,0.58,9.9,,,,,,,,,,,,,,,https://dkn.gs/sports/images/mlb/players/50/111756.png,12/30/1899,n/a,n/a,n/a,n/a,n/a,8/8/2026,Tyler Stephenson,WSH,2.52,0.75,12/30/1899,0.15,0,0.08,0.42,0.35,0.09,0.43,,,,,5.74,7.58,5.74,5.74,Yes,-1.5,8.5,,https://www.freeiconspng.com/img/1934,
Nick Sogard,1B/2B,BOS,Early,Sat Aug 08 2026 01:00:00 GMT-0500 (Central Daylight Time),"Early 8/8 3:05PM, 3 Games",3000,43784094,1.99,3.39,0.66,9,0.588265,0.0643625,0.342125,0.4245416667,0.1007,0.6503,,,,,,0.4033,,,https://dkn.gs/sports/images/mlb/players/50/478689.png,n/a,ATH @ BOS,Athletics @ Red Sox,Fenway Park,outdoor,NBCS-CA,8/8/2026,Nick Sogard,ATH,2.42,0.82,12/30/1899,0.16,0.04,0.05,0.42,0.34,0.1,0.4,,,,,5.97,7.81,5.97,5.97,Yes,-1.6,9.1,,https://www.freeiconspng.com/img/1934,
Luis Torrens,C,NYM,Turbo,Sat Aug 08 2026 01:00:00 GMT-0500 (Central Daylight Time),"Turbo 8/8 6:05PM, 3 Games",2500,43784404,2.33,3.37,0.93,7.5,,,,,,,,,,,,,,,https://dkn.gs/sports/images/mlb/players/50/62097.png,12/30/1899,n/a,n/a,n/a,n/a,n/a,8/8/2026,,,,,,,,,,,,,,,,,,,,,,,,,,
Oswald Peraza,2B,LAA,Early,Sat Aug 08 2026 01:00:00 GMT-0500 (Central Daylight Time),"Early 8/8 3:05PM, 3 Games",2500,43784112,2.31,3.35,0.93,7.5,0.4786083333,0.0985,0.2298,0.302,0.1835,0.9288,,,,,,,,,https://dkn.gs/sports/images/mlb/players/50/459843.png,12/30/1899,n/a,n/a,n/a,n/a,n/a,8/8/2026,,,,,,,,,,,,,,,,,,,,,,,,,,
Francisco Alvarez,C,NYM,Turbo,Sat Aug 08 2026 01:00:00 GMT-0500 (Central Daylight Time),"Turbo 8/8 6:05PM, 3 Games",3500,43784371,1.48,3.29,0.42,10.5,0.5330294118,0.0977,0.2915,0.3834,,1.0203,,,,,,0.3506,,,https://dkn.gs/sports/images/mlb/players/50/112068.png,n/a,NYM @ PIT,Mets @ Pirates,PNC Park,outdoor,n/a,8/8/2026,Francisco Alvarez,PIT,2.23,0.64,12/30/1899,0.11,0,0.07,0.38,0.29,0,0.35,,,,,4.45,5.94,4.45,4.45,No,1.5,8.9,,https://www.freeiconspng.com/img/1934,
Henry Davis,C,PIT,Turbo,Sat Aug 08 2026 01:00:00 GMT-0500 (Central Daylight Time),"Turbo 8/8 6:05PM, 3 Games",2700,43784398,2.09,3.29,0.78,8.1,,,,,,,,,,,,,,,https://dkn.gs/sports/images/mlb/players/50/587691.png,12/30/1899,n/a,n/a,n/a,n/a,n/a,8/8/2026,,,,,,,,,,,,,,,,,,,,,,,,,,
Sung-Mun Song,3B/SS,SD,Classic,Sat Aug 08 2026 01:00:00 GMT-0500 (Central Daylight Time),"Classic 8/8 7:10PM, 9 Games",2700,43784845,2.08,3.28,0.77,8.1,0.4321375,0.0592,0.2225,0.3094,0.0924,,,,,,,0.3342,,,https://dkn.gs/sports/images/mlb/players/50/580811.png,n/a,HOU @ SD,Astros @ Padres,Petco Park,outdoor,n/a,8/8/2026,,,,,,,,,,,,,,,,,,,,,,,,,,
Tyler Heineman,C,LAA,Early,Sat Aug 08 2026 01:00:00 GMT-0500 (Central Daylight Time),"Early 8/8 3:05PM, 3 Games",2000,43784131,2.56,3.25,1.28,6,0.46848,0.0476,0.2306,0.2607,0.0841,0.5781,,,,,,,,,https://dkn.gs/sports/images/mlb/players/50/31483.png,12/30/1899,n/a,n/a,n/a,n/a,n/a,8/8/2026,,,,,,,,,,,,,,,,,,,,,,,,,,
Carlos Narvaez,C,BAL,Classic,Sat Aug 08 2026 01:00:00 GMT-0500 (Central Daylight Time),"Classic 8/8 7:10PM, 9 Games",2000,43784911,2.55,3.24,1.27,6,,,,,,,,,,,,,,,https://dkn.gs/sports/images/mlb/players/50/638220.png,12/30/1899,n/a,n/a,n/a,n/a,n/a,8/8/2026,Carlos Narvaez,TEX,1.25,0.54,12/30/1899,0.05,0,0.03,0.26,0.21,0,0.23,,,,,2.88,3.85,2.88,2.88,No,1.5,7.5,,https://www.freeiconspng.com/img/1934,
Eli White,OF,BOS,Early,Sat Aug 08 2026 01:00:00 GMT-0500 (Central Daylight Time),"Early 8/8 3:05PM, 3 Games",2300,43784123,2.29,3.21,0.99,6.9,,,,,,,,,,,,,,,https://dkn.gs/sports/images/mlb/players/50/111349.png,n/a,ATH @ BOS,Athletics @ Red Sox,Fenway Park,outdoor,NBCS-CA,8/8/2026,Eli White,ATH,2.42,0,12/30/1899,0,0,0,0,0,0,0,,,,,0,0,0,0,Yes,-1.6,9.1,,,
Nate Furman,2B,SF,Classic,Sat Aug 08 2026 01:00:00 GMT-0500 (Central Daylight Time),"Classic 8/8 7:10PM, 9 Games",2000,43784910,2.47,3.17,1.23,6,,,,,,,,,,,,,,,https://dkn.gs/sports/images/mlb/teams/50/29945.png,12/30/1899,n/a,n/a,n/a,n/a,n/a,8/8/2026,,,,,,,,,,,,,,,,,,,,,,,,,,
Ke'Bryan Hayes,3B,CIN,Turbo,Sat Aug 08 2026 01:00:00 GMT-0500 (Central Daylight Time),"Turbo 8/8 6:05PM, 3 Games",2000,43784426,2.44,3.15,1.22,6,0.5266142857,0.1017,0.28368,0.35085,0.0928,0.5,,,,,,0.2965,,,https://dkn.gs/sports/images/mlb/players/50/112212.png,n/a,CIN @ WSH,Reds @ Nationals,Nationals Park,outdoor,n/a,8/8/2026,Ke`Bryan Hayes,WSH,1.91,0.74,12/30/1899,0.1,0.01,0.06,0.35,0.28,0.07,0.3,,,,,4.71,6.15,4.71,4.71,Yes,-1.5,8.5,,https://www.freeiconspng.com/img/1934,
Jim Jarvis,SS,ATL,Early,Sat Aug 08 2026 01:00:00 GMT-0500 (Central Daylight Time),"Early 8/8 3:05PM, 3 Games",2400,43784119,2.12,3.13,0.88,7.2,,,,,,,,,,,,,,,https://dkn.gs/sports/images/mlb/teams/50/29861.png,n/a,ATL @ NYY,Braves @ Yankees,Yankee Stadium,outdoor,n/a,8/8/2026,Jim Jarvis,NYY,2.09,0,12/30/1899,0,0,0,0,0,0,0,,,,,0,0,0,0,Yes,-1.5,7.5,,,
Alika Williams,2B/SS,ATH,Early,Sat Aug 08 2026 01:00:00 GMT-0500 (Central Daylight Time),"Early 8/8 3:05PM, 3 Games",2400,43784117,2.04,3.07,0.85,7.2,0.5021866667,0.0781,0.23547,0.2576444444,0.0945,0.6154,,,,,,0.188,,,https://dkn.gs/sports/images/mlb/players/50/494671.png,12/30/1899,n/a,n/a,n/a,n/a,n/a,8/8/2026,,,,,,,,,,,,,,,,,,,,,,,,,,
Isaac Collins,OF,KC,Classic,Sat Aug 08 2026 01:00:00 GMT-0500 (Central Daylight Time),"Classic 8/8 7:10PM, 9 Games",2900,43784832,1.63,3.04,0.56,8.7,0.550405,0.06132173913,0.250275,0.34959,0.1072153846,0.6198,,,,,,0.3687,,,https://dkn.gs/sports/images/mlb/players/50/478562.png,n/a,CHC @ KC,Cubs @ Royals,Kauffman Stadium,outdoor,n/a,8/8/2026,Isaac Collins,CHC,2.01,0.74,12/30/1899,0.11,0.03,0.04,0.35,0.25,0.09,0.37,,,,,4.88,6.35,4.88,4.88,No,1.5,9.5,,https://www.freeiconspng.com/img/1934,
Blaze Jordan,3B,STL,Classic,Sat Aug 08 2026 01:00:00 GMT-0500 (Central Daylight Time),"Classic 8/8 7:10PM, 9 Games",2400,43784880,1.99,3.03,0.83,7.2,0.6386625,0.1122,0.3343909091,0.36525,0.0583,0.5607666667,,,,,,0.2048,,,https://dkn.gs/sports/images/mlb/teams/50/29851.png,12/30/1899,COL @ STL,Rockies @ Cardinals,Busch Stadium,outdoor,n/a,8/8/2026,Blaze Jordan,COL,2.79,0.88,12/30/1899,0.2,0.04,0.1,0.37,0.33,0.06,0.2,,,,,5.96,7.61,5.96,5.96,Yes,-1.5,8.5,,https://www.freeiconspng.com/img/1934,
Ali Sanchez,C,NYY,Early,Sat Aug 08 2026 01:00:00 GMT-0500 (Central Daylight Time),"Early 8/8 3:05PM, 3 Games",2300,43784121,2.01,2.99,0.87,6.9,,,,,,,,,,,,,,,https://dkn.gs/sports/images/mlb/players/50/456973.png,12/30/1899,n/a,n/a,n/a,n/a,n/a,8/8/2026,,,,,,,,,,,,,,,,,,,,,,,,,,
James McCann,C,ARI,Classic,Sat Aug 08 2026 01:00:00 GMT-0500 (Central Daylight Time),"Classic 8/8 7:10PM, 9 Games",2700,43784852,1.52,2.83,0.56,8.1,,,,,,,,,,,,,,,https://dkn.gs/sports/images/mlb/players/50/31604.png,12/30/1899,n/a,n/a,n/a,n/a,n/a,8/8/2026,,,,,,,,,,,,,,,,,,,,,,,,,,
James McCann,C,ARI,Night,Sat Aug 08 2026 01:00:00 GMT-0500 (Central Daylight Time),"Night 8/8 8:10PM, 2 Games",2700,43788619,1.52,2.83,0.56,8.1,,,,,,,,,,,,,,,https://dkn.gs/sports/images/mlb/players/50/31604.png,12/30/1899,n/a,n/a,n/a,n/a,n/a,8/8/2026,,,,,,,,,,,,,,,,,,,,,,,,,,
Mauricio Dubon,OF/SS,ATL,Early,Sat Aug 08 2026 01:00:00 GMT-0500 (Central Daylight Time),"Early 8/8 3:05PM, 3 Games",2800,43784104,1.42,2.82,0.51,8.4,,,,,,,,,,,,,,,https://dkn.gs/sports/images/mlb/players/50/32735.png,n/a,ATL @ NYY,Braves @ Yankees,Yankee Stadium,outdoor,n/a,8/8/2026,Mauricio Dubon,NYY,2.19,0.74,12/30/1899,0.11,0,0.05,0.33,0.27,0.1,0,,,,,4.26,5.37,4.26,4.26,Yes,-1.5,7.5,,https://www.freeiconspng.com/img/1934,
Ryan Waldschmidt,OF,ARI,Classic,Sat Aug 08 2026 01:00:00 GMT-0500 (Central Daylight Time),"Classic 8/8 7:10PM, 9 Games",3000,43784822,1.27,2.81,0.42,9,0.4789,0.0855,0.2197,0.28482,0.0813,0.80985,,,,,,0.2353,,,https://dkn.gs/sports/images/mlb/teams/50/29934.png,n/a,LAD @ AZ,Dodgers @ D'Backs,Chase Field,retractable,n/a,8/8/2026,Ryan Waldschmidt,LAD,1.65,0.65,12/30/1899,0.08,0.02,0.04,0.28,0.22,0.05,0.24,,,,,3.8,4.94,3.8,3.8,No,1.5,8.4,,https://www.freeiconspng.com/img/1934,
Ryan Waldschmidt,OF,ARI,Night,Sat Aug 08 2026 01:00:00 GMT-0500 (Central Daylight Time),"Night 8/8 8:10PM, 2 Games",3000,43788808,1.27,2.81,0.42,9,0.4789,0.0855,0.2197,0.28482,0.0813,0.80985,,,,,,0.2353,,,https://dkn.gs/sports/images/mlb/teams/50/29934.png,n/a,LAD @ AZ,Dodgers @ D'Backs,Chase Field,retractable,n/a,8/8/2026,Ryan Waldschmidt,LAD,1.65,0.65,12/30/1899,0.08,0.02,0.04,0.28,0.22,0.05,0.24,,,,,3.8,4.94,3.8,3.8,No,1.5,8.4,,https://www.freeiconspng.com/img/1934,
George Lombard Jr.,SS,NYY,Early,Sat Aug 08 2026 01:00:00 GMT-0500 (Central Daylight Time),"Early 8/8 3:05PM, 3 Games",2800,43784107,1.32,2.74,0.47,8.4,0.4940043478,0.0729375,0.2379,0.29013,0.1141,1.2,,,,,,0.2621,,,https://dkn.gs/sports/images/mlb/players/50/726302.png,12/30/1899,n/a,n/a,n/a,n/a,n/a,8/8/2026,,,,,,,,,,,,,,,,,,,,,,,,,,
Jonathan Ornelas,2B,ATH,Early,Sat Aug 08 2026 01:00:00 GMT-0500 (Central Daylight Time),"Early 8/8 3:05PM, 3 Games",2100,43784128,1.85,2.74,0.88,6.3,0.47218125,0.0784,0.2166,0.27798,0.0891,0.6599,,,,,,0.1833,,,https://dkn.gs/sports/images/mlb/players/50/111369.png,12/30/1899,n/a,n/a,n/a,n/a,n/a,8/8/2026,,,,,,,,,,,,,,,,,,,,,,,,,,
Jordan Beck,OF,COL,Classic,Sat Aug 08 2026 01:00:00 GMT-0500 (Central Daylight Time),"Classic 8/8 7:10PM, 9 Games",2400,43784881,1.61,2.73,0.67,7.2,0.4885928571,0.1152,0.26892,0.3187333333,0.163,0.9009,,,,,,,,,https://dkn.gs/sports/images/mlb/players/50/656139.png,n/a,COL @ STL,Rockies @ Cardinals,Busch Stadium,outdoor,n/a,8/8/2026,Jordan Beck,STL,2.38,0.7,12/30/1899,0.13,0.03,0.09,0.32,0.27,0.16,0,,,,,4.84,6.12,4.84,4.84,No,1.5,8.5,,https://www.freeiconspng.com/img/1934,
Drew Cavanaugh,C,SF,Classic,Sat Aug 08 2026 01:00:00 GMT-0500 (Central Daylight Time),"Classic 8/8 7:10PM, 9 Games",2400,43784883,1.37,2.54,0.57,7.2,0.4714166667,0.0605,0.2657,0.3179,0.05255,,,,,,,0.3247,,,https://dkn.gs/sports/images/mlb/teams/50/29945.png,n/a,DET @ SF,Tigers @ Giants,Oracle Park,outdoor,FOX,8/8/2026,Drew Cavanaugh,DET,1.83,0.65,12/30/1899,0.08,0.02,0.03,0.32,0.27,0.04,0.32,,,,,4.12,5.43,4.12,4.12,No,1.5,8.1,,https://www.freeiconspng.com/img/1934,
Jhostynxon Garcia,OF,PIT,Turbo,Sat Aug 08 2026 01:00:00 GMT-0500 (Central Daylight Time),"Turbo 8/8 6:05PM, 3 Games",2200,43784413,1.19,2.27,0.54,6.6,,,,,,,,,,,,,,,https://dkn.gs/sports/images/mlb/players/50/702254.png,12/30/1899,n/a,n/a,n/a,n/a,n/a,8/8/2026,Jhostynxon Garcia,NYM,2.46,0.62,12/30/1899,0.13,0,0.07,0.29,0.27,0,0,,,,,3.57,4.6,3.57,3.57,Yes,-1.5,8.9,,https://www.freeiconspng.com/img/1934,
Cam Schlittler,SP,NYY,Early,Sat Aug 08 2026 01:00:00 GMT-0500 (Central Daylight Time),"Early 8/8 3:05PM, 3 Games",11800,43784189,0,0,0,35.4,,,,,,,,,,,,,,,https://dkn.gs/sports/images/mlb/players/50/873630.png,,,,,,,8/8/2026,,,,,,,,,,,,,,,,,,,,,,,,,,
Spencer Schwellenbach,SP,ATL,Early,Sat Aug 08 2026 01:00:00 GMT-0500 (Central Daylight Time),"Early 8/8 3:05PM, 3 Games",9600,43784190,0,0,0,28.8,,,,,,,,,,,,,,,https://dkn.gs/sports/images/mlb/players/50/581981.png,,,,,,,8/8/2026,,,,,,,,,,,,,,,,,,,,,,,,,,
Spencer Strider,RP,ATL,Early,Sat Aug 08 2026 01:00:00 GMT-0500 (Central Daylight Time),"Early 8/8 3:05PM, 3 Games",9500,43784191,0,0,0,28.5,,,,,,,,,,,,,,,https://dkn.gs/sports/images/mlb/players/50/494812.png,,,,,,,8/8/2026,,,,,,,,,,,,,,,,,,,,,,,,,,
Max Meyer,SP,MIA,Early,Sat Aug 08 2026 01:00:00 GMT-0500 (Central Daylight Time),"Early 8/8 3:05PM, 3 Games",9300,43784192,0,0,0,27.9,,,,,,,,,,,,,,,https://dkn.gs/sports/images/mlb/players/50/494649.png,,,,,,,8/8/2026,,,,,,,,,,,,,,,,,,,,,,,,,,
Garrett Crochet,SP,BOS,Early,Sat Aug 08 2026 01:00:00 GMT-0500 (Central Daylight Time),"Early 8/8 3:05PM, 3 Games",9000,43784193,0,0,0,27,,,,,,,,,,,,,,,https://dkn.gs/sports/images/mlb/players/50/494662.png,,,,,,,8/8/2026,,,,,,,,,,,,,,,,,,,,,,,,,,
Carlos Rodon,SP,NYY,Early,Sat Aug 08 2026 01:00:00 GMT-0500 (Central Daylight Time),"Early 8/8 3:05PM, 3 Games",9000,43784194,0,0,0,27,,,,,,,,,,,,,,,https://dkn.gs/sports/images/mlb/players/50/31607.png,,,,,,,8/8/2026,,,,,,,,,,,,,,,,,,,,,,,,,,
Ryan Weathers,RP,NYY,Early,Sat Aug 08 2026 01:00:00 GMT-0500 (Central Daylight Time),"Early 8/8 3:05PM, 3 Games",9000,43784195,0,0,0,27,,,,,,,,,,,,,,,https://dkn.gs/sports/images/mlb/players/50/112363.png,,,,,,,8/8/2026,,,,,,,,,,,,,,,,,,,,,,,,,,
Max Fried,SP,NYY,Early,Sat Aug 08 2026 01:00:00 GMT-0500 (Central Daylight Time),"Early 8/8 3:05PM, 3 Games",8900,43784196,0,0,0,26.7,,,,,,,,,,,,,,,https://dkn.gs/sports/images/mlb/players/50/32226.png,,,,,,,8/8/2026,,,,,,,,,,,,,,,,,,,,,,,,,,
Sonny Gray,SP,BOS,Early,Sat Aug 08 2026 01:00:00 GMT-0500 (Central Daylight Time),"Early 8/8 3:05PM, 3 Games",8900,43784197,0,0,0,26.7,,,,,,,,,,,,,,,https://dkn.gs/sports/images/mlb/players/50/32436.png,,,,,,,8/8/2026,,,,,,,,,,,,,,,,,,,,,,,,,,
Payton Tolle,SP,BOS,Early,Sat Aug 08 2026 01:00:00 GMT-0500 (Central Daylight Time),"Early 8/8 3:05PM, 3 Games",8800,43784198,0,0,0,26.4,,,,,,,,,,,,,,,https://dkn.gs/sports/images/mlb/players/50/806181.png,,,,,,,8/8/2026,,,,,,,,,,,,,,,,,,,,,,,,,,
Eury Perez,SP,MIA,Early,Sat Aug 08 2026 01:00:00 GMT-0500 (Central Daylight Time),"Early 8/8 3:05PM, 3 Games",8600,43784199,0,0,0,25.8,,,,,,,,,,,,,,,https://dkn.gs/sports/images/mlb/players/50/573982.png,,,,,,,8/8/2026,,,,,,,,,,,,,,,,,,,,,,,,,,
AJ Smith-Shawver,RP,ATL,Early,Sat Aug 08 2026 01:00:00 GMT-0500 (Central Daylight Time),"Early 8/8 3:05PM, 3 Games",8500,43784200,0,0,0,25.5,,,,,,,,,,,,,,,https://dkn.gs/sports/images/mlb/players/50/593474.png,,,,,,,8/8/2026,,,,,,,,,,,,,,,,,,,,,,,,,,
Ranger Suarez,SP,BOS,Early,Sat Aug 08 2026 01:00:00 GMT-0500 (Central Daylight Time),"Early 8/8 3:05PM, 3 Games",8400,43784201,0,0,0,25.2,,,,,,,,,,,,,,,https://dkn.gs/sports/images/mlb/players/50/32100.png,,,,,,,8/8/2026,,,,,,,,,,,,,,,,,,,,,,,,,,
Reid Detmers,SP,LAA,Early,Sat Aug 08 2026 01:00:00 GMT-0500 (Central Daylight Time),"Early 8/8 3:05PM, 3 Games",8300,43784202,0,0,0,24.9,,,,,,,,,,,,,,,https://dkn.gs/sports/images/mlb/players/50/494661.png,,,,,,,8/8/2026,,,,,,,,,,,,,,,,,,,,,,,,,,
Clarke Schmidt,SP,NYY,Early,Sat Aug 08 2026 01:00:00 GMT-0500 (Central Daylight Time),"Early 8/8 3:05PM, 3 Games",8000,43784203,0,0,0,24,,,,,,,,,,,,,,,https://dkn.gs/sports/images/mlb/players/50/111120.png,,,,,,,8/8/2026,,,,,,,,,,,,,,,,,,,,,,,,,,
Will Warren,SP,NYY,Early,Sat Aug 08 2026 01:00:00 GMT-0500 (Central Daylight Time),"Early 8/8 3:05PM, 3 Games",8000,43784204,0,0,0,24,,,,,,,,,,,,,,,https://dkn.gs/sports/images/mlb/players/50/643835.png,,,,,,,8/8/2026,,,,,,,,,,,,,,,,,,,,,,,,,,
Martin Perez,RP,ATL,Early,Sat Aug 08 2026 01:00:00 GMT-0500 (Central Daylight Time),"Early 8/8 3:05PM, 3 Games",7700,43784205,0,0,0,23.1,,,,,,,,,,,,,,,https://dkn.gs/sports/images/mlb/players/50/32288.png,,,,,,,8/8/2026,,,,,,,,,,,,,,,,,,,,,,,,,,
Owen Murphy,RP,ATL,Early,Sat Aug 08 2026 01:00:00 GMT-0500 (Central Daylight Time),"Early 8/8 3:05PM, 3 Games",7700,43784206,0,0,0,23.1,,,,,,,,,,,,,,,https://dkn.gs/sports/images/mlb/teams/50/29861.png,,,,,,,8/8/2026,,,,,,,,,,,,,,,,,,,,,,,,,,
Reynaldo Lopez,RP,ATL,Early,Sat Aug 08 2026 01:00:00 GMT-0500 (Central Daylight Time),"Early 8/8 3:05PM, 3 Games",7700,43784207,0,0,0,23.1,,,,,,,,,,,,,,,https://dkn.gs/sports/images/mlb/players/50/31616.png,,,,,,,8/8/2026,,,,,,,,,,,,,,,,,,,,,,,,,,
Bryce Elder,SP,ATL,Early,Sat Aug 08 2026 01:00:00 GMT-0500 (Central Daylight Time),"Early 8/8 3:05PM, 3 Games",7700,43784208,0,0,0,23.1,,,,,,,,,,,,,,,https://dkn.gs/sports/images/mlb/players/50/545467.png,,,,,,,8/8/2026,,,,,,,,,,,,,,,,,,,,,,,,,,
Tyler Mahle,SP,ATL,Early,Sat Aug 08 2026 01:00:00 GMT-0500 (Central Daylight Time),"Early 8/8 3:05PM, 3 Games",7700,43784209,0,0,0,23.1,,,,,,,,,,,,,,,https://dkn.gs/sports/images/mlb/players/50/32503.png,,,,,,,8/8/2026,,,,,,,,,,,,,,,,,,,,,,,,,,
JR Ritchie,SP,ATL,Early,Sat Aug 08 2026 01:00:00 GMT-0500 (Central Daylight Time),"Early 8/8 3:05PM, 3 Games",7600,43784210,0,0,0,22.8,,,,,,,,,,,,,,,https://dkn.gs/sports/images/mlb/teams/50/29861.png,,,,,,,8/8/2026,,,,,,,,,,,,,,,,,,,,,,,,,,
J.T. Ginn,RP,ATH,Early,Sat Aug 08 2026 01:00:00 GMT-0500 (Central Daylight Time),"Early 8/8 3:05PM, 3 Games",7300,43784211,0,0,0,21.9,,,,,,,,,,,,,,,https://dkn.gs/sports/images/mlb/players/50/478577.png,,,,,,,8/8/2026,,,,,,,,,,,,,,,,,,,,,,,,,,
Yusei Kikuchi,SP,LAA,Early,Sat Aug 08 2026 01:00:00 GMT-0500 (Central Daylight Time),"Early 8/8 3:05PM, 3 Games",7200,43784212,0,0,0,21.6,,,,,,,,,,,,,,,https://dkn.gs/sports/images/mlb/players/50/31619.png,,,,,,,8/8/2026,,,,,,,,,,,,,,,,,,,,,,,,,,
Patrick Sandoval,SP,BOS,Early,Sat Aug 08 2026 01:00:00 GMT-0500 (Central Daylight Time),"Early 8/8 3:05PM, 3 Games",7100,43784213,0,0,0,21.3,,,,,,,,,,,,,,,https://dkn.gs/sports/images/mlb/players/50/32267.png,,,,,,,8/8/2026,,,,,,,,,,,,,,,,,,,,,,,,,,
Tanner Houck,SP,BOS,Early,Sat Aug 08 2026 01:00:00 GMT-0500 (Central Daylight Time),"Early 8/8 3:05PM, 3 Games",7100,43784214,0,0,0,21.3,,,,,,,,,,,,,,,https://dkn.gs/sports/images/mlb/players/50/110505.png,,,,,,,8/8/2026,,,,,,,,,,,,,,,,,,,,,,,,,,
Kutter Crawford,SP,BOS,Early,Sat Aug 08 2026 01:00:00 GMT-0500 (Central Daylight Time),"Early 8/8 3:05PM, 3 Games",7100,43784215,0,0,0,21.3,,,,,,,,,,,,,,,https://dkn.gs/sports/images/mlb/players/50/110514.png,,,,,,,8/8/2026,,,,,,,,,,,,,,,,,,,,,,,,,,
Eduardo Rivera,RP,BOS,Early,Sat Aug 08 2026 01:00:00 GMT-0500 (Central Daylight Time),"Early 8/8 3:05PM, 3 Games",7000,43784216,0,0,0,21,,,,,,,,,,,,,,,https://dkn.gs/sports/images/mlb/teams/50/29976.png,,,,,,,8/8/2026,,,,,,,,,,,,,,,,,,,,,,,,,,
Joey Wentz,RP,ATL,Early,Sat Aug 08 2026 01:00:00 GMT-0500 (Central Daylight Time),"Early 8/8 3:05PM, 3 Games",6800,43784217,0,0,0,20.4,,,,,,,,,,,,,,,https://dkn.gs/sports/images/mlb/players/50/111567.png,,,,,,,8/8/2026,,,,,,,,,,,,,,,,,,,,,,,,,,
Grant Holmes,RP,ATL,Early,Sat Aug 08 2026 01:00:00 GMT-0500 (Central Daylight Time),"Early 8/8 3:05PM, 3 Games",6800,43784218,0,0,0,20.4,,,,,,,,,,,,,,,https://dkn.gs/sports/images/mlb/players/50/69391.png,,,,,,,8/8/2026,,,,,,,,,,,,,,,,,,,,,,,,,,
Hurston Waldrep,SP,ATL,Early,Sat Aug 08 2026 01:00:00 GMT-0500 (Central Daylight Time),"Early 8/8 3:05PM, 3 Games",6800,43784219,0,0,0,20.4,,,,,,,,,,,,,,,https://dkn.gs/sports/images/mlb/players/50/721177.png,,,,,,,8/8/2026,,,,,,,,,,,,,,,,,,,,,,,,,,
Janson Junk,RP,MIA,Early,Sat Aug 08 2026 01:00:00 GMT-0500 (Central Daylight Time),"Early 8/8 3:05PM, 3 Games",6400,43784220,0,0,0,19.2,,,,,,,,,,,,,,,https://dkn.gs/sports/images/mlb/players/50/591177.png,,,,,,,8/8/2026,,,,,,,,,,,,,,,,,,,,,,,,,,
Robby Snelling,SP,MIA,Early,Sat Aug 08 2026 01:00:00 GMT-0500 (Central Daylight Time),"Early 8/8 3:05PM, 3 Games",6400,43784221,0,0,0,19.2,,,,,,,,,,,,,,,https://dkn.gs/sports/images/mlb/players/50/658816.png,,,,,,,8/8/2026,,,,,,,,,,,,,,,,,,,,,,,,,,
Luis Morales,SP,ATH,Early,Sat Aug 08 2026 01:00:00 GMT-0500 (Central Daylight Time),"Early 8/8 3:05PM, 3 Games",6400,43784222,0,0,0,19.2,,,,,,,,,,,,,,,https://dkn.gs/sports/images/mlb/players/50/719042.png,,,,,,,8/8/2026,,,,,,,,,,,,,,,,,,,,,,,,,,
Luis Severino,RP,ATH,Early,Sat Aug 08 2026 01:00:00 GMT-0500 (Central Daylight Time),"Early 8/8 3:05PM, 3 Games",6400,43784223,0,0,0,19.2,,,,,,,,,,,,,,,https://dkn.gs/sports/images/mlb/players/50/32506.png,,,,,,,8/8/2026,,,,,,,,,,,,,,,,,,,,,,,,,,
Jack Perkins,RP,ATH,Early,Sat Aug 08 2026 01:00:00 GMT-0500 (Central Daylight Time),"Early 8/8 3:05PM, 3 Games",6400,43784224,0,0,0,19.2,,,,,,,,,,,,,,,https://dkn.gs/sports/images/mlb/players/50/708601.png,,,,,,,8/8/2026,,,,,,,,,,,,,,,,,,,,,,,,,,
Jacob Lopez,RP,ATH,Early,Sat Aug 08 2026 01:00:00 GMT-0500 (Central Daylight Time),"Early 8/8 3:05PM, 3 Games",6400,43784225,0,0,0,19.2,,,,,,,,,,,,,,,https://dkn.gs/sports/images/mlb/players/50/597766.png,,,,,,,8/8/2026,,,,,,,,,,,,,,,,,,,,,,,,,,
Tyler Phillips,RP,MIA,Early,Sat Aug 08 2026 01:00:00 GMT-0500 (Central Daylight Time),"Early 8/8 3:05PM, 3 Games",6300,43784226,0,0,0,18.9,,,,,,,,,,,,,,,https://dkn.gs/sports/images/mlb/players/50/111355.png,,,,,,,8/8/2026,,,,,,,,,,,,,,,,,,,,,,,,,,
Mason Barnett,RP,ATH,Early,Sat Aug 08 2026 01:00:00 GMT-0500 (Central Daylight Time),"Early 8/8 3:05PM, 3 Games",6300,43784227,0,0,0,18.9,,,,,,,,,,,,,,,https://dkn.gs/sports/images/mlb/players/50/658789.png,,,,,,,8/8/2026,,,,,,,,,,,,,,,,,,,,,,,,,,
Mitch Farris,RP,LAA,Early,Sat Aug 08 2026 01:00:00 GMT-0500 (Central Daylight Time),"Early 8/8 3:05PM, 3 Games",6300,43784228,0,0,0,18.9,,,,,,,,,,,,,,,https://dkn.gs/sports/images/mlb/players/50/886886.png,,,,,,,8/8/2026,,,,,,,,,,,,,,,,,,,,,,,,,,
Grayson Rodriguez,SP,LAA,Early,Sat Aug 08 2026 01:00:00 GMT-0500 (Central Daylight Time),"Early 8/8 3:05PM, 3 Games",6200,43784229,0,0,0,18.6,,,,,,,,,,,,,,,https://dkn.gs/sports/images/mlb/players/50/110448.png,,,,,,,8/8/2026,,,,,,,,,,,,,,,,,,,,,,,,,,
Ryan Yarbrough,RP,NYY,Early,Sat Aug 08 2026 01:00:00 GMT-0500 (Central Daylight Time),"Early 8/8 3:05PM, 3 Games",6200,43784230,0,0,0,18.6,,,,,,,,,,,,,,,https://dkn.gs/sports/images/mlb/players/50/31691.png,,,,,,,8/8/2026,,,,,,,,,,,,,,,,,,,,,,,,,,
Paul Blackburn,RP,NYY,Early,Sat Aug 08 2026 01:00:00 GMT-0500 (Central Daylight Time),"Early 8/8 3:05PM, 3 Games",6200,43784231,0,0,0,18.6,,,,,,,,,,,,,,,https://dkn.gs/sports/images/mlb/players/50/31481.png,,,,,,,8/8/2026,,,,,,,,,,,,,,,,,,,,,,,,,,
Elmer Rodriguez,SP,NYY,Early,Sat Aug 08 2026 01:00:00 GMT-0500 (Central Daylight Time),"Early 8/8 3:05PM, 3 Games",6200,43784232,0,0,0,18.6,,,,,,,,,,,,,,,https://dkn.gs/sports/images/mlb/players/50/582199.png,,,,,,,8/8/2026,,,,,,,,,,,,,,,,,,,,,,,,,,
Luis Gil,SP,NYY,Early,Sat Aug 08 2026 01:00:00 GMT-0500 (Central Daylight Time),"Early 8/8 3:05PM, 3 Games",6200,43784233,0,0,0,18.6,,,,,,,,,,,,,,,https://dkn.gs/sports/images/mlb/players/50/457189.png,,,,,,,8/8/2026,,,,,,,,,,,,,,,,,,,,,,,,,,
Brayan Bello,SP,BOS,Early,Sat Aug 08 2026 01:00:00 GMT-0500 (Central Daylight Time),"Early 8/8 3:05PM, 3 Games",6200,43784234,0,0,0,18.6,,,,,,,,,,,,,,,https://dkn.gs/sports/images/mlb/players/50/459744.png,,,,,,,8/8/2026,,,,,,,,,,,,,,,,,,,,,,,,,,
Johan Oviedo,SP,BOS,Early,Sat Aug 08 2026 01:00:00 GMT-0500 (Central Daylight Time),"Early 8/8 3:05PM, 3 Games",6200,43784235,0,0,0,18.6,,,,,,,,,,,,,,,https://dkn.gs/sports/images/mlb/players/50/459907.png,,,,,,,8/8/2026,,,,,,,,,,,,,,,,,,,,,,,,,,
Aaron Judge,OF,NYY,Early,Sat Aug 08 2026 01:00:00 GMT-0500 (Central Daylight Time),"Early 8/8 3:05PM, 3 Games",6000,43784133,0,0,0,18,,,,,,,,,,,,,,,https://dkn.gs/sports/images/mlb/players/50/32504.png,,,,,,,8/8/2026,,,,,,,,,,,,,,,,,,,,,,,,,,
Didier Fuentes,RP,ATL,Early,Sat Aug 08 2026 01:00:00 GMT-0500 (Central Daylight Time),"Early 8/8 3:05PM, 3 Games",5900,43784236,0,0,0,17.7,,,,,,,,,,,,,,,https://dkn.gs/sports/images/mlb/players/50/705315.png,,,,,,,8/8/2026,,,,,,,,,,,,,,,,,,,,,,,,,,
Victor Mederos,RP,ATL,Early,Sat Aug 08 2026 01:00:00 GMT-0500 (Central Daylight Time),"Early 8/8 3:05PM, 3 Games",5900,43784237,0,0,0,17.7,,,,,,,,,,,,,,,https://dkn.gs/sports/images/mlb/players/50/700233.png,,,,,,,8/8/2026,,,,,,,,,,,,,,,,,,,,,,,,,,
Austin Gomber,SP,ATL,Early,Sat Aug 08 2026 01:00:00 GMT-0500 (Central Daylight Time),"Early 8/8 3:05PM, 3 Games",5900,43784238,0,0,0,17.7,,,,,,,,,,,,,,,https://dkn.gs/sports/images/mlb/players/50/69436.png,,,,,,,8/8/2026,,,,,,,,,,,,,,,,,,,,,,,,,,
Gunnar Hoglund,SP,ATH,Early,Sat Aug 08 2026 01:00:00 GMT-0500 (Central Daylight Time),"Early 8/8 3:05PM, 3 Games",5500,43784239,0,0,0,16.5,,,,,,,,,,,,,,,https://dkn.gs/sports/images/mlb/players/50/563223.png,,,,,,,8/8/2026,,,,,,,,,,,,,,,,,,,,,,,,,,
Dax Fulton,RP,MIA,Early,Sat Aug 08 2026 01:00:00 GMT-0500 (Central Daylight Time),"Early 8/8 3:05PM, 3 Games",5500,43784240,0,0,0,16.5,,,,,,,,,,,,,,,https://dkn.gs/sports/images/mlb/players/50/495643.png,,,,,,,8/8/2026,,,,,,,,,,,,,,,,,,,,,,,,,,
Kade Morris,SP,ATH,Early,Sat Aug 08 2026 01:00:00 GMT-0500 (Central Daylight Time),"Early 8/8 3:05PM, 3 Games",5500,43784241,0,0,0,16.5,,,,,,,,,,,,,,,https://dkn.gs/sports/images/mlb/players/50/809187.png,,,,,,,8/8/2026,,,,,,,,,,,,,,,,,,,,,,,,,,
Luis Medina,SP,ATH,Early,Sat Aug 08 2026 01:00:00 GMT-0500 (Central Daylight Time),"Early 8/8 3:05PM, 3 Games",5500,43784242,0,0,0,16.5,,,,,,,,,,,,,,,https://dkn.gs/sports/images/mlb/players/50/111116.png,,,,,,,8/8/2026,,,,,,,,,,,,,,,,,,,,,,,,,,
Yunior Tur,RP,ATH,Early,Sat Aug 08 2026 01:00:00 GMT-0500 (Central Daylight Time),"Early 8/8 3:05PM, 3 Games",5500,43784243,0,0,0,16.5,,,,,,,,,,,,,,,https://dkn.gs/sports/images/mlb/teams/50/29811.png,,,,,,,8/8/2026,,,,,,,,,,,,,,,,,,,,,,,,,,
Seth Johnson,RP,ATH,Early,Sat Aug 08 2026 01:00:00 GMT-0500 (Central Daylight Time),"Early 8/8 3:05PM, 3 Games",5500,43784244,0,0,0,16.5,,,,,,,,,,,,,,,https://dkn.gs/sports/images/mlb/players/50/459919.png,,,,,,,8/8/2026,,,,,,,,,,,,,,,,,,,,,,,,,,
Jose Suarez,RP,ATH,Early,Sat Aug 08 2026 01:00:00 GMT-0500 (Central Daylight Time),"Early 8/8 3:05PM, 3 Games",5500,43784245,0,0,0,16.5,,,,,,,,,,,,,,,https://dkn.gs/sports/images/mlb/players/50/32264.png,,,,,,,8/8/2026,,,,,,,,,,,,,,,,,,,,,,,,,,
Adam Mazur,SP,MIA,Early,Sat Aug 08 2026 01:00:00 GMT-0500 (Central Daylight Time),"Early 8/8 3:05PM, 3 Games",5500,43784246,0,0,0,16.5,,,,,,,,,,,,,,,https://dkn.gs/sports/images/mlb/players/50/658815.png,,,,,,,8/8/2026,,,,,,,,,,,,,,,,,,,,,,,,,,
Ryan Gusto,RP,MIA,Early,Sat Aug 08 2026 01:00:00 GMT-0500 (Central Daylight Time),"Early 8/8 3:05PM, 3 Games",5500,43784247,0,0,0,16.5,,,,,,,,,,,,,,,https://dkn.gs/sports/images/mlb/players/50/779616.png,,,,,,,8/8/2026,,,,,,,,,,,,,,,,,,,,,,,,,,
Jeffrey Springs,RP,ATH,Early,Sat Aug 08 2026 01:00:00 GMT-0500 (Central Daylight Time),"Early 8/8 3:05PM, 3 Games",5500,43784248,0,0,0,16.5,,,,,,,,,,,,,,,https://dkn.gs/sports/images/mlb/players/50/31867.png,,,,,,,8/8/2026,,,,,,,,,,,,,,,,,,,,,,,,,,
Joey Estes,RP,ATH,Early,Sat Aug 08 2026 01:00:00 GMT-0500 (Central Daylight Time),"Early 8/8 3:05PM, 3 Games",5500,43784249,0,0,0,16.5,,,,,,,,,,,,,,,https://dkn.gs/sports/images/mlb/players/50/593473.png,,,,,,,8/8/2026,,,,,,,,,,,,,,,,,,,,,,,,,,
Bradley Blalock,SP,MIA,Early,Sat Aug 08 2026 01:00:00 GMT-0500 (Central Daylight Time),"Early 8/8 3:05PM, 3 Games",5500,43784250,0,0,0,16.5,,,,,,,,,,,,,,,https://dkn.gs/sports/images/mlb/players/50/723448.png,,,,,,,8/8/2026,,,,,,,,,,,,,,,,,,,,,,,,,,
Caden Dana,SP,LAA,Early,Sat Aug 08 2026 01:00:00 GMT-0500 (Central Daylight Time),"Early 8/8 3:05PM, 3 Games",5400,43784251,0,0,0,16.2,,,,,,,,,,,,,,,https://dkn.gs/sports/images/mlb/players/50/669779.png,,,,,,,8/8/2026,,,,,,,,,,,,,,,,,,,,,,,,,,
Sam Aldegheri,RP,LAA,Early,Sat Aug 08 2026 01:00:00 GMT-0500 (Central Daylight Time),"Early 8/8 3:05PM, 3 Games",5400,43784252,0,0,0,16.2,,,,,,,,,,,,,,,https://dkn.gs/sports/images/mlb/players/50/788432.png,,,,,,,8/8/2026,,,,,,,,,,,,,,,,,,,,,,,,,,
Nick Kurtz,1B,ATH,Early,Sat Aug 08 2026 01:00:00 GMT-0500 (Central Daylight Time),"Early 8/8 3:05PM, 3 Games",5300,43784134,0,0,0,15.9,,,,,,,,,,,,,,,https://dkn.gs/sports/images/mlb/players/50/806139.png,,,,,,,8/8/2026,,,,,,,,,,,,,,,,,,,,,,,,,,
George Klassen,SP,LAA,Early,Sat Aug 08 2026 01:00:00 GMT-0500 (Central Daylight Time),"Early 8/8 3:05PM, 3 Games",5300,43784253,0,0,0,15.9,,,,,,,,,,,,,,,https://dkn.gs/sports/images/mlb/teams/50/29901.png,,,,,,,8/8/2026,,,,,,,,,,,,,,,,,,,,,,,,,,
Brett Kerry,RP,LAA,Early,Sat Aug 08 2026 01:00:00 GMT-0500 (Central Daylight Time),"Early 8/8 3:05PM, 3 Games",5300,43784254,0,0,0,15.9,,,,,,,,,,,,,,,https://dkn.gs/sports/images/mlb/teams/50/29901.png,,,,,,,8/8/2026,,,,,,,,,,,,,,,,,,,,,,,,,,
Jack Kochanowicz,SP,LAA,Early,Sat Aug 08 2026 01:00:00 GMT-0500 (Central Daylight Time),"Early 8/8 3:05PM, 3 Games",5300,43784255,0,0,0,15.9,,,,,,,,,,,,,,,https://dkn.gs/sports/images/mlb/players/50/459711.png,,,,,,,8/8/2026,,,,,,,,,,,,,,,,,,,,,,,,,,
Ryan Johnson,RP,LAA,Early,Sat Aug 08 2026 01:00:00 GMT-0500 (Central Daylight Time),"Early 8/8 3:05PM, 3 Games",5300,43784256,0,0,0,15.9,,,,,,,,,,,,,,,https://dkn.gs/sports/images/mlb/players/50/806202.png,,,,,,,8/8/2026,,,,,,,,,,,,,,,,,,,,,,,,,,
Luis Garcia Jr.,1B,NYY,Early,Sat Aug 08 2026 01:00:00 GMT-0500 (Central Daylight Time),"Early 8/8 3:05PM, 3 Games",5100,43784052,0,0,0,15.3,,,,,,,,,,,,,,,https://dkn.gs/sports/images/mlb/players/50/111988.png,,,,,,,8/8/2026,,,,,,,,,,,,,,,,,,,,,,,,,,
Shea Langeliers,C,ATH,Early,Sat Aug 08 2026 01:00:00 GMT-0500 (Central Daylight Time),"Early 8/8 3:05PM, 3 Games",4400,43784135,0,0,0,13.2,,,,,,,,,,,,,,,https://dkn.gs/sports/images/mlb/players/50/459720.png,,,,,,,8/8/2026,,,,,,,,,,,,,,,,,,,,,,,,,,
Curtis Mead,2B/3B,BOS,Early,Sat Aug 08 2026 01:00:00 GMT-0500 (Central Daylight Time),"Early 8/8 3:05PM, 3 Games",4400,43784136,0,0,0,13.2,,,,,,,,,,,,,,,https://dkn.gs/sports/images/mlb/players/50/472033.png,,,,,,,8/8/2026,,,,,,,,,,,,,,,,,,,,,,,,,,
Cody Bellinger,OF,NYY,Early,Sat Aug 08 2026 01:00:00 GMT-0500 (Central Daylight Time),"Early 8/8 3:05PM, 3 Games",4300,43784138,0,0,0,12.9,,,,,,,,,,,,,,,https://dkn.gs/sports/images/mlb/players/50/32714.png,,,,,,,8/8/2026,,,,,,,,,,,,,,,,,,,,,,,,,,
Roman Anthony,OF,BOS,Early,Sat Aug 08 2026 01:00:00 GMT-0500 (Central Daylight Time),"Early 8/8 3:05PM, 3 Games",4300,43784139,0,0,0,12.9,,,,,,,,,,,,,,,https://dkn.gs/sports/images/mlb/players/50/658748.png,,,,,,,8/8/2026,,,,,,,,,,,,,,,,,,,,,,,,,,
Giancarlo Stanton,OF,NYY,Early,Sat Aug 08 2026 01:00:00 GMT-0500 (Central Daylight Time),"Early 8/8 3:05PM, 3 Games",4200,43784140,0,0,0,12.6,,,,,,,,,,,,,,,https://dkn.gs/sports/images/mlb/players/50/32456.png,,,,,,,8/8/2026,,,,,,,,,,,,,,,,,,,,,,,,,,
Zack Gelof,3B/OF,ATH,Early,Sat Aug 08 2026 01:00:00 GMT-0500 (Central Daylight Time),"Early 8/8 3:05PM, 3 Games",4200,43784141,0,0,0,12.6,,,,,,,,,,,,,,,https://dkn.gs/sports/images/mlb/players/50/581982.png,,,,,,,8/8/2026,,,,,,,,,,,,,,,,,,,,,,,,,,
Adley Rutschman,C,BOS,Early,Sat Aug 08 2026 01:00:00 GMT-0500 (Central Daylight Time),"Early 8/8 3:05PM, 3 Games",4100,43784143,0,0,0,12.3,,,,,,,,,,,,,,,https://dkn.gs/sports/images/mlb/players/50/459732.png,,,,,,,8/8/2026,,,,,,,,,,,,,,,,,,,,,,,,,,
Jack Ralston,RP,MIA,Early,Sat Aug 08 2026 01:00:00 GMT-0500 (Central Daylight Time),"Early 8/8 3:05PM, 3 Games",4000,43784257,0,0,0,12,,,,,,,,,,,,,,,https://dkn.gs/sports/images/mlb/teams/50/29953.png,,,,,,,8/8/2026,,,,,,,,,,,,,,,,,,,,,,,,,,
Blake Weiman,RP,LAA,Early,Sat Aug 08 2026 01:00:00 GMT-0500 (Central Daylight Time),"Early 8/8 3:05PM, 3 Games",4000,43784258,0,0,0,12,,,,,,,,,,,,,,,https://dkn.gs/sports/images/mlb/teams/50/29901.png,,,,,,,8/8/2026,,,,,,,,,,,,,,,,,,,,,,,,,,
Braden Nett,SP,ATH,Early,Sat Aug 08 2026 01:00:00 GMT-0500 (Central Daylight Time),"Early 8/8 3:05PM, 3 Games",4000,43784259,0,0,0,12,,,,,,,,,,,,,,,https://dkn.gs/sports/images/mlb/players/50/784242.png,,,,,,,8/8/2026,,,,,,,,,,,,,,,,,,,,,,,,,,
Bradley Hanner,RP,NYY,Early,Sat Aug 08 2026 01:00:00 GMT-0500 (Central Daylight Time),"Early 8/8 3:05PM, 3 Games",4000,43784260,0,0,0,12,,,,,,,,,,,,,,,https://dkn.gs/sports/images/mlb/teams/50/29825.png,,,,,,,8/8/2026,,,,,,,,,,,,,,,,,,,,,,,,,,
Joe Jimenez,RP,ATL,Early,Sat Aug 08 2026 01:00:00 GMT-0500 (Central Daylight Time),"Early 8/8 3:05PM, 3 Games",4000,43784261,0,0,0,12,,,,,,,,,,,,,,,https://dkn.gs/sports/images/mlb/players/50/31870.png,,,,,,,8/8/2026,,,,,,,,,,,,,,,,,,,,,,,,,,
Chase Hampton,SP,NYY,Early,Sat Aug 08 2026 01:00:00 GMT-0500 (Central Daylight Time),"Early 8/8 3:05PM, 3 Games",4000,43784262,0,0,0,12,,,,,,,,,,,,,,,https://dkn.gs/sports/images/mlb/players/50/699394.png,,,,,,,8/8/2026,,,,,,,,,,,,,,,,,,,,,,,,,,
Henry Baez,SP,ATH,Early,Sat Aug 08 2026 01:00:00 GMT-0500 (Central Daylight Time),"Early 8/8 3:05PM, 3 Games",4000,43784263,0,0,0,12,,,,,,,,,,,,,,,https://dkn.gs/sports/images/mlb/players/50/830427.png,,,,,,,8/8/2026,,,,,,,,,,,,,,,,,,,,,,,,,,
Jovani Moran,RP,BOS,Early,Sat Aug 08 2026 01:00:00 GMT-0500 (Central Daylight Time),"Early 8/8 3:05PM, 3 Games",4000,43784264,0,0,0,12,,,,,,,,,,,,,,,https://dkn.gs/sports/images/mlb/players/50/600141.png,,,,,,,8/8/2026,,,,,,,,,,,,,,,,,,,,,,,,,,
Samy Natera Jr.,RP,LAA,Early,Sat Aug 08 2026 01:00:00 GMT-0500 (Central Daylight Time),"Early 8/8 3:05PM, 3 Games",4000,43784265,0,0,0,12,,,,,,,,,,,,,,,https://dkn.gs/sports/images/mlb/players/50/878682.png,,,,,,,8/8/2026,,,,,,,,,,,,,,,,,,,,,,,,,,
Rolddy Munoz,RP,ATL,Early,Sat Aug 08 2026 01:00:00 GMT-0500 (Central Daylight Time),"Early 8/8 3:05PM, 3 Games",4000,43784266,0,0,0,12,,,,,,,,,,,,,,,https://dkn.gs/sports/images/mlb/players/50/700152.png,,,,,,,8/8/2026,,,,,,,,,,,,,,,,,,,,,,,,,,
Brooks Kriske,RP,ATH,Early,Sat Aug 08 2026 01:00:00 GMT-0500 (Central Daylight Time),"Early 8/8 3:05PM, 3 Games",4000,43784267,0,0,0,12,,,,,,,,,,,,,,,https://dkn.gs/sports/images/mlb/players/50/457192.png,,,,,,,8/8/2026,,,,,,,,,,,,,,,,,,,,,,,,,,
Brady Basso,RP,ATH,Early,Sat Aug 08 2026 01:00:00 GMT-0500 (Central Daylight Time),"Early 8/8 3:05PM, 3 Games",4000,43784268,0,0,0,12,,,,,,,,,,,,,,,https://dkn.gs/sports/images/mlb/players/50/747917.png,,,,,,,8/8/2026,,,,,,,,,,,,,,,,,,,,,,,,,,
Dylan Lee,RP,ATL,Early,Sat Aug 08 2026 01:00:00 GMT-0500 (Central Daylight Time),"Early 8/8 3:05PM, 3 Games",4000,43784269,0,0,0,12,,,,,,,,,,,,,,,https://dkn.gs/sports/images/mlb/players/50/476290.png,,,,,,,8/8/2026,,,,,,,,,,,,,,,,,,,,,,,,,,
Ben Joyce,RP,LAA,Early,Sat Aug 08 2026 01:00:00 GMT-0500 (Central Daylight Time),"Early 8/8 3:05PM, 3 Games",4000,43784270,0,0,0,12,,,,,,,,,,,,,,,https://dkn.gs/sports/images/mlb/players/50/696343.png,,,,,,,8/8/2026,,,,,,,,,,,,,,,,,,,,,,,,,,
Garrett Whitlock,RP,BOS,Early,Sat Aug 08 2026 01:00:00 GMT-0500 (Central Daylight Time),"Early 8/8 3:05PM, 3 Games",4000,43784271,0,0,0,12,,,,,,,,,,,,,,,https://dkn.gs/sports/images/mlb/players/50/111118.png,,,,,,,8/8/2026,,,,,,,,,,,,,,,,,,,,,,,,,,
Michael Petersen,RP,MIA,Early,Sat Aug 08 2026 01:00:00 GMT-0500 (Central Daylight Time),"Early 8/8 3:05PM, 3 Games",4000,43784272,0,0,0,12,,,,,,,,,,,,,,,https://dkn.gs/sports/images/mlb/players/50/699287.png,,,,,,,8/8/2026,,,,,,,,,,,,,,,,,,,,,,,,,,
Luke Murphy,RP,LAA,Early,Sat Aug 08 2026 01:00:00 GMT-0500 (Central Daylight Time),"Early 8/8 3:05PM, 3 Games",4000,43784273,0,0,0,12,,,,,,,,,,,,,,,https://dkn.gs/sports/images/mlb/teams/50/29901.png,,,,,,,8/8/2026,,,,,,,,,,,,,,,,,,,,,,,,,,
Josh White,RP,MIA,Early,Sat Aug 08 2026 01:00:00 GMT-0500 (Central Daylight Time),"Early 8/8 3:05PM, 3 Games",4000,43784274,0,0,0,12,,,,,,,,,,,,,,,https://dkn.gs/sports/images/mlb/players/50/888550.png,,,,,,,8/8/2026,,,,,,,,,,,,,,,,,,,,,,,,,,
Hogan Harris,RP,ATH,Early,Sat Aug 08 2026 01:00:00 GMT-0500 (Central Daylight Time),"Early 8/8 3:05PM, 3 Games",4000,43784275,0,0,0,12,,,,,,,,,,,,,,,https://dkn.gs/sports/images/mlb/players/50/592146.png,,,,,,,8/8/2026,,,,,,,,,,,,,,,,,,,,,,,,,,
John King,RP,MIA,Early,Sat Aug 08 2026 01:00:00 GMT-0500 (Central Daylight Time),"Early 8/8 3:05PM, 3 Games",4000,43784276,0,0,0,12,,,,,,,,,,,,,,,https://dkn.gs/sports/images/mlb/players/50/513795.png,,,,,,,8/8/2026,,,,,,,,,,,,,,,,,,,,,,,,,,
Kervin Castro,RP,NYY,Early,Sat Aug 08 2026 01:00:00 GMT-0500 (Central Daylight Time),"Early 8/8 3:05PM, 3 Games",4000,43784277,0,0,0,12,,,,,,,,,,,,,,,https://dkn.gs/sports/images/mlb/players/50/528279.png,,,,,,,8/8/2026,,,,,,,,,,,,,,,,,,,,,,,,,,
Joe La Sorsa,RP,BOS,Early,Sat Aug 08 2026 01:00:00 GMT-0500 (Central Daylight Time),"Early 8/8 3:05PM, 3 Games",4000,43784278,0,0,0,12,,,,,,,,,,,,,,,https://dkn.gs/sports/images/mlb/players/50/698651.png,,,,,,,8/8/2026,,,,,,,,,,,,,,,,,,,,,,,,,,
Danny Young,RP,ATL,Early,Sat Aug 08 2026 01:00:00 GMT-0500 (Central Daylight Time),"Early 8/8 3:05PM, 3 Games",4000,43784279,0,0,0,12,,,,,,,,,,,,,,,https://dkn.gs/sports/images/mlb/players/50/476749.png,,,,,,,8/8/2026,,,,,,,,,,,,,,,,,,,,,,,,,,
Scott Blewett,RP,ATH,Early,Sat Aug 08 2026 01:00:00 GMT-0500 (Central Daylight Time),"Early 8/8 3:05PM, 3 Games",4000,43784280,0,0,0,12,,,,,,,,,,,,,,,https://dkn.gs/sports/images/mlb/players/50/69380.png,,,,,,,8/8/2026,,,,,,,,,,,,,,,,,,,,,,,,,,
Zack Kelly,RP,BOS,Early,Sat Aug 08 2026 01:00:00 GMT-0500 (Central Daylight Time),"Early 8/8 3:05PM, 3 Games",4000,43784281,0,0,0,12,,,,,,,,,,,,,,,https://dkn.gs/sports/images/mlb/players/50/634729.png,,,,,,,8/8/2026,,,,,,,,,,,,,,,,,,,,,,,,,,
Will Kempner,RP,MIA,Early,Sat Aug 08 2026 01:00:00 GMT-0500 (Central Daylight Time),"Early 8/8 3:05PM, 3 Games",4000,43784282,0,0,0,12,,,,,,,,,,,,,,,https://dkn.gs/sports/images/mlb/players/50/678690.png,,,,,,,8/8/2026,,,,,,,,,,,,,,,,,,,,,,,,,,
Brent Headrick,RP,NYY,Early,Sat Aug 08 2026 01:00:00 GMT-0500 (Central Daylight Time),"Early 8/8 3:05PM, 3 Games",4000,43784283,0,0,0,12,,,,,,,,,,,,,,,https://dkn.gs/sports/images/mlb/players/50/684501.png,,,,,,,8/8/2026,,,,,,,,,,,,,,,,,,,,,,,,,,
Erik Miller,RP,BOS,Early,Sat Aug 08 2026 01:00:00 GMT-0500 (Central Daylight Time),"Early 8/8 3:05PM, 3 Games",4000,43784284,0,0,0,12,,,,,,,,,,,,,,,https://dkn.gs/sports/images/mlb/players/50/468876.png,,,,,,,8/8/2026,,,,,,,,,,,,,,,,,,,,,,,,,,
Fernando Cruz,RP,NYY,Early,Sat Aug 08 2026 01:00:00 GMT-0500 (Central Daylight Time),"Early 8/8 3:05PM, 3 Games",4000,43784285,0,0,0,12,,,,,,,,,,,,,,,https://dkn.gs/sports/images/mlb/players/50/635558.png,,,,,,,8/8/2026,,,,,,,,,,,,,,,,,,,,,,,,,,
Robert Suarez,RP,ATL,Early,Sat Aug 08 2026 01:00:00 GMT-0500 (Central Daylight Time),"Early 8/8 3:05PM, 3 Games",4000,43784286,0,0,0,12,,,,,,,,,,,,,,,https://dkn.gs/sports/images/mlb/players/50/113053.png,,,,,,,8/8/2026,,,,,,,,,,,,,,,,,,,,,,,,,,
Greg Weissert,RP,BOS,Early,Sat Aug 08 2026 01:00:00 GMT-0500 (Central Daylight Time),"Early 8/8 3:05PM, 3 Games",4000,43784287,0,0,0,12,,,,,,,,,,,,,,,https://dkn.gs/sports/images/mlb/players/50/636126.png,,,,,,,8/8/2026,,,,,,,,,,,,,,,,,,,,,,,,,,
Justin Sterner,RP,ATH,Early,Sat Aug 08 2026 01:00:00 GMT-0500 (Central Daylight Time),"Early 8/8 3:05PM, 3 Games",4000,43784288,0,0,0,12,,,,,,,,,,,,,,,https://dkn.gs/sports/images/mlb/players/50/580021.png,,,,,,,8/8/2026,,,,,,,,,,,,,,,,,,,,,,,,,,
Alec Gamboa,RP,BOS,Early,Sat Aug 08 2026 01:00:00 GMT-0500 (Central Daylight Time),"Early 8/8 3:05PM, 3 Games",4000,43784289,0,0,0,12,,,,,,,,,,,,,,,https://dkn.gs/sports/images/mlb/teams/50/29976.png,,,,,,,8/8/2026,,,,,,,,,,,,,,,,,,,,,,,,,,
Aroldis Chapman,RP,BOS,Early,Sat Aug 08 2026 01:00:00 GMT-0500 (Central Daylight Time),"Early 8/8 3:05PM, 3 Games",4000,43784291,0,0,0,12,,,,,,,,,,,,,,,https://dkn.gs/sports/images/mlb/players/50/32453.png,,,,,,,8/8/2026,,,,,,,,,,,,,,,,,,,,,,,,,,
Dylan Dodd,RP,ATL,Early,Sat Aug 08 2026 01:00:00 GMT-0500 (Central Daylight Time),"Early 8/8 3:05PM, 3 Games",4000,43784292,0,0,0,12,,,,,,,,,,,,,,,https://dkn.gs/sports/images/mlb/players/50/582201.png,,,,,,,8/8/2026,,,,,,,,,,,,,,,,,,,,,,,,,,
Hayden Juenger,RP,ATH,Early,Sat Aug 08 2026 01:00:00 GMT-0500 (Central Daylight Time),"Early 8/8 3:05PM, 3 Games",4000,43784293,0,0,0,12,,,,,,,,,,,,,,,https://dkn.gs/sports/images/mlb/players/50/643837.png,,,,,,,8/8/2026,,,,,,,,,,,,,,,,,,,,,,,,,,
Ronny Henriquez,RP,MIA,Early,Sat Aug 08 2026 01:00:00 GMT-0500 (Central Daylight Time),"Early 8/8 3:05PM, 3 Games",4000,43784294,0,0,0,12,,,,,,,,,,,,,,,https://dkn.gs/sports/images/mlb/players/50/461025.png,,,,,,,8/8/2026,,,,,,,,,,,,,,,,,,,,,,,,,,
Victor Vodnik,RP,MIA,Early,Sat Aug 08 2026 01:00:00 GMT-0500 (Central Daylight Time),"Early 8/8 3:05PM, 3 Games",4000,43784295,0,0,0,12,,,,,,,,,,,,,,,https://dkn.gs/sports/images/mlb/players/50/459722.png,,,,,,,8/8/2026,,,,,,,,,,,,,,,,,,,,,,,,,,
Tyler Uberstine,RP,ATL,Early,Sat Aug 08 2026 01:00:00 GMT-0500 (Central Daylight Time),"Early 8/8 3:05PM, 3 Games",4000,43784296,0,0,0,12,,,,,,,,,,,,,,,https://dkn.gs/sports/images/mlb/players/50/945308.png,,,,,,,8/8/2026,,,,,,,,,,,,,,,,,,,,,,,,,,
Pete Fairbanks,RP,MIA,Early,Sat Aug 08 2026 01:00:00 GMT-0500 (Central Daylight Time),"Early 8/8 3:05PM, 3 Games",4000,43784297,0,0,0,12,,,,,,,,,,,,,,,https://dkn.gs/sports/images/mlb/players/50/31758.png,,,,,,,8/8/2026,,,,,,,,,,,,,,,,,,,,,,,,,,
James Karinchak,RP,ATL,Early,Sat Aug 08 2026 01:00:00 GMT-0500 (Central Daylight Time),"Early 8/8 3:05PM, 3 Games",4000,43784298,0,0,0,12,,,,,,,,,,,,,,,https://dkn.gs/sports/images/mlb/players/50/60088.png,,,,,,,8/8/2026,,,,,,,,,,,,,,,,,,,,,,,,,,
Tayler Saucedo,RP,LAA,Early,Sat Aug 08 2026 01:00:00 GMT-0500 (Central Daylight Time),"Early 8/8 3:05PM, 3 Games",4000,43784299,0,0,0,12,,,,,,,,,,,,,,,https://dkn.gs/sports/images/mlb/players/50/573433.png,,,,,,,8/8/2026,,,,,,,,,,,,,,,,,,,,,,,,,,
Andrew Nardi,RP,MIA,Early,Sat Aug 08 2026 01:00:00 GMT-0500 (Central Daylight Time),"Early 8/8 3:05PM, 3 Games",4000,43784300,0,0,0,12,,,,,,,,,,,,,,,https://dkn.gs/sports/images/mlb/players/50/663928.png,,,,,,,8/8/2026,,,,,,,,,,,,,,,,,,,,,,,,,,
Tyron Guerrero,RP,BOS,Early,Sat Aug 08 2026 01:00:00 GMT-0500 (Central Daylight Time),"Early 8/8 3:05PM, 3 Games",4000,43784301,0,0,0,12,,,,,,,,,,,,,,,https://dkn.gs/sports/images/mlb/players/50/32776.png,,,,,,,8/8/2026,,,,,,,,,,,,,,,,,,,,,,,,,,
Cade Gibson,RP,MIA,Early,Sat Aug 08 2026 01:00:00 GMT-0500 (Central Daylight Time),"Early 8/8 3:05PM, 3 Games",4000,43784302,0,0,0,12,,,,,,,,,,,,,,,https://dkn.gs/sports/images/mlb/players/50/891790.png,,,,,,,8/8/2026,,,,,,,,,,,,,,,,,,,,,,,,,,
Sam Bachman,RP,LAA,Early,Sat Aug 08 2026 01:00:00 GMT-0500 (Central Daylight Time),"Early 8/8 3:05PM, 3 Games",4000,43784303,0,0,0,12,,,,,,,,,,,,,,,https://dkn.gs/sports/images/mlb/players/50/587671.png,,,,,,,8/8/2026,,,,,,,,,,,,,,,,,,,,,,,,,,
Brendan Beck,RP,NYY,Early,Sat Aug 08 2026 01:00:00 GMT-0500 (Central Daylight Time),"Early 8/8 3:05PM, 3 Games",4000,43784304,0,0,0,12,,,,,,,,,,,,,,,https://dkn.gs/sports/images/mlb/teams/50/29825.png,,,,,,,8/8/2026,,,,,,,,,,,,,,,,,,,,,,,,,,
Justin Slaten,RP,BOS,Early,Sat Aug 08 2026 01:00:00 GMT-0500 (Central Daylight Time),"Early 8/8 3:05PM, 3 Games",4000,43784305,0,0,0,12,,,,,,,,,,,,,,,https://dkn.gs/sports/images/mlb/players/50/649530.png,,,,,,,8/8/2026,,,,,,,,,,,,,,,,,,,,,,,,,,
Calvin Faucher,RP,MIA,Early,Sat Aug 08 2026 01:00:00 GMT-0500 (Central Daylight Time),"Early 8/8 3:05PM, 3 Games",4000,43784306,0,0,0,12,,,,,,,,,,,,,,,https://dkn.gs/sports/images/mlb/players/50/588035.png,,,,,,,8/8/2026,,,,,,,,,,,,,,,,,,,,,,,,,,
Shaun Anderson,RP,LAA,Early,Sat Aug 08 2026 01:00:00 GMT-0500 (Central Daylight Time),"Early 8/8 3:05PM, 3 Games",4000,43784307,0,0,0,12,,,,,,,,,,,,,,,https://dkn.gs/sports/images/mlb/players/50/32757.png,,,,,,,8/8/2026,,,,,,,,,,,,,,,,,,,,,,,,,,
Elvis Alvarado,RP,ATH,Early,Sat Aug 08 2026 01:00:00 GMT-0500 (Central Daylight Time),"Early 8/8 3:05PM, 3 Games",4000,43784308,0,0,0,12,,,,,,,,,,,,,,,https://dkn.gs/sports/images/mlb/players/50/699391.png,,,,,,,8/8/2026,,,,,,,,,,,,,,,,,,,,,,,,,,
Brent Suter,RP,ATL,Early,Sat Aug 08 2026 01:00:00 GMT-0500 (Central Daylight Time),"Early 8/8 3:05PM, 3 Games",4000,43784309,0,0,0,12,,,,,,,,,,,,,,,https://dkn.gs/sports/images/mlb/players/50/31600.png,,,,,,,8/8/2026,,,,,,,,,,,,,,,,,,,,,,,,,,
Tim Hill,RP,NYY,Early,Sat Aug 08 2026 01:00:00 GMT-0500 (Central Daylight Time),"Early 8/8 3:05PM, 3 Games",4000,43784310,0,0,0,12,,,,,,,,,,,,,,,https://dkn.gs/sports/images/mlb/players/50/32118.png,,,,,,,8/8/2026,,,,,,,,,,,,,,,,,,,,,,,,,,
David Bednar,RP,NYY,Early,Sat Aug 08 2026 01:00:00 GMT-0500 (Central Daylight Time),"Early 8/8 3:05PM, 3 Games",4000,43784311,0,0,0,12,,,,,,,,,,,,,,,https://dkn.gs/sports/images/mlb/players/50/32648.png,,,,,,,8/8/2026,,,,,,,,,,,,,,,,,,,,,,,,,,
Tyler Zuber,RP,MIA,Early,Sat Aug 08 2026 01:00:00 GMT-0500 (Central Daylight Time),"Early 8/8 3:05PM, 3 Games",4000,43784312,0,0,0,12,,,,,,,,,,,,,,,https://dkn.gs/sports/images/mlb/players/50/476593.png,,,,,,,8/8/2026,,,,,,,,,,,,,,,,,,,,,,,,,,
Zach Brzykcy,RP,MIA,Early,Sat Aug 08 2026 01:00:00 GMT-0500 (Central Daylight Time),"Early 8/8 3:05PM, 3 Games",4000,43784313,0,0,0,12,,,,,,,,,,,,,,,https://dkn.gs/sports/images/mlb/players/50/697856.png,,,,,,,8/8/2026,,,,,,,,,,,,,,,,,,,,,,,,,,
Yerry de los Santos,RP,NYY,Early,Sat Aug 08 2026 01:00:00 GMT-0500 (Central Daylight Time),"Early 8/8 3:05PM, 3 Games",4000,43784314,0,0,0,12,,,,,,,,,,,,,,,https://dkn.gs/sports/images/mlb/players/50/552903.png,,,,,,,8/8/2026,,,,,,,,,,,,,,,,,,,,,,,,,,
Angel Chivilli,RP,NYY,Early,Sat Aug 08 2026 01:00:00 GMT-0500 (Central Daylight Time),"Early 8/8 3:05PM, 3 Games",4000,43784315,0,0,0,12,,,,,,,,,,,,,,,https://dkn.gs/sports/images/mlb/players/50/707896.png,,,,,,,8/8/2026,,,,,,,,,,,,,,,,,,,,,,,,,,
Tyler Samaniego,RP,BOS,Early,Sat Aug 08 2026 01:00:00 GMT-0500 (Central Daylight Time),"Early 8/8 3:05PM, 3 Games",4000,43784316,0,0,0,12,,,,,,,,,,,,,,,https://dkn.gs/sports/images/mlb/players/50/699983.png,,,,,,,8/8/2026,,,,,,,,,,,,,,,,,,,,,,,,,,
Tyler Kinley,RP,ATL,Early,Sat Aug 08 2026 01:00:00 GMT-0500 (Central Daylight Time),"Early 8/8 3:05PM, 3 Games",4000,43784317,0,0,0,12,,,,,,,,,,,,,,,https://dkn.gs/sports/images/mlb/players/50/31454.png,,,,,,,8/8/2026,,,,,,,,,,,,,,,,,,,,,,,,,,
Anthony Bender,RP,MIA,Early,Sat Aug 08 2026 01:00:00 GMT-0500 (Central Daylight Time),"Early 8/8 3:05PM, 3 Games",4000,43784318,0,0,0,12,,,,,,,,,,,,,,,https://dkn.gs/sports/images/mlb/players/50/552331.png,,,,,,,8/8/2026,,,,,,,,,,,,,,,,,,,,,,,,,,
Brandan Bidois,RP,MIA,Early,Sat Aug 08 2026 01:00:00 GMT-0500 (Central Daylight Time),"Early 8/8 3:05PM, 3 Games",4000,43784319,0,0,0,12,,,,,,,,,,,,,,,https://dkn.gs/sports/images/mlb/players/50/807760.png,,,,,,,8/8/2026,,,,,,,,,,,,,,,,,,,,,,,,,,
Robert Stephenson,RP,LAA,Early,Sat Aug 08 2026 01:00:00 GMT-0500 (Central Daylight Time),"Early 8/8 3:05PM, 3 Games",4000,43784320,0,0,0,12,,,,,,,,,,,,,,,https://dkn.gs/sports/images/mlb/players/50/32447.png,,,,,,,8/8/2026,,,,,,,,,,,,,,,,,,,,,,,,,,
Mark Leiter Jr.,RP,ATH,Early,Sat Aug 08 2026 01:00:00 GMT-0500 (Central Daylight Time),"Early 8/8 3:05PM, 3 Games",4000,43784321,0,0,0,12,,,,,,,,,,,,,,,https://dkn.gs/sports/images/mlb/players/50/111468.png,,,,,,,8/8/2026,,,,,,,,,,,,,,,,,,,,,,,,,,
Josh Ekness,RP,MIA,Early,Sat Aug 08 2026 01:00:00 GMT-0500 (Central Daylight Time),"Early 8/8 3:05PM, 3 Games",4000,43784322,0,0,0,12,,,,,,,,,,,,,,,https://dkn.gs/sports/images/mlb/teams/50/29953.png,,,,,,,8/8/2026,,,,,,,,,,,,,,,,,,,,,,,,,,
Raisel Iglesias,RP,ATL,Early,Sat Aug 08 2026 01:00:00 GMT-0500 (Central Daylight Time),"Early 8/8 3:05PM, 3 Games",4000,43784323,0,0,0,12,,,,,,,,,,,,,,,https://dkn.gs/sports/images/mlb/players/50/32463.png,,,,,,,8/8/2026,,,,,,,,,,,,,,,,,,,,,,,,,,
Duncan Davitt,SP,ATL,Early,Sat Aug 08 2026 01:00:00 GMT-0500 (Central Daylight Time),"Early 8/8 3:05PM, 3 Games",4000,43784324,0,0,0,12,,,,,,,,,,,,,,,https://dkn.gs/sports/images/mlb/players/50/917293.png,,,,,,,8/8/2026,,,,,,,,,,,,,,,,,,,,,,,,,,
Hayden Harris,RP,ATL,Early,Sat Aug 08 2026 01:00:00 GMT-0500 (Central Daylight Time),"Early 8/8 3:05PM, 3 Games",4000,43784325,0,0,0,12,,,,,,,,,,,,,,,https://dkn.gs/sports/images/mlb/players/50/779633.png,,,,,,,8/8/2026,,,,,,,,,,,,,,,,,,,,,,,,,,
Lane Thomas,OF,ATL,Early,Sat Aug 08 2026 01:00:00 GMT-0500 (Central Daylight Time),"Early 8/8 3:05PM, 3 Games",3700,43784070,0,0,0,11.1,,,,,,,,,,,,,,,https://dkn.gs/sports/images/mlb/players/50/32455.png,,,,,,,8/8/2026,,,,,,,,,,,,,,,,,,,,,,,,,,
Esteury Ruiz,OF,MIA,Early,Sat Aug 08 2026 01:00:00 GMT-0500 (Central Daylight Time),"Early 8/8 3:05PM, 3 Games",3700,43784072,0,0,0,11.1,,,,,,,,,,,,,,,https://dkn.gs/sports/images/mlb/players/50/112353.png,,,,,,,8/8/2026,,,,,,,,,,,,,,,,,,,,,,,,,,
Jasson Dominguez,OF,NYY,Early,Sat Aug 08 2026 01:00:00 GMT-0500 (Central Daylight Time),"Early 8/8 3:05PM, 3 Games",3500,43784144,0,0,0,10.5,,,,,,,,,,,,,,,https://dkn.gs/sports/images/mlb/players/50/470244.png,,,,,,,8/8/2026,,,,,,,,,,,,,,,,,,,,,,,,,,
Joshua Kuroda-Grauer,2B/3B,ATH,Early,Sat Aug 08 2026 01:00:00 GMT-0500 (Central Daylight Time),"Early 8/8 3:05PM, 3 Games",3500,43784145,0,0,0,10.5,,,,,,,,,,,,,,,https://dkn.gs/sports/images/mlb/teams/50/29811.png,,,,,,,8/8/2026,,,,,,,,,,,,,,,,,,,,,,,,,,
Andrew McCutchen,OF,ATL,Early,Sat Aug 08 2026 01:00:00 GMT-0500 (Central Daylight Time),"Early 8/8 3:05PM, 3 Games",3400,43784147,0,0,0,10.2,,,,,,,,,,,,,,,https://dkn.gs/sports/images/mlb/players/50/31907.png,,,,,,,8/8/2026,,,,,,,,,,,,,,,,,,,,,,,,,,
Trevor Story,SS,BOS,Early,Sat Aug 08 2026 01:00:00 GMT-0500 (Central Daylight Time),"Early 8/8 3:05PM, 3 Games",3400,43784148,0,0,0,10.2,,,,,,,,,,,,,,,https://dkn.gs/sports/images/mlb/players/50/32575.png,,,,,,,8/8/2026,,,,,,,,,,,,,,,,,,,,,,,,,,
Anthony Seigler,2B,BOS,Early,Sat Aug 08 2026 01:00:00 GMT-0500 (Central Daylight Time),"Early 8/8 3:05PM, 3 Games",3300,43784083,0,0,0,9.9,,,,,,,,,,,,,,,https://dkn.gs/sports/images/mlb/players/50/111122.png,,,,,,,8/8/2026,,,,,,,,,,,,,,,,,,,,,,,,,,
Carlos Cortes,OF,ATH,Early,Sat Aug 08 2026 01:00:00 GMT-0500 (Central Daylight Time),"Early 8/8 3:05PM, 3 Games",3200,43784086,0,0,0,9.6,,,,,,,,,,,,,,,https://dkn.gs/sports/images/mlb/players/50/459851.png,,,,,,,8/8/2026,,,,,,,,,,,,,,,,,,,,,,,,,,
Max Schuemann,OF,NYY,Early,Sat Aug 08 2026 01:00:00 GMT-0500 (Central Daylight Time),"Early 8/8 3:05PM, 3 Games",3100,43784149,0,0,0,9.3,,,,,,,,,,,,,,,https://dkn.gs/sports/images/mlb/players/50/637099.png,,,,,,,8/8/2026,,,,,,,,,,,,,,,,,,,,,,,,,,
Jose Siri,OF,LAA,Early,Sat Aug 08 2026 01:00:00 GMT-0500 (Central Daylight Time),"Early 8/8 3:05PM, 3 Games",3000,43784096,0,0,0,9,,,,,,,,,,,,,,,https://dkn.gs/sports/images/mlb/players/50/69410.png,,,,,,,8/8/2026,,,,,,,,,,,,,,,,,,,,,,,,,,
Agustin Ramirez,C,MIA,Early,Sat Aug 08 2026 01:00:00 GMT-0500 (Central Daylight Time),"Early 8/8 3:05PM, 3 Games",3000,43784097,0,0,0,9,,,,,,,,,,,,,,,https://dkn.gs/sports/images/mlb/players/50/698901.png,,,,,,,8/8/2026,,,,,,,,,,,,,,,,,,,,,,,,,,
Masataka Yoshida,OF,BOS,Early,Sat Aug 08 2026 01:00:00 GMT-0500 (Central Daylight Time),"Early 8/8 3:05PM, 3 Games",2900,43784101,0,0,0,8.7,,,,,,,,,,,,,,,https://dkn.gs/sports/images/mlb/players/50/495190.png,,,,,,,8/8/2026,,,,,,,,,,,,,,,,,,,,,,,,,,
Romy Gonzalez,1B/2B,BOS,Early,Sat Aug 08 2026 01:00:00 GMT-0500 (Central Daylight Time),"Early 8/8 3:05PM, 3 Games",2900,43784150,0,0,0,8.7,,,,,,,,,,,,,,,https://dkn.gs/sports/images/mlb/players/50/477246.png,,,,,,,8/8/2026,,,,,,,,,,,,,,,,,,,,,,,,,,
Anthony Volpe,SS,NYY,Early,Sat Aug 08 2026 01:00:00 GMT-0500 (Central Daylight Time),"Early 8/8 3:05PM, 3 Games",2900,43784152,0,0,0,8.7,,,,,,,,,,,,,,,https://dkn.gs/sports/images/mlb/players/50/459842.png,,,,,,,8/8/2026,,,,,,,,,,,,,,,,,,,,,,,,,,
Donovan Walton,2B,ATH,Early,Sat Aug 08 2026 01:00:00 GMT-0500 (Central Daylight Time),"Early 8/8 3:05PM, 3 Games",2800,43784106,0,0,0,8.4,,,,,,,,,,,,,,,https://dkn.gs/sports/images/mlb/players/50/31643.png,,,,,,,8/8/2026,,,,,,,,,,,,,,,,,,,,,,,,,,
Brian Serven,C,ATH,Early,Sat Aug 08 2026 01:00:00 GMT-0500 (Central Daylight Time),"Early 8/8 3:05PM, 3 Games",2700,43784109,0,0,0,8.1,,,,,,,,,,,,,,,https://dkn.gs/sports/images/mlb/players/50/476780.png,,,,,,,8/8/2026,,,,,,,,,,,,,,,,,,,,,,,,,,
Sean Murphy,C,ATL,Early,Sat Aug 08 2026 01:00:00 GMT-0500 (Central Daylight Time),"Early 8/8 3:05PM, 3 Games",2700,43784110,0,0,0,8.1,,,,,,,,,,,,,,,https://dkn.gs/sports/images/mlb/players/50/31484.png,,,,,,,8/8/2026,,,,,,,,,,,,,,,,,,,,,,,,,,
Ryan McMahon,3B,NYY,Early,Sat Aug 08 2026 01:00:00 GMT-0500 (Central Daylight Time),"Early 8/8 3:05PM, 3 Games",2600,43784111,0,0,0,7.8,,,,,,,,,,,,,,,https://dkn.gs/sports/images/mlb/players/50/32604.png,,,,,,,8/8/2026,Ryan McMahon,ATL,1.61,0,12/30/1899,0,0,0,0,0,0,0,,,,,0,0,0,0,No,1.5,7.5,,,
Brewer Hicklen,OF,ATL,Early,Sat Aug 08 2026 01:00:00 GMT-0500 (Central Daylight Time),"Early 8/8 3:05PM, 3 Games",2600,43784153,0,0,0,7.8,,,,,,,,,,,,,,,https://dkn.gs/sports/images/mlb/players/50/110910.png,,,,,,,8/8/2026,,,,,,,,,,,,,,,,,,,,,,,,,,
Jeff McNeil,1B/2B,ATH,Early,Sat Aug 08 2026 01:00:00 GMT-0500 (Central Daylight Time),"Early 8/8 3:05PM, 3 Games",2500,43784113,0,0,0,7.5,,,,,,,,,,,,,,,https://dkn.gs/sports/images/mlb/players/50/31880.png,,,,,,,8/8/2026,,,,,,,,,,,,,,,,,,,,,,,,,,
Connor Wong,C,BOS,Early,Sat Aug 08 2026 01:00:00 GMT-0500 (Central Daylight Time),"Early 8/8 3:05PM, 3 Games",2500,43784115,0,0,0,7.5,0.5321071429,0.1128,0.3369,0.40308,0.0873,0.635,,,,,,0.3278,,,https://dkn.gs/sports/images/mlb/players/50/111892.png,n/a,ATH @ BOS,Athletics @ Red Sox,Fenway Park,outdoor,NBCS-CA,8/8/2026,,,,,,,,,,,,,,,,,,,,,,,,,,
Leo Jimenez,3B,MIA,Early,Sat Aug 08 2026 01:00:00 GMT-0500 (Central Daylight Time),"Early 8/8 3:05PM, 3 Games",2500,43784116,0,0,0,7.5,,,,,,,,,,,,,,,https://dkn.gs/sports/images/mlb/players/50/111480.png,,,,,,,8/8/2026,,,,,,,,,,,,,,,,,,,,,,,,,,
Nate Eaton,OF,BOS,Early,Sat Aug 08 2026 01:00:00 GMT-0500 (Central Daylight Time),"Early 8/8 3:05PM, 3 Games",2500,43784154,0,0,0,7.5,,,,,,,,,,,,,,,https://dkn.gs/sports/images/mlb/players/50/478606.png,,,,,,,8/8/2026,,,,,,,,,,,,,,,,,,,,,,,,,,
Mickey Gasper,C,BOS,Early,Sat Aug 08 2026 01:00:00 GMT-0500 (Central Daylight Time),"Early 8/8 3:05PM, 3 Games",2500,43784155,0,0,0,7.5,,,,,,,,,,,,,,,https://dkn.gs/sports/images/mlb/players/50/698905.png,,,,,,,8/8/2026,,,,,,,,,,,,,,,,,,,,,,,,,,
Denzer Guzman,3B,LAA,Early,Sat Aug 08 2026 01:00:00 GMT-0500 (Central Daylight Time),"Early 8/8 3:05PM, 3 Games",2400,43784120,0,0,0,7.2,,,,,,,,,,,,,,,https://dkn.gs/sports/images/mlb/players/50/626027.png,,,,,,,8/8/2026,Denzer Guzman,MIA,2.19,0,12/30/1899,0,0,0,0,0,0,0,,,,,0,0,0,0,No,1.5,7.5,,,
Yoan Moncada,3B,LAA,Early,Sat Aug 08 2026 01:00:00 GMT-0500 (Central Daylight Time),"Early 8/8 3:05PM, 3 Games",2400,43784156,0,0,0,7.2,,,,,,,,,,,,,,,https://dkn.gs/sports/images/mlb/players/50/31611.png,,,,,,,8/8/2026,,,,,,,,,,,,,,,,,,,,,,,,,,
Isiah Kiner-Falefa,2B/SS,BOS,Early,Sat Aug 08 2026 01:00:00 GMT-0500 (Central Daylight Time),"Early 8/8 3:05PM, 3 Games",2400,43784157,0,0,0,7.2,,,,,,,,,,,,,,,https://dkn.gs/sports/images/mlb/players/50/31856.png,,,,,,,8/8/2026,,,,,,,,,,,,,,,,,,,,,,,,,,
Brian Navarreto,C,MIA,Early,Sat Aug 08 2026 01:00:00 GMT-0500 (Central Daylight Time),"Early 8/8 3:05PM, 3 Games",2300,43784122,0,0,0,6.9,,,,,,,,,,,,,,,https://dkn.gs/sports/images/mlb/players/50/461848.png,,,,,,,8/8/2026,,,,,,,,,,,,,,,,,,,,,,,,,,
Travis d'Arnaud,C,LAA,Early,Sat Aug 08 2026 01:00:00 GMT-0500 (Central Daylight Time),"Early 8/8 3:05PM, 3 Games",2300,43784124,0,0,0,6.9,,,,,,,,,,,,,,,https://dkn.gs/sports/images/mlb/players/50/31650.png,12/30/1899,n/a,n/a,n/a,n/a,n/a,8/8/2026,Travis d`Arnaud,MIA,1.75,0.59,12/30/1899,0.07,0,0.05,0.27,0.23,0.04,0,,,,,3.16,4.06,3.16,3.16,No,1.5,7.5,,https://www.freeiconspng.com/img/1934,
Austin Wells,C,NYY,Early,Sat Aug 08 2026 01:00:00 GMT-0500 (Central Daylight Time),"Early 8/8 3:05PM, 3 Games",2200,43784127,0,0,0,6.6,,,,,,,,,,,,,,,https://dkn.gs/sports/images/mlb/players/50/494667.png,,,,,,,8/8/2026,Austin Wells,ATL,1.13,0,12/30/1899,0,0,0,0,0,0,0,,,,,0,0,0,0,No,1.5,7.5,,,
Adam Frazier,2B,LAA,Early,Sat Aug 08 2026 01:00:00 GMT-0500 (Central Daylight Time),"Early 8/8 3:05PM, 3 Games",2100,43784130,0,0,0,6.3,,,,,,,,,,,,,,,https://dkn.gs/sports/images/mlb/players/50/32214.png,,,,,,,8/8/2026,,,,,,,,,,,,,,,,,,,,,,,,,,
Graham Pauley,3B,MIA,Early,Sat Aug 08 2026 01:00:00 GMT-0500 (Central Daylight Time),"Early 8/8 3:05PM, 3 Games",2100,43784159,0,0,0,6.3,,,,,,,,,,,,,,,https://dkn.gs/sports/images/mlb/players/50/724395.png,,,,,,,8/8/2026,,,,,,,,,,,,,,,,,,,,,,,,,,
Brent Rooker,OF,ATH,Early,Sat Aug 08 2026 01:00:00 GMT-0500 (Central Daylight Time),"Early 8/8 3:05PM, 3 Games",2100,43784160,0,0,0,6.3,,,,,,,,,,,,,,,https://dkn.gs/sports/images/mlb/players/50/111038.png,,,,,,,8/8/2026,,,,,,,,,,,,,,,,,,,,,,,,,,
Tsung-Che Cheng,SS,BOS,Early,Sat Aug 08 2026 01:00:00 GMT-0500 (Central Daylight Time),"Early 8/8 3:05PM, 3 Games",2100,43784161,0,0,0,6.3,,,,,,,,,,,,,,,https://dkn.gs/sports/images/mlb/players/50/609437.png,,,,,,,8/8/2026,,,,,,,,,,,,,,,,,,,,,,,,,,
Ha-Seong Kim,SS,ATL,Early,Sat Aug 08 2026 01:00:00 GMT-0500 (Central Daylight Time),"Early 8/8 3:05PM, 3 Games",2000,43784132,0,0,0,6,,,,,,,,,,,,,,,https://dkn.gs/sports/images/mlb/players/50/112872.png,,,,,,,8/8/2026,,,,,,,,,,,,,,,,,,,,,,,,,,
Anthony Rendon,2B/3B,LAA,Early,Sat Aug 08 2026 01:00:00 GMT-0500 (Central Daylight Time),"Early 8/8 3:05PM, 3 Games",2000,43784162,0,0,0,6,,,,,,,,,,,,,,,https://dkn.gs/sports/images/mlb/players/50/32800.png,,,,,,,8/8/2026,,,,,,,,,,,,,,,,,,,,,,,,,,
Ben Gamel,OF,ATL,Early,Sat Aug 08 2026 01:00:00 GMT-0500 (Central Daylight Time),"Early 8/8 3:05PM, 3 Games",2000,43784164,0,0,0,6,,,,,,,,,,,,,,,https://dkn.gs/sports/images/mlb/players/50/31596.png,,,,,,,8/8/2026,,,,,,,,,,,,,,,,,,,,,,,,,,
Jared Serna,SS,MIA,Early,Sat Aug 08 2026 01:00:00 GMT-0500 (Central Daylight Time),"Early 8/8 3:05PM, 3 Games",2000,43784165,0,0,0,6,,,,,,,,,,,,,,,https://dkn.gs/sports/images/mlb/players/50/723454.png,,,,,,,8/8/2026,,,,,,,,,,,,,,,,,,,,,,,,,,
Jurickson Profar,OF,ATL,Early,Sat Aug 08 2026 01:00:00 GMT-0500 (Central Daylight Time),"Early 8/8 3:05PM, 3 Games",2000,43784166,0,0,0,6,,,,,,,,,,,,,,,https://dkn.gs/sports/images/mlb/players/50/32599.png,,,,,,,8/8/2026,,,,,,,,,,,,,,,,,,,,,,,,,,
Triston Casas,1B,BOS,Early,Sat Aug 08 2026 01:00:00 GMT-0500 (Central Daylight Time),"Early 8/8 3:05PM, 3 Games",2000,43784167,0,0,0,6,,,,,,,,,,,,,,,https://dkn.gs/sports/images/mlb/players/50/110517.png,,,,,,,8/8/2026,,,,,,,,,,,,,,,,,,,,,,,,,,
Kristian Campbell,2B,BOS,Early,Sat Aug 08 2026 01:00:00 GMT-0500 (Central Daylight Time),"Early 8/8 3:05PM, 3 Games",2000,43784168,0,0,0,6,,,,,,,,,,,,,,,https://dkn.gs/sports/images/mlb/players/50/779639.png,,,,,,,8/8/2026,,,,,,,,,,,,,,,,,,,,,,,,,,
Maximo Acosta,2B/3B,MIA,Early,Sat Aug 08 2026 01:00:00 GMT-0500 (Central Daylight Time),"Early 8/8 3:05PM, 3 Games",2000,43784169,0,0,0,6,,,,,,,,,,,,,,,https://dkn.gs/sports/images/mlb/players/50/470293.png,,,,,,,8/8/2026,,,,,,,,,,,,,,,,,,,,,,,,,,
Kyren Paris,OF,LAA,Early,Sat Aug 08 2026 01:00:00 GMT-0500 (Central Daylight Time),"Early 8/8 3:05PM, 3 Games",2000,43784171,0,0,0,6,,,,,,,,,,,,,,,https://dkn.gs/sports/images/mlb/players/50/459709.png,,,,,,,8/8/2026,,,,,,,,,,,,,,,,,,,,,,,,,,
Christian Moore,2B/OF,LAA,Early,Sat Aug 08 2026 01:00:00 GMT-0500 (Central Daylight Time),"Early 8/8 3:05PM, 3 Games",2000,43784172,0,0,0,6,,,,,,,,,,,,,,,https://dkn.gs/sports/images/mlb/players/50/806143.png,,,,,,,8/8/2026,,,,,,,,,,,,,,,,,,,,,,,,,,
Nacho Alvarez Jr.,3B,LAA,Early,Sat Aug 08 2026 01:00:00 GMT-0500 (Central Daylight Time),"Early 8/8 3:05PM, 3 Games",2000,43784174,0,0,0,6,,,,,,,,,,,,,,,https://dkn.gs/sports/images/mlb/players/50/686714.png,,,,,,,8/8/2026,,,,,,,,,,,,,,,,,,,,,,,,,,
Darell Hernaiz,SS,ATH,Early,Sat Aug 08 2026 01:00:00 GMT-0500 (Central Daylight Time),"Early 8/8 3:05PM, 3 Games",2000,43784175,0,0,0,6,,,,,,,,,,,,,,,https://dkn.gs/sports/images/mlb/players/50/472029.png,,,,,,,8/8/2026,,,,,,,,,,,,,,,,,,,,,,,,,,
Gustavo Campero,OF,LAA,Early,Sat Aug 08 2026 01:00:00 GMT-0500 (Central Daylight Time),"Early 8/8 3:05PM, 3 Games",2000,43784176,0,0,0,6,,,,,,,,,,,,,,,https://dkn.gs/sports/images/mlb/players/50/699225.png,,,,,,,8/8/2026,,,,,,,,,,,,,,,,,,,,,,,,,,
Sebastian Rivero,C,LAA,Early,Sat Aug 08 2026 01:00:00 GMT-0500 (Central Daylight Time),"Early 8/8 3:05PM, 3 Games",2000,43784177,0,0,0,6,,,,,,,,,,,,,,,https://dkn.gs/sports/images/mlb/players/50/476763.png,,,,,,,8/8/2026,,,,,,,,,,,,,,,,,,,,,,,,,,
Oswaldo Cabrera,3B,NYY,Early,Sat Aug 08 2026 01:00:00 GMT-0500 (Central Daylight Time),"Early 8/8 3:05PM, 3 Games",2000,43784178,0,0,0,6,,,,,,,,,,,,,,,https://dkn.gs/sports/images/mlb/players/50/476311.png,,,,,,,8/8/2026,,,,,,,,,,,,,,,,,,,,,,,,,,
Bryce Teodosio,OF,LAA,Early,Sat Aug 08 2026 01:00:00 GMT-0500 (Central Daylight Time),"Early 8/8 3:05PM, 3 Games",2000,43784179,0,0,0,6,,,,,,,,,,,,,,,https://dkn.gs/sports/images/mlb/players/50/634946.png,,,,,,,8/8/2026,,,,,,,,,,,,,,,,,,,,,,,,,,
Denzel Clarke,OF,ATH,Early,Sat Aug 08 2026 01:00:00 GMT-0500 (Central Daylight Time),"Early 8/8 3:05PM, 3 Games",2000,43784180,0,0,0,6,,,,,,,,,,,,,,,https://dkn.gs/sports/images/mlb/players/50/581993.png,,,,,,,8/8/2026,,,,,,,,,,,,,,,,,,,,,,,,,,
Logan Porter,C,LAA,Early,Sat Aug 08 2026 01:00:00 GMT-0500 (Central Daylight Time),"Early 8/8 3:05PM, 3 Games",2000,43784181,0,0,0,6,,,,,,,,,,,,,,,https://dkn.gs/sports/images/mlb/players/50/637108.png,,,,,,,8/8/2026,,,,,,,,,,,,,,,,,,,,,,,,,,
DaShawn Keirsey Jr.,OF,ATL,Early,Sat Aug 08 2026 01:00:00 GMT-0500 (Central Daylight Time),"Early 8/8 3:05PM, 3 Games",2000,43784182,0,0,0,6,,,,,,,,,,,,,,,https://dkn.gs/sports/images/mlb/players/50/476529.png,,,,,,,8/8/2026,,,,,,,,,,,,,,,,,,,,,,,,,,
Pablo Reyes,2B/3B,LAA,Early,Sat Aug 08 2026 01:00:00 GMT-0500 (Central Daylight Time),"Early 8/8 3:05PM, 3 Games",2000,43784183,0,0,0,6,,,,,,,,,,,,,,,https://dkn.gs/sports/images/mlb/players/50/32270.png,,,,,,,8/8/2026,,,,,,,,,,,,,,,,,,,,,,,,,,
J.C. Escarra,C,NYY,Early,Sat Aug 08 2026 01:00:00 GMT-0500 (Central Daylight Time),"Early 8/8 3:05PM, 3 Games",2000,43784185,0,0,0,6,,,,,,,,,,,,,,,https://dkn.gs/sports/images/mlb/players/50/476728.png,,,,,,,8/8/2026,,,,,,,,,,,,,,,,,,,,,,,,,,
Deyvison De Los Santos,1B,MIA,Early,Sat Aug 08 2026 01:00:00 GMT-0500 (Central Daylight Time),"Early 8/8 3:05PM, 3 Games",2000,43784186,0,0,0,6,,,,,,,,,,,,,,,https://dkn.gs/sports/images/mlb/players/50/595180.png,,,,,,,8/8/2026,,,,,,,,,,,,,,,,,,,,,,,,,,
Brett Harris,1B/3B,BOS,Early,Sat Aug 08 2026 01:00:00 GMT-0500 (Central Daylight Time),"Early 8/8 3:05PM, 3 Games",2000,43784187,0,0,0,6,,,,,,,,,,,,,,,https://dkn.gs/sports/images/mlb/players/50/700265.png,,,,,,,8/8/2026,,,,,,,,,,,,,,,,,,,,,,,,,,
Cam Schlittler,CPT,NYY,Showdown Captain Mode,Sat Aug 08 2026 01:00:00 GMT-0500 (Central Daylight Time),Showdown Captain Mode 8/8 3:05PM (ATL @ NYY),19500,43786389,0,0,0,58.5,,,,,,,,,,,,,,,https://dkn.gs/sports/images/mlb/players/50/873630.png,,,,,,,8/8/2026,,,,,,,,,,,,,,,,,,,,,,,,,,
Cam Schlittler,SP,NYY,Showdown Captain Mode,Sat Aug 08 2026 01:00:00 GMT-0500 (Central Daylight Time),Showdown Captain Mode 8/8 3:05PM (ATL @ NYY),13000,43786300,0,0,0,39,,,,,,,,,,,,,,,https://dkn.gs/sports/images/mlb/players/50/873630.png,,,,,,,8/8/2026,,,,,,,,,,,,,,,,,,,,,,,,,,
Spencer Schwellenbach,CPT,ATL,Showdown Captain Mode,Sat Aug 08 2026 01:00:00 GMT-0500 (Central Daylight Time),Showdown Captain Mode 8/8 3:05PM (ATL @ NYY),17100,43786390,0,0,0,51.3,,,,,,,,,,,,,,,https://dkn.gs/sports/images/mlb/players/50/581981.png,,,,,,,8/8/2026,,,,,,,,,,,,,,,,,,,,,,,,,,
Spencer Schwellenbach,SP,ATL,Showdown Captain Mode,Sat Aug 08 2026 01:00:00 GMT-0500 (Central Daylight Time),Showdown Captain Mode 8/8 3:05PM (ATL @ NYY),11400,43786301,0,0,0,34.2,,,,,,,,,,,,,,,https://dkn.gs/sports/images/mlb/players/50/581981.png,,,,,,,8/8/2026,,,,,,,,,,,,,,,,,,,,,,,,,,
Spencer Strider,CPT,ATL,Showdown Captain Mode,Sat Aug 08 2026 01:00:00 GMT-0500 (Central Daylight Time),Showdown Captain Mode 8/8 3:05PM (ATL @ NYY),16800,43786391,0,0,0,50.4,,,,,,,,,,,,,,,https://dkn.gs/sports/images/mlb/players/50/494812.png,,,,,,,8/8/2026,,,,,,,,,,,,,,,,,,,,,,,,,,
Spencer Strider,RP,ATL,Showdown Captain Mode,Sat Aug 08 2026 01:00:00 GMT-0500 (Central Daylight Time),Showdown Captain Mode 8/8 3:05PM (ATL @ NYY),11200,43786302,0,0,0,33.6,,,,,,,,,,,,,,,https://dkn.gs/sports/images/mlb/players/50/494812.png,,,,,,,8/8/2026,,,,,,,,,,,,,,,,,,,,,,,,,,
Ryan Weathers,CPT,NYY,Showdown Captain Mode,Sat Aug 08 2026 01:00:00 GMT-0500 (Central Daylight Time),Showdown Captain Mode 8/8 3:05PM (ATL @ NYY),16500,43786392,0,0,0,49.5,,,,,,,,,,,,,,,https://dkn.gs/sports/images/mlb/players/50/112363.png,,,,,,,8/8/2026,,,,,,,,,,,,,,,,,,,,,,,,,,
Ryan Weathers,RP,NYY,Showdown Captain Mode,Sat Aug 08 2026 01:00:00 GMT-0500 (Central Daylight Time),Showdown Captain Mode 8/8 3:05PM (ATL @ NYY),11000,43786303,0,0,0,33,,,,,,,,,,,,,,,https://dkn.gs/sports/images/mlb/players/50/112363.png,,,,,,,8/8/2026,,,,,,,,,,,,,,,,,,,,,,,,,,
Carlos Rodon,CPT,NYY,Showdown Captain Mode,Sat Aug 08 2026 01:00:00 GMT-0500 (Central Daylight Time),Showdown Captain Mode 8/8 3:05PM (ATL @ NYY),16500,43786393,0,0,0,49.5,,,,,,,,,,,,,,,https://dkn.gs/sports/images/mlb/players/50/31607.png,,,,,,,8/8/2026,,,,,,,,,,,,,,,,,,,,,,,,,,
Carlos Rodon,SP,NYY,Showdown Captain Mode,Sat Aug 08 2026 01:00:00 GMT-0500 (Central Daylight Time),Showdown Captain Mode 8/8 3:05PM (ATL @ NYY),11000,43786304,0,0,0,33,,,,,,,,,,,,,,,https://dkn.gs/sports/images/mlb/players/50/31607.png,,,,,,,8/8/2026,,,,,,,,,,,,,,,,,,,,,,,,,,
Max Fried,CPT,NYY,Showdown Captain Mode,Sat Aug 08 2026 01:00:00 GMT-0500 (Central Daylight Time),Showdown Captain Mode 8/8 3:05PM (ATL @ NYY),16200,43786394,0,0,0,48.6,,,,,,,,,,,,,,,https://dkn.gs/sports/images/mlb/players/50/32226.png,,,,,,,8/8/2026,,,,,,,,,,,,,,,,,,,,,,,,,,
Max Fried,SP,NYY,Showdown Captain Mode,Sat Aug 08 2026 01:00:00 GMT-0500 (Central Daylight Time),Showdown Captain Mode 8/8 3:05PM (ATL @ NYY),10800,43786305,0,0,0,32.4,,,,,,,,,,,,,,,https://dkn.gs/sports/images/mlb/players/50/32226.png,,,,,,,8/8/2026,,,,,,,,,,,,,,,,,,,,,,,,,,
AJ Smith-Shawver,CPT,ATL,Showdown Captain Mode,Sat Aug 08 2026 01:00:00 GMT-0500 (Central Daylight Time),Showdown Captain Mode 8/8 3:05PM (ATL @ NYY),15900,43786395,0,0,0,47.7,,,,,,,,,,,,,,,https://dkn.gs/sports/images/mlb/players/50/593474.png,,,,,,,8/8/2026,,,,,,,,,,,,,,,,,,,,,,,,,,
AJ Smith-Shawver,RP,ATL,Showdown Captain Mode,Sat Aug 08 2026 01:00:00 GMT-0500 (Central Daylight Time),Showdown Captain Mode 8/8 3:05PM (ATL @ NYY),10600,43786306,0,0,0,31.8,,,,,,,,,,,,,,,https://dkn.gs/sports/images/mlb/players/50/593474.png,,,,,,,8/8/2026,,,,,,,,,,,,,,,,,,,,,,,,,,
Clarke Schmidt,CPT,NYY,Showdown Captain Mode,Sat Aug 08 2026 01:00:00 GMT-0500 (Central Daylight Time),Showdown Captain Mode 8/8 3:05PM (ATL @ NYY),15600,43786396,0,0,0,46.8,,,,,,,,,,,,,,,https://dkn.gs/sports/images/mlb/players/50/111120.png,,,,,,,8/8/2026,,,,,,,,,,,,,,,,,,,,,,,,,,
Clarke Schmidt,SP,NYY,Showdown Captain Mode,Sat Aug 08 2026 01:00:00 GMT-0500 (Central Daylight Time),Showdown Captain Mode 8/8 3:05PM (ATL @ NYY),10400,43786307,0,0,0,31.2,,,,,,,,,,,,,,,https://dkn.gs/sports/images/mlb/players/50/111120.png,,,,,,,8/8/2026,,,,,,,,,,,,,,,,,,,,,,,,,,
Will Warren,CPT,NYY,Showdown Captain Mode,Sat Aug 08 2026 01:00:00 GMT-0500 (Central Daylight Time),Showdown Captain Mode 8/8 3:05PM (ATL @ NYY),15600,43786397,0,0,0,46.8,,,,,,,,,,,,,,,https://dkn.gs/sports/images/mlb/players/50/643835.png,,,,,,,8/8/2026,,,,,,,,,,,,,,,,,,,,,,,,,,
Will Warren,SP,NYY,Showdown Captain Mode,Sat Aug 08 2026 01:00:00 GMT-0500 (Central Daylight Time),Showdown Captain Mode 8/8 3:05PM (ATL @ NYY),10400,43786308,0,0,0,31.2,,,,,,,,,,,,,,,https://dkn.gs/sports/images/mlb/players/50/643835.png,,,,,,,8/8/2026,,,,,,,,,,,,,,,,,,,,,,,,,,
Owen Murphy,CPT,ATL,Showdown Captain Mode,Sat Aug 08 2026 01:00:00 GMT-0500 (Central Daylight Time),Showdown Captain Mode 8/8 3:05PM (ATL @ NYY),15300,43786398,0,0,0,45.9,,,,,,,,,,,,,,,https://dkn.gs/sports/images/mlb/teams/50/29861.png,,,,,,,8/8/2026,,,,,,,,,,,,,,,,,,,,,,,,,,
Owen Murphy,RP,ATL,Showdown Captain Mode,Sat Aug 08 2026 01:00:00 GMT-0500 (Central Daylight Time),Showdown Captain Mode 8/8 3:05PM (ATL @ NYY),10200,43786309,0,0,0,30.6,,,,,,,,,,,,,,,https://dkn.gs/sports/images/mlb/teams/50/29861.png,,,,,,,8/8/2026,,,,,,,,,,,,,,,,,,,,,,,,,,
Tyler Mahle,CPT,ATL,Showdown Captain Mode,Sat Aug 08 2026 01:00:00 GMT-0500 (Central Daylight Time),Showdown Captain Mode 8/8 3:05PM (ATL @ NYY),15300,43786399,0,0,0,45.9,,,,,,,,,,,,,,,https://dkn.gs/sports/images/mlb/players/50/32503.png,,,,,,,8/8/2026,,,,,,,,,,,,,,,,,,,,,,,,,,
Tyler Mahle,SP,ATL,Showdown Captain Mode,Sat Aug 08 2026 01:00:00 GMT-0500 (Central Daylight Time),Showdown Captain Mode 8/8 3:05PM (ATL @ NYY),10200,43786310,0,0,0,30.6,,,,,,,,,,,,,,,https://dkn.gs/sports/images/mlb/players/50/32503.png,,,,,,,8/8/2026,,,,,,,,,,,,,,,,,,,,,,,,,,
Bryce Elder,CPT,ATL,Showdown Captain Mode,Sat Aug 08 2026 01:00:00 GMT-0500 (Central Daylight Time),Showdown Captain Mode 8/8 3:05PM (ATL @ NYY),15300,43786400,0,0,0,45.9,,,,,,,,,,,,,,,https://dkn.gs/sports/images/mlb/players/50/545467.png,,,,,,,8/8/2026,,,,,,,,,,,,,,,,,,,,,,,,,,
Bryce Elder,SP,ATL,Showdown Captain Mode,Sat Aug 08 2026 01:00:00 GMT-0500 (Central Daylight Time),Showdown Captain Mode 8/8 3:05PM (ATL @ NYY),10200,43786311,0,0,0,30.6,,,,,,,,,,,,,,,https://dkn.gs/sports/images/mlb/players/50/545467.png,,,,,,,8/8/2026,,,,,,,,,,,,,,,,,,,,,,,,,,
Martin Perez,CPT,ATL,Showdown Captain Mode,Sat Aug 08 2026 01:00:00 GMT-0500 (Central Daylight Time),Showdown Captain Mode 8/8 3:05PM (ATL @ NYY),15300,43786401,0,0,0,45.9,,,,,,,,,,,,,,,https://dkn.gs/sports/images/mlb/players/50/32288.png,,,,,,,8/8/2026,,,,,,,,,,,,,,,,,,,,,,,,,,
Martin Perez,RP,ATL,Showdown Captain Mode,Sat Aug 08 2026 01:00:00 GMT-0500 (Central Daylight Time),Showdown Captain Mode 8/8 3:05PM (ATL @ NYY),10200,43786312,0,0,0,30.6,,,,,,,,,,,,,,,https://dkn.gs/sports/images/mlb/players/50/32288.png,,,,,,,8/8/2026,,,,,,,,,,,,,,,,,,,,,,,,,,
Reynaldo Lopez,CPT,ATL,Showdown Captain Mode,Sat Aug 08 2026 01:00:00 GMT-0500 (Central Daylight Time),Showdown Captain Mode 8/8 3:05PM (ATL @ NYY),15300,43786402,0,0,0,45.9,,,,,,,,,,,,,,,https://dkn.gs/sports/images/mlb/players/50/31616.png,,,,,,,8/8/2026,,,,,,,,,,,,,,,,,,,,,,,,,,
Reynaldo Lopez,RP,ATL,Showdown Captain Mode,Sat Aug 08 2026 01:00:00 GMT-0500 (Central Daylight Time),Showdown Captain Mode 8/8 3:05PM (ATL @ NYY),10200,43786313,0,0,0,30.6,,,,,,,,,,,,,,,https://dkn.gs/sports/images/mlb/players/50/31616.png,,,,,,,8/8/2026,,,,,,,,,,,,,,,,,,,,,,,,,,
JR Ritchie,CPT,ATL,Showdown Captain Mode,Sat Aug 08 2026 01:00:00 GMT-0500 (Central Daylight Time),Showdown Captain Mode 8/8 3:05PM (ATL @ NYY),15300,43786403,0,0,0,45.9,,,,,,,,,,,,,,,https://dkn.gs/sports/images/mlb/teams/50/29861.png,,,,,,,8/8/2026,,,,,,,,,,,,,,,,,,,,,,,,,,
JR Ritchie,SP,ATL,Showdown Captain Mode,Sat Aug 08 2026 01:00:00 GMT-0500 (Central Daylight Time),Showdown Captain Mode 8/8 3:05PM (ATL @ NYY),10200,43786314,0,0,0,30.6,,,,,,,,,,,,,,,https://dkn.gs/sports/images/mlb/teams/50/29861.png,,,,,,,8/8/2026,,,,,,,,,,,,,,,,,,,,,,,,,,
Joey Wentz,CPT,ATL,Showdown Captain Mode,Sat Aug 08 2026 01:00:00 GMT-0500 (Central Daylight Time),Showdown Captain Mode 8/8 3:05PM (ATL @ NYY),15000,43786404,0,0,0,45,,,,,,,,,,,,,,,https://dkn.gs/sports/images/mlb/players/50/111567.png,,,,,,,8/8/2026,,,,,,,,,,,,,,,,,,,,,,,,,,
Joey Wentz,RP,ATL,Showdown Captain Mode,Sat Aug 08 2026 01:00:00 GMT-0500 (Central Daylight Time),Showdown Captain Mode 8/8 3:05PM (ATL @ NYY),10000,43786315,0,0,0,30,,,,,,,,,,,,,,,https://dkn.gs/sports/images/mlb/players/50/111567.png,,,,,,,8/8/2026,,,,,,,,,,,,,,,,,,,,,,,,,,
Grant Holmes,CPT,ATL,Showdown Captain Mode,Sat Aug 08 2026 01:00:00 GMT-0500 (Central Daylight Time),Showdown Captain Mode 8/8 3:05PM (ATL @ NYY),15000,43786405,0,0,0,45,,,,,,,,,,,,,,,https://dkn.gs/sports/images/mlb/players/50/69391.png,,,,,,,8/8/2026,,,,,,,,,,,,,,,,,,,,,,,,,,
Grant Holmes,RP,ATL,Showdown Captain Mode,Sat Aug 08 2026 01:00:00 GMT-0500 (Central Daylight Time),Showdown Captain Mode 8/8 3:05PM (ATL @ NYY),10000,43786316,0,0,0,30,,,,,,,,,,,,,,,https://dkn.gs/sports/images/mlb/players/50/69391.png,,,,,,,8/8/2026,,,,,,,,,,,,,,,,,,,,,,,,,,
Hurston Waldrep,CPT,ATL,Showdown Captain Mode,Sat Aug 08 2026 01:00:00 GMT-0500 (Central Daylight Time),Showdown Captain Mode 8/8 3:05PM (ATL @ NYY),15000,43786406,0,0,0,45,,,,,,,,,,,,,,,https://dkn.gs/sports/images/mlb/players/50/721177.png,,,,,,,8/8/2026,,,,,,,,,,,,,,,,,,,,,,,,,,
Hurston Waldrep,SP,ATL,Showdown Captain Mode,Sat Aug 08 2026 01:00:00 GMT-0500 (Central Daylight Time),Showdown Captain Mode 8/8 3:05PM (ATL @ NYY),10000,43786317,0,0,0,30,,,,,,,,,,,,,,,https://dkn.gs/sports/images/mlb/players/50/721177.png,,,,,,,8/8/2026,,,,,,,,,,,,,,,,,,,,,,,,,,
Ryan Yarbrough,CPT,NYY,Showdown Captain Mode,Sat Aug 08 2026 01:00:00 GMT-0500 (Central Daylight Time),Showdown Captain Mode 8/8 3:05PM (ATL @ NYY),15000,43786407,0,0,0,45,,,,,,,,,,,,,,,https://dkn.gs/sports/images/mlb/players/50/31691.png,,,,,,,8/8/2026,,,,,,,,,,,,,,,,,,,,,,,,,,
Ryan Yarbrough,RP,NYY,Showdown Captain Mode,Sat Aug 08 2026 01:00:00 GMT-0500 (Central Daylight Time),Showdown Captain Mode 8/8 3:05PM (ATL @ NYY),10000,43786318,0,0,0,30,,,,,,,,,,,,,,,https://dkn.gs/sports/images/mlb/players/50/31691.png,,,,,,,8/8/2026,,,,,,,,,,,,,,,,,,,,,,,,,,
Paul Blackburn,CPT,NYY,Showdown Captain Mode,Sat Aug 08 2026 01:00:00 GMT-0500 (Central Daylight Time),Showdown Captain Mode 8/8 3:05PM (ATL @ NYY),15000,43786408,0,0,0,45,,,,,,,,,,,,,,,https://dkn.gs/sports/images/mlb/players/50/31481.png,,,,,,,8/8/2026,,,,,,,,,,,,,,,,,,,,,,,,,,
Paul Blackburn,RP,NYY,Showdown Captain Mode,Sat Aug 08 2026 01:00:00 GMT-0500 (Central Daylight Time),Showdown Captain Mode 8/8 3:05PM (ATL @ NYY),10000,43786319,0,0,0,30,,,,,,,,,,,,,,,https://dkn.gs/sports/images/mlb/players/50/31481.png,,,,,,,8/8/2026,,,,,,,,,,,,,,,,,,,,,,,,,,
Elmer Rodriguez,CPT,NYY,Showdown Captain Mode,Sat Aug 08 2026 01:00:00 GMT-0500 (Central Daylight Time),Showdown Captain Mode 8/8 3:05PM (ATL @ NYY),15000,43786409,0,0,0,45,,,,,,,,,,,,,,,https://dkn.gs/sports/images/mlb/players/50/582199.png,,,,,,,8/8/2026,,,,,,,,,,,,,,,,,,,,,,,,,,
Elmer Rodriguez,SP,NYY,Showdown Captain Mode,Sat Aug 08 2026 01:00:00 GMT-0500 (Central Daylight Time),Showdown Captain Mode 8/8 3:05PM (ATL @ NYY),10000,43786320,0,0,0,30,,,,,,,,,,,,,,,https://dkn.gs/sports/images/mlb/players/50/582199.png,,,,,,,8/8/2026,,,,,,,,,,,,,,,,,,,,,,,,,,
Luis Gil,CPT,NYY,Showdown Captain Mode,Sat Aug 08 2026 01:00:00 GMT-0500 (Central Daylight Time),Showdown Captain Mode 8/8 3:05PM (ATL @ NYY),15000,43786410,0,0,0,45,,,,,,,,,,,,,,,https://dkn.gs/sports/images/mlb/players/50/457189.png,,,,,,,8/8/2026,,,,,,,,,,,,,,,,,,,,,,,,,,
Luis Gil,SP,NYY,Showdown Captain Mode,Sat Aug 08 2026 01:00:00 GMT-0500 (Central Daylight Time),Showdown Captain Mode 8/8 3:05PM (ATL @ NYY),10000,43786321,0,0,0,30,,,,,,,,,,,,,,,https://dkn.gs/sports/images/mlb/players/50/457189.png,,,,,,,8/8/2026,,,,,,,,,,,,,,,,,,,,,,,,,,
Didier Fuentes,CPT,ATL,Showdown Captain Mode,Sat Aug 08 2026 01:00:00 GMT-0500 (Central Daylight Time),Showdown Captain Mode 8/8 3:05PM (ATL @ NYY),15000,43786411,0,0,0,45,,,,,,,,,,,,,,,https://dkn.gs/sports/images/mlb/players/50/705315.png,,,,,,,8/8/2026,,,,,,,,,,,,,,,,,,,,,,,,,,
Didier Fuentes,RP,ATL,Showdown Captain Mode,Sat Aug 08 2026 01:00:00 GMT-0500 (Central Daylight Time),Showdown Captain Mode 8/8 3:05PM (ATL @ NYY),10000,43786322,0,0,0,30,,,,,,,,,,,,,,,https://dkn.gs/sports/images/mlb/players/50/705315.png,,,,,,,8/8/2026,,,,,,,,,,,,,,,,,,,,,,,,,,
Victor Mederos,CPT,ATL,Showdown Captain Mode,Sat Aug 08 2026 01:00:00 GMT-0500 (Central Daylight Time),Showdown Captain Mode 8/8 3:05PM (ATL @ NYY),15000,43786412,0,0,0,45,,,,,,,,,,,,,,,https://dkn.gs/sports/images/mlb/players/50/700233.png,,,,,,,8/8/2026,,,,,,,,,,,,,,,,,,,,,,,,,,
Victor Mederos,RP,ATL,Showdown Captain Mode,Sat Aug 08 2026 01:00:00 GMT-0500 (Central Daylight Time),Showdown Captain Mode 8/8 3:05PM (ATL @ NYY),10000,43786323,0,0,0,30,,,,,,,,,,,,,,,https://dkn.gs/sports/images/mlb/players/50/700233.png,,,,,,,8/8/2026,,,,,,,,,,,,,,,,,,,,,,,,,,
Austin Gomber,CPT,ATL,Showdown Captain Mode,Sat Aug 08 2026 01:00:00 GMT-0500 (Central Daylight Time),Showdown Captain Mode 8/8 3:05PM (ATL @ NYY),15000,43786413,0,0,0,45,,,,,,,,,,,,,,,https://dkn.gs/sports/images/mlb/players/50/69436.png,,,,,,,8/8/2026,,,,,,,,,,,,,,,,,,,,,,,,,,
Austin Gomber,SP,ATL,Showdown Captain Mode,Sat Aug 08 2026 01:00:00 GMT-0500 (Central Daylight Time),Showdown Captain Mode 8/8 3:05PM (ATL @ NYY),10000,43786324,0,0,0,30,,,,,,,,,,,,,,,https://dkn.gs/sports/images/mlb/players/50/69436.png,,,,,,,8/8/2026,,,,,,,,,,,,,,,,,,,,,,,,,,
Luis Garcia Jr.,CPT,NYY,Showdown Captain Mode,Sat Aug 08 2026 01:00:00 GMT-0500 (Central Daylight Time),Showdown Captain Mode 8/8 3:05PM (ATL @ NYY),12900,43786353,0,0,0,38.7,,,,,,,,,,,,,,,https://dkn.gs/sports/images/mlb/players/50/111988.png,,,,,,,8/8/2026,,,,,,,,,,,,,,,,,,,,,,,,,,
Luis Garcia Jr.,1B,NYY,Showdown Captain Mode,Sat Aug 08 2026 01:00:00 GMT-0500 (Central Daylight Time),Showdown Captain Mode 8/8 3:05PM (ATL @ NYY),8600,43786264,0,0,0,25.8,,,,,,,,,,,,,,,https://dkn.gs/sports/images/mlb/players/50/111988.png,,,,,,,8/8/2026,,,,,,,,,,,,,,,,,,,,,,,,,,
Aaron Judge,CPT,NYY,Showdown Captain Mode,Sat Aug 08 2026 01:00:00 GMT-0500 (Central Daylight Time),Showdown Captain Mode 8/8 3:05PM (ATL @ NYY),12000,43786376,0,0,0,36,,,,,,,,,,,,,,,https://dkn.gs/sports/images/mlb/players/50/32504.png,,,,,,,8/8/2026,,,,,,,,,,,,,,,,,,,,,,,,,,
Aaron Judge,OF,NYY,Showdown Captain Mode,Sat Aug 08 2026 01:00:00 GMT-0500 (Central Daylight Time),Showdown Captain Mode 8/8 3:05PM (ATL @ NYY),8000,43786287,0,0,0,24,,,,,,,,,,,,,,,https://dkn.gs/sports/images/mlb/players/50/32504.png,,,,,,,8/8/2026,,,,,,,,,,,,,,,,,,,,,,,,,,
Lane Thomas,CPT,ATL,Showdown Captain Mode,Sat Aug 08 2026 01:00:00 GMT-0500 (Central Daylight Time),Showdown Captain Mode 8/8 3:05PM (ATL @ NYY),10200,43786360,0,0,0,30.6,,,,,,,,,,,,,,,https://dkn.gs/sports/images/mlb/players/50/32455.png,,,,,,,8/8/2026,,,,,,,,,,,,,,,,,,,,,,,,,,
Lane Thomas,OF,ATL,Showdown Captain Mode,Sat Aug 08 2026 01:00:00 GMT-0500 (Central Daylight Time),Showdown Captain Mode 8/8 3:05PM (ATL @ NYY),6800,43786271,0,0,0,20.4,,,,,,,,,,,,,,,https://dkn.gs/sports/images/mlb/players/50/32455.png,,,,,,,8/8/2026,,,,,,,,,,,,,,,,,,,,,,,,,,
Cody Bellinger,CPT,NYY,Showdown Captain Mode,Sat Aug 08 2026 01:00:00 GMT-0500 (Central Daylight Time),Showdown Captain Mode 8/8 3:05PM (ATL @ NYY),9000,43786377,0,0,0,27,,,,,,,,,,,,,,,https://dkn.gs/sports/images/mlb/players/50/32714.png,,,,,,,8/8/2026,,,,,,,,,,,,,,,,,,,,,,,,,,
Cody Bellinger,OF,NYY,Showdown Captain Mode,Sat Aug 08 2026 01:00:00 GMT-0500 (Central Daylight Time),Showdown Captain Mode 8/8 3:05PM (ATL @ NYY),6000,43786288,0,0,0,18,,,,,,,,,,,,,,,https://dkn.gs/sports/images/mlb/players/50/32714.png,,,,,,,8/8/2026,,,,,,,,,,,,,,,,,,,,,,,,,,
Giancarlo Stanton,CPT,NYY,Showdown Captain Mode,Sat Aug 08 2026 01:00:00 GMT-0500 (Central Daylight Time),Showdown Captain Mode 8/8 3:05PM (ATL @ NYY),8400,43786378,0,0,0,25.2,,,,,,,,,,,,,,,https://dkn.gs/sports/images/mlb/players/50/32456.png,,,,,,,8/8/2026,,,,,,,,,,,,,,,,,,,,,,,,,,
Giancarlo Stanton,OF,NYY,Showdown Captain Mode,Sat Aug 08 2026 01:00:00 GMT-0500 (Central Daylight Time),Showdown Captain Mode 8/8 3:05PM (ATL @ NYY),5600,43786289,0,0,0,16.8,,,,,,,,,,,,,,,https://dkn.gs/sports/images/mlb/players/50/32456.png,,,,,,,8/8/2026,,,,,,,,,,,,,,,,,,,,,,,,,,
Jasson Dominguez,CPT,NYY,Showdown Captain Mode,Sat Aug 08 2026 01:00:00 GMT-0500 (Central Daylight Time),Showdown Captain Mode 8/8 3:05PM (ATL @ NYY),7200,43786379,0,0,0,21.6,,,,,,,,,,,,,,,https://dkn.gs/sports/images/mlb/players/50/470244.png,,,,,,,8/8/2026,,,,,,,,,,,,,,,,,,,,,,,,,,
Jasson Dominguez,OF,NYY,Showdown Captain Mode,Sat Aug 08 2026 01:00:00 GMT-0500 (Central Daylight Time),Showdown Captain Mode 8/8 3:05PM (ATL @ NYY),4800,43786290,0,0,0,14.4,,,,,,,,,,,,,,,https://dkn.gs/sports/images/mlb/players/50/470244.png,,,,,,,8/8/2026,,,,,,,,,,,,,,,,,,,,,,,,,,
Andrew McCutchen,CPT,ATL,Showdown Captain Mode,Sat Aug 08 2026 01:00:00 GMT-0500 (Central Daylight Time),Showdown Captain Mode 8/8 3:05PM (ATL @ NYY),6900,43786380,0,0,0,20.7,,,,,,,,,,,,,,,https://dkn.gs/sports/images/mlb/players/50/31907.png,,,,,,,8/8/2026,,,,,,,,,,,,,,,,,,,,,,,,,,
Andrew McCutchen,OF,ATL,Showdown Captain Mode,Sat Aug 08 2026 01:00:00 GMT-0500 (Central Daylight Time),Showdown Captain Mode 8/8 3:05PM (ATL @ NYY),4600,43786291,0,0,0,13.8,,,,,,,,,,,,,,,https://dkn.gs/sports/images/mlb/players/50/31907.png,,,,,,,8/8/2026,,,,,,,,,,,,,,,,,,,,,,,,,,
Sean Murphy,CPT,ATL,Showdown Captain Mode,Sat Aug 08 2026 01:00:00 GMT-0500 (Central Daylight Time),Showdown Captain Mode 8/8 3:05PM (ATL @ NYY),6600,43786370,0,0,0,19.8,,,,,,,,,,,,,,,https://dkn.gs/sports/images/mlb/players/50/31484.png,,,,,,,8/8/2026,,,,,,,,,,,,,,,,,,,,,,,,,,
Sean Murphy,C,ATL,Showdown Captain Mode,Sat Aug 08 2026 01:00:00 GMT-0500 (Central Daylight Time),Showdown Captain Mode 8/8 3:05PM (ATL @ NYY),4400,43786281,0,0,0,13.2,,,,,,,,,,,,,,,https://dkn.gs/sports/images/mlb/players/50/31484.png,,,,,,,8/8/2026,,,,,,,,,,,,,,,,,,,,,,,,,,
Ryan McMahon,CPT,NYY,Showdown Captain Mode,Sat Aug 08 2026 01:00:00 GMT-0500 (Central Daylight Time),Showdown Captain Mode 8/8 3:05PM (ATL @ NYY),6300,43786371,0,0,0,18.9,,,,,,,,,,,,,,,https://dkn.gs/sports/images/mlb/players/50/32604.png,,,,,,,8/8/2026,Ryan McMahon,ATL,1.61,0,12/30/1899,0,0,0,0,0,0,0,,,,,0,0,0,0,No,1.5,7.5,,,
Ryan McMahon,3B,NYY,Showdown Captain Mode,Sat Aug 08 2026 01:00:00 GMT-0500 (Central Daylight Time),Showdown Captain Mode 8/8 3:05PM (ATL @ NYY),4200,43786282,0,0,0,12.6,,,,,,,,,,,,,,,https://dkn.gs/sports/images/mlb/players/50/32604.png,,,,,,,8/8/2026,Ryan McMahon,ATL,1.61,0,12/30/1899,0,0,0,0,0,0,0,,,,,0,0,0,0,No,1.5,7.5,,,
Max Schuemann,CPT,NYY,Showdown Captain Mode,Sat Aug 08 2026 01:00:00 GMT-0500 (Central Daylight Time),Showdown Captain Mode 8/8 3:05PM (ATL @ NYY),6300,43786381,0,0,0,18.9,,,,,,,,,,,,,,,https://dkn.gs/sports/images/mlb/players/50/637099.png,,,,,,,8/8/2026,,,,,,,,,,,,,,,,,,,,,,,,,,
Max Schuemann,OF,NYY,Showdown Captain Mode,Sat Aug 08 2026 01:00:00 GMT-0500 (Central Daylight Time),Showdown Captain Mode 8/8 3:05PM (ATL @ NYY),4200,43786292,0,0,0,12.6,,,,,,,,,,,,,,,https://dkn.gs/sports/images/mlb/players/50/637099.png,,,,,,,8/8/2026,,,,,,,,,,,,,,,,,,,,,,,,,,
Anthony Volpe,CPT,NYY,Showdown Captain Mode,Sat Aug 08 2026 01:00:00 GMT-0500 (Central Daylight Time),Showdown Captain Mode 8/8 3:05PM (ATL @ NYY),6000,43786382,0,0,0,18,,,,,,,,,,,,,,,https://dkn.gs/sports/images/mlb/players/50/459842.png,,,,,,,8/8/2026,,,,,,,,,,,,,,,,,,,,,,,,,,
Anthony Volpe,SS,NYY,Showdown Captain Mode,Sat Aug 08 2026 01:00:00 GMT-0500 (Central Daylight Time),Showdown Captain Mode 8/8 3:05PM (ATL @ NYY),4000,43786293,0,0,0,12,,,,,,,,,,,,,,,https://dkn.gs/sports/images/mlb/players/50/459842.png,,,,,,,8/8/2026,,,,,,,,,,,,,,,,,,,,,,,,,,
Tim Hill,CPT,NYY,Showdown Captain Mode,Sat Aug 08 2026 01:00:00 GMT-0500 (Central Daylight Time),Showdown Captain Mode 8/8 3:05PM (ATL @ NYY),6000,43786414,0,0,0,18,,,,,,,,,,,,,,,https://dkn.gs/sports/images/mlb/players/50/32118.png,,,,,,,8/8/2026,,,,,,,,,,,,,,,,,,,,,,,,,,
Tim Hill,RP,NYY,Showdown Captain Mode,Sat Aug 08 2026 01:00:00 GMT-0500 (Central Daylight Time),Showdown Captain Mode 8/8 3:05PM (ATL @ NYY),4000,43786325,0,0,0,12,,,,,,,,,,,,,,,https://dkn.gs/sports/images/mlb/players/50/32118.png,,,,,,,8/8/2026,,,,,,,,,,,,,,,,,,,,,,,,,,
Robert Suarez,CPT,ATL,Showdown Captain Mode,Sat Aug 08 2026 01:00:00 GMT-0500 (Central Daylight Time),Showdown Captain Mode 8/8 3:05PM (ATL @ NYY),6000,43786415,0,0,0,18,,,,,,,,,,,,,,,https://dkn.gs/sports/images/mlb/players/50/113053.png,,,,,,,8/8/2026,,,,,,,,,,,,,,,,,,,,,,,,,,
Robert Suarez,RP,ATL,Showdown Captain Mode,Sat Aug 08 2026 01:00:00 GMT-0500 (Central Daylight Time),Showdown Captain Mode 8/8 3:05PM (ATL @ NYY),4000,43786326,0,0,0,12,,,,,,,,,,,,,,,https://dkn.gs/sports/images/mlb/players/50/113053.png,,,,,,,8/8/2026,,,,,,,,,,,,,,,,,,,,,,,,,,
Raisel Iglesias,CPT,ATL,Showdown Captain Mode,Sat Aug 08 2026 01:00:00 GMT-0500 (Central Daylight Time),Showdown Captain Mode 8/8 3:05PM (ATL @ NYY),6000,43786416,0,0,0,18,,,,,,,,,,,,,,,https://dkn.gs/sports/images/mlb/players/50/32463.png,,,,,,,8/8/2026,,,,,,,,,,,,,,,,,,,,,,,,,,
Raisel Iglesias,RP,ATL,Showdown Captain Mode,Sat Aug 08 2026 01:00:00 GMT-0500 (Central Daylight Time),Showdown Captain Mode 8/8 3:05PM (ATL @ NYY),4000,43786327,0,0,0,12,,,,,,,,,,,,,,,https://dkn.gs/sports/images/mlb/players/50/32463.png,,,,,,,8/8/2026,,,,,,,,,,,,,,,,,,,,,,,,,,
Dylan Dodd,CPT,ATL,Showdown Captain Mode,Sat Aug 08 2026 01:00:00 GMT-0500 (Central Daylight Time),Showdown Captain Mode 8/8 3:05PM (ATL @ NYY),6000,43786417,0,0,0,18,,,,,,,,,,,,,,,https://dkn.gs/sports/images/mlb/players/50/582201.png,,,,,,,8/8/2026,,,,,,,,,,,,,,,,,,,,,,,,,,
Dylan Dodd,RP,ATL,Showdown Captain Mode,Sat Aug 08 2026 01:00:00 GMT-0500 (Central Daylight Time),Showdown Captain Mode 8/8 3:05PM (ATL @ NYY),4000,43786328,0,0,0,12,,,,,,,,,,,,,,,https://dkn.gs/sports/images/mlb/players/50/582201.png,,,,,,,8/8/2026,,,,,,,,,,,,,,,,,,,,,,,,,,
Tyler Kinley,CPT,ATL,Showdown Captain Mode,Sat Aug 08 2026 01:00:00 GMT-0500 (Central Daylight Time),Showdown Captain Mode 8/8 3:05PM (ATL @ NYY),6000,43786418,0,0,0,18,,,,,,,,,,,,,,,https://dkn.gs/sports/images/mlb/players/50/31454.png,,,,,,,8/8/2026,,,,,,,,,,,,,,,,,,,,,,,,,,
Tyler Kinley,RP,ATL,Showdown Captain Mode,Sat Aug 08 2026 01:00:00 GMT-0500 (Central Daylight Time),Showdown Captain Mode 8/8 3:05PM (ATL @ NYY),4000,43786329,0,0,0,12,,,,,,,,,,,,,,,https://dkn.gs/sports/images/mlb/players/50/31454.png,,,,,,,8/8/2026,,,,,,,,,,,,,,,,,,,,,,,,,,
Yerry de los Santos,CPT,NYY,Showdown Captain Mode,Sat Aug 08 2026 01:00:00 GMT-0500 (Central Daylight Time),Showdown Captain Mode 8/8 3:05PM (ATL @ NYY),6000,43786419,0,0,0,18,,,,,,,,,,,,,,,https://dkn.gs/sports/images/mlb/players/50/552903.png,,,,,,,8/8/2026,,,,,,,,,,,,,,,,,,,,,,,,,,
Yerry de los Santos,RP,NYY,Showdown Captain Mode,Sat Aug 08 2026 01:00:00 GMT-0500 (Central Daylight Time),Showdown Captain Mode 8/8 3:05PM (ATL @ NYY),4000,43786330,0,0,0,12,,,,,,,,,,,,,,,https://dkn.gs/sports/images/mlb/players/50/552903.png,,,,,,,8/8/2026,,,,,,,,,,,,,,,,,,,,,,,,,,
Dylan Lee,CPT,ATL,Showdown Captain Mode,Sat Aug 08 2026 01:00:00 GMT-0500 (Central Daylight Time),Showdown Captain Mode 8/8 3:05PM (ATL @ NYY),6000,43786420,0,0,0,18,,,,,,,,,,,,,,,https://dkn.gs/sports/images/mlb/players/50/476290.png,,,,,,,8/8/2026,,,,,,,,,,,,,,,,,,,,,,,,,,
Dylan Lee,RP,ATL,Showdown Captain Mode,Sat Aug 08 2026 01:00:00 GMT-0500 (Central Daylight Time),Showdown Captain Mode 8/8 3:05PM (ATL @ NYY),4000,43786331,0,0,0,12,,,,,,,,,,,,,,,https://dkn.gs/sports/images/mlb/players/50/476290.png,,,,,,,8/8/2026,,,,,,,,,,,,,,,,,,,,,,,,,,
Brendan Beck,CPT,NYY,Showdown Captain Mode,Sat Aug 08 2026 01:00:00 GMT-0500 (Central Daylight Time),Showdown Captain Mode 8/8 3:05PM (ATL @ NYY),6000,43786421,0,0,0,18,,,,,,,,,,,,,,,https://dkn.gs/sports/images/mlb/teams/50/29825.png,,,,,,,8/8/2026,,,,,,,,,,,,,,,,,,,,,,,,,,
Brendan Beck,RP,NYY,Showdown Captain Mode,Sat Aug 08 2026 01:00:00 GMT-0500 (Central Daylight Time),Showdown Captain Mode 8/8 3:05PM (ATL @ NYY),4000,43786332,0,0,0,12,,,,,,,,,,,,,,,https://dkn.gs/sports/images/mlb/teams/50/29825.png,,,,,,,8/8/2026,,,,,,,,,,,,,,,,,,,,,,,,,,
Brent Headrick,CPT,NYY,Showdown Captain Mode,Sat Aug 08 2026 01:00:00 GMT-0500 (Central Daylight Time),Showdown Captain Mode 8/8 3:05PM (ATL @ NYY),6000,43786422,0,0,0,18,,,,,,,,,,,,,,,https://dkn.gs/sports/images/mlb/players/50/684501.png,,,,,,,8/8/2026,,,,,,,,,,,,,,,,,,,,,,,,,,
Brent Headrick,RP,NYY,Showdown Captain Mode,Sat Aug 08 2026 01:00:00 GMT-0500 (Central Daylight Time),Showdown Captain Mode 8/8 3:05PM (ATL @ NYY),4000,43786333,0,0,0,12,,,,,,,,,,,,,,,https://dkn.gs/sports/images/mlb/players/50/684501.png,,,,,,,8/8/2026,,,,,,,,,,,,,,,,,,,,,,,,,,
Danny Young,CPT,ATL,Showdown Captain Mode,Sat Aug 08 2026 01:00:00 GMT-0500 (Central Daylight Time),Showdown Captain Mode 8/8 3:05PM (ATL @ NYY),6000,43786423,0,0,0,18,,,,,,,,,,,,,,,https://dkn.gs/sports/images/mlb/players/50/476749.png,,,,,,,8/8/2026,,,,,,,,,,,,,,,,,,,,,,,,,,
Danny Young,RP,ATL,Showdown Captain Mode,Sat Aug 08 2026 01:00:00 GMT-0500 (Central Daylight Time),Showdown Captain Mode 8/8 3:05PM (ATL @ NYY),4000,43786334,0,0,0,12,,,,,,,,,,,,,,,https://dkn.gs/sports/images/mlb/players/50/476749.png,,,,,,,8/8/2026,,,,,,,,,,,,,,,,,,,,,,,,,,
Rolddy Munoz,CPT,ATL,Showdown Captain Mode,Sat Aug 08 2026 01:00:00 GMT-0500 (Central Daylight Time),Showdown Captain Mode 8/8 3:05PM (ATL @ NYY),6000,43786424,0,0,0,18,,,,,,,,,,,,,,,https://dkn.gs/sports/images/mlb/players/50/700152.png,,,,,,,8/8/2026,,,,,,,,,,,,,,,,,,,,,,,,,,
Rolddy Munoz,RP,ATL,Showdown Captain Mode,Sat Aug 08 2026 01:00:00 GMT-0500 (Central Daylight Time),Showdown Captain Mode 8/8 3:05PM (ATL @ NYY),4000,43786335,0,0,0,12,,,,,,,,,,,,,,,https://dkn.gs/sports/images/mlb/players/50/700152.png,,,,,,,8/8/2026,,,,,,,,,,,,,,,,,,,,,,,,,,
Hayden Harris,CPT,ATL,Showdown Captain Mode,Sat Aug 08 2026 01:00:00 GMT-0500 (Central Daylight Time),Showdown Captain Mode 8/8 3:05PM (ATL @ NYY),6000,43786425,0,0,0,18,,,,,,,,,,,,,,,https://dkn.gs/sports/images/mlb/players/50/779633.png,,,,,,,8/8/2026,,,,,,,,,,,,,,,,,,,,,,,,,,
Hayden Harris,RP,ATL,Showdown Captain Mode,Sat Aug 08 2026 01:00:00 GMT-0500 (Central Daylight Time),Showdown Captain Mode 8/8 3:05PM (ATL @ NYY),4000,43786336,0,0,0,12,,,,,,,,,,,,,,,https://dkn.gs/sports/images/mlb/players/50/779633.png,,,,,,,8/8/2026,,,,,,,,,,,,,,,,,,,,,,,,,,
Tyler Uberstine,CPT,ATL,Showdown Captain Mode,Sat Aug 08 2026 01:00:00 GMT-0500 (Central Daylight Time),Showdown Captain Mode 8/8 3:05PM (ATL @ NYY),6000,43786426,0,0,0,18,,,,,,,,,,,,,,,https://dkn.gs/sports/images/mlb/players/50/945308.png,,,,,,,8/8/2026,,,,,,,,,,,,,,,,,,,,,,,,,,
Tyler Uberstine,RP,ATL,Showdown Captain Mode,Sat Aug 08 2026 01:00:00 GMT-0500 (Central Daylight Time),Showdown Captain Mode 8/8 3:05PM (ATL @ NYY),4000,43786337,0,0,0,12,,,,,,,,,,,,,,,https://dkn.gs/sports/images/mlb/players/50/945308.png,,,,,,,8/8/2026,,,,,,,,,,,,,,,,,,,,,,,,,,
James Karinchak,CPT,ATL,Showdown Captain Mode,Sat Aug 08 2026 01:00:00 GMT-0500 (Central Daylight Time),Showdown Captain Mode 8/8 3:05PM (ATL @ NYY),6000,43786427,0,0,0,18,,,,,,,,,,,,,,,https://dkn.gs/sports/images/mlb/players/50/60088.png,,,,,,,8/8/2026,,,,,,,,,,,,,,,,,,,,,,,,,,
James Karinchak,RP,ATL,Showdown Captain Mode,Sat Aug 08 2026 01:00:00 GMT-0500 (Central Daylight Time),Showdown Captain Mode 8/8 3:05PM (ATL @ NYY),4000,43786338,0,0,0,12,,,,,,,,,,,,,,,https://dkn.gs/sports/images/mlb/players/50/60088.png,,,,,,,8/8/2026,,,,,,,,,,,,,,,,,,,,,,,,,,
Fernando Cruz,CPT,NYY,Showdown Captain Mode,Sat Aug 08 2026 01:00:00 GMT-0500 (Central Daylight Time),Showdown Captain Mode 8/8 3:05PM (ATL @ NYY),6000,43786428,0,0,0,18,,,,,,,,,,,,,,,https://dkn.gs/sports/images/mlb/players/50/635558.png,,,,,,,8/8/2026,,,,,,,,,,,,,,,,,,,,,,,,,,
Fernando Cruz,RP,NYY,Showdown Captain Mode,Sat Aug 08 2026 01:00:00 GMT-0500 (Central Daylight Time),Showdown Captain Mode 8/8 3:05PM (ATL @ NYY),4000,43786339,0,0,0,12,,,,,,,,,,,,,,,https://dkn.gs/sports/images/mlb/players/50/635558.png,,,,,,,8/8/2026,,,,,,,,,,,,,,,,,,,,,,,,,,
Brent Suter,CPT,ATL,Showdown Captain Mode,Sat Aug 08 2026 01:00:00 GMT-0500 (Central Daylight Time),Showdown Captain Mode 8/8 3:05PM (ATL @ NYY),6000,43786429,0,0,0,18,,,,,,,,,,,,,,,https://dkn.gs/sports/images/mlb/players/50/31600.png,,,,,,,8/8/2026,,,,,,,,,,,,,,,,,,,,,,,,,,
Brent Suter,RP,ATL,Showdown Captain Mode,Sat Aug 08 2026 01:00:00 GMT-0500 (Central Daylight Time),Showdown Captain Mode 8/8 3:05PM (ATL @ NYY),4000,43786340,0,0,0,12,,,,,,,,,,,,,,,https://dkn.gs/sports/images/mlb/players/50/31600.png,,,,,,,8/8/2026,,,,,,,,,,,,,,,,,,,,,,,,,,
David Bednar,CPT,NYY,Showdown Captain Mode,Sat Aug 08 2026 01:00:00 GMT-0500 (Central Daylight Time),Showdown Captain Mode 8/8 3:05PM (ATL @ NYY),6000,43786430,0,0,0,18,,,,,,,,,,,,,,,https://dkn.gs/sports/images/mlb/players/50/32648.png,,,,,,,8/8/2026,,,,,,,,,,,,,,,,,,,,,,,,,,
David Bednar,RP,NYY,Showdown Captain Mode,Sat Aug 08 2026 01:00:00 GMT-0500 (Central Daylight Time),Showdown Captain Mode 8/8 3:05PM (ATL @ NYY),4000,43786341,0,0,0,12,,,,,,,,,,,,,,,https://dkn.gs/sports/images/mlb/players/50/32648.png,,,,,,,8/8/2026,,,,,,,,,,,,,,,,,,,,,,,,,,
Bradley Hanner,CPT,NYY,Showdown Captain Mode,Sat Aug 08 2026 01:00:00 GMT-0500 (Central Daylight Time),Showdown Captain Mode 8/8 3:05PM (ATL @ NYY),6000,43786431,0,0,0,18,,,,,,,,,,,,,,,https://dkn.gs/sports/images/mlb/teams/50/29825.png,,,,,,,8/8/2026,,,,,,,,,,,,,,,,,,,,,,,,,,
Bradley Hanner,RP,NYY,Showdown Captain Mode,Sat Aug 08 2026 01:00:00 GMT-0500 (Central Daylight Time),Showdown Captain Mode 8/8 3:05PM (ATL @ NYY),4000,43786342,0,0,0,12,,,,,,,,,,,,,,,https://dkn.gs/sports/images/mlb/teams/50/29825.png,,,,,,,8/8/2026,,,,,,,,,,,,,,,,,,,,,,,,,,
Angel Chivilli,CPT,NYY,Showdown Captain Mode,Sat Aug 08 2026 01:00:00 GMT-0500 (Central Daylight Time),Showdown Captain Mode 8/8 3:05PM (ATL @ NYY),6000,43786432,0,0,0,18,,,,,,,,,,,,,,,https://dkn.gs/sports/images/mlb/players/50/707896.png,,,,,,,8/8/2026,,,,,,,,,,,,,,,,,,,,,,,,,,
Angel Chivilli,RP,NYY,Showdown Captain Mode,Sat Aug 08 2026 01:00:00 GMT-0500 (Central Daylight Time),Showdown Captain Mode 8/8 3:05PM (ATL @ NYY),4000,43786343,0,0,0,12,,,,,,,,,,,,,,,https://dkn.gs/sports/images/mlb/players/50/707896.png,,,,,,,8/8/2026,,,,,,,,,,,,,,,,,,,,,,,,,,
Duncan Davitt,CPT,ATL,Showdown Captain Mode,Sat Aug 08 2026 01:00:00 GMT-0500 (Central Daylight Time),Showdown Captain Mode 8/8 3:05PM (ATL @ NYY),6000,43786433,0,0,0,18,,,,,,,,,,,,,,,https://dkn.gs/sports/images/mlb/players/50/917293.png,,,,,,,8/8/2026,,,,,,,,,,,,,,,,,,,,,,,,,,
Duncan Davitt,SP,ATL,Showdown Captain Mode,Sat Aug 08 2026 01:00:00 GMT-0500 (Central Daylight Time),Showdown Captain Mode 8/8 3:05PM (ATL @ NYY),4000,43786344,0,0,0,12,,,,,,,,,,,,,,,https://dkn.gs/sports/images/mlb/players/50/917293.png,,,,,,,8/8/2026,,,,,,,,,,,,,,,,,,,,,,,,,,
Kervin Castro,CPT,NYY,Showdown Captain Mode,Sat Aug 08 2026 01:00:00 GMT-0500 (Central Daylight Time),Showdown Captain Mode 8/8 3:05PM (ATL @ NYY),6000,43786434,0,0,0,18,,,,,,,,,,,,,,,https://dkn.gs/sports/images/mlb/players/50/528279.png,,,,,,,8/8/2026,,,,,,,,,,,,,,,,,,,,,,,,,,
Kervin Castro,RP,NYY,Showdown Captain Mode,Sat Aug 08 2026 01:00:00 GMT-0500 (Central Daylight Time),Showdown Captain Mode 8/8 3:05PM (ATL @ NYY),4000,43786345,0,0,0,12,,,,,,,,,,,,,,,https://dkn.gs/sports/images/mlb/players/50/528279.png,,,,,,,8/8/2026,,,,,,,,,,,,,,,,,,,,,,,,,,
Joe Jimenez,CPT,ATL,Showdown Captain Mode,Sat Aug 08 2026 01:00:00 GMT-0500 (Central Daylight Time),Showdown Captain Mode 8/8 3:05PM (ATL @ NYY),6000,43786435,0,0,0,18,,,,,,,,,,,,,,,https://dkn.gs/sports/images/mlb/players/50/31870.png,,,,,,,8/8/2026,,,,,,,,,,,,,,,,,,,,,,,,,,
Joe Jimenez,RP,ATL,Showdown Captain Mode,Sat Aug 08 2026 01:00:00 GMT-0500 (Central Daylight Time),Showdown Captain Mode 8/8 3:05PM (ATL @ NYY),4000,43786346,0,0,0,12,,,,,,,,,,,,,,,https://dkn.gs/sports/images/mlb/players/50/31870.png,,,,,,,8/8/2026,,,,,,,,,,,,,,,,,,,,,,,,,,
Chase Hampton,CPT,NYY,Showdown Captain Mode,Sat Aug 08 2026 01:00:00 GMT-0500 (Central Daylight Time),Showdown Captain Mode 8/8 3:05PM (ATL @ NYY),6000,43786436,0,0,0,18,,,,,,,,,,,,,,,https://dkn.gs/sports/images/mlb/players/50/699394.png,,,,,,,8/8/2026,,,,,,,,,,,,,,,,,,,,,,,,,,
Chase Hampton,SP,NYY,Showdown Captain Mode,Sat Aug 08 2026 01:00:00 GMT-0500 (Central Daylight Time),Showdown Captain Mode 8/8 3:05PM (ATL @ NYY),4000,43786347,0,0,0,12,,,,,,,,,,,,,,,https://dkn.gs/sports/images/mlb/players/50/699394.png,,,,,,,8/8/2026,,,,,,,,,,,,,,,,,,,,,,,,,,
Brewer Hicklen,CPT,ATL,Showdown Captain Mode,Sat Aug 08 2026 01:00:00 GMT-0500 (Central Daylight Time),Showdown Captain Mode 8/8 3:05PM (ATL @ NYY),5400,43786383,0,0,0,16.2,,,,,,,,,,,,,,,https://dkn.gs/sports/images/mlb/players/50/110910.png,,,,,,,8/8/2026,,,,,,,,,,,,,,,,,,,,,,,,,,
Brewer Hicklen,OF,ATL,Showdown Captain Mode,Sat Aug 08 2026 01:00:00 GMT-0500 (Central Daylight Time),Showdown Captain Mode 8/8 3:05PM (ATL @ NYY),3600,43786294,0,0,0,10.8,,,,,,,,,,,,,,,https://dkn.gs/sports/images/mlb/players/50/110910.png,,,,,,,8/8/2026,,,,,,,,,,,,,,,,,,,,,,,,,,
Austin Wells,CPT,NYY,Showdown Captain Mode,Sat Aug 08 2026 01:00:00 GMT-0500 (Central Daylight Time),Showdown Captain Mode 8/8 3:05PM (ATL @ NYY),5100,43786374,0,0,0,15.3,,,,,,,,,,,,,,,https://dkn.gs/sports/images/mlb/players/50/494667.png,,,,,,,8/8/2026,Austin Wells,ATL,1.13,0,12/30/1899,0,0,0,0,0,0,0,,,,,0,0,0,0,No,1.5,7.5,,,
Austin Wells,C,NYY,Showdown Captain Mode,Sat Aug 08 2026 01:00:00 GMT-0500 (Central Daylight Time),Showdown Captain Mode 8/8 3:05PM (ATL @ NYY),3400,43786285,0,0,0,10.2,,,,,,,,,,,,,,,https://dkn.gs/sports/images/mlb/players/50/494667.png,,,,,,,8/8/2026,Austin Wells,ATL,1.13,0,12/30/1899,0,0,0,0,0,0,0,,,,,0,0,0,0,No,1.5,7.5,,,
Ha-Seong Kim,CPT,ATL,Showdown Captain Mode,Sat Aug 08 2026 01:00:00 GMT-0500 (Central Daylight Time),Showdown Captain Mode 8/8 3:05PM (ATL @ NYY),4500,43786375,0,0,0,13.5,,,,,,,,,,,,,,,https://dkn.gs/sports/images/mlb/players/50/112872.png,,,,,,,8/8/2026,,,,,,,,,,,,,,,,,,,,,,,,,,
Ha-Seong Kim,SS,ATL,Showdown Captain Mode,Sat Aug 08 2026 01:00:00 GMT-0500 (Central Daylight Time),Showdown Captain Mode 8/8 3:05PM (ATL @ NYY),3000,43786286,0,0,0,9,,,,,,,,,,,,,,,https://dkn.gs/sports/images/mlb/players/50/112872.png,,,,,,,8/8/2026,,,,,,,,,,,,,,,,,,,,,,,,,,
J.C. Escarra,CPT,NYY,Showdown Captain Mode,Sat Aug 08 2026 01:00:00 GMT-0500 (Central Daylight Time),Showdown Captain Mode 8/8 3:05PM (ATL @ NYY),4500,43786384,0,0,0,13.5,,,,,,,,,,,,,,,https://dkn.gs/sports/images/mlb/players/50/476728.png,,,,,,,8/8/2026,,,,,,,,,,,,,,,,,,,,,,,,,,
J.C. Escarra,C,NYY,Showdown Captain Mode,Sat Aug 08 2026 01:00:00 GMT-0500 (Central Daylight Time),Showdown Captain Mode 8/8 3:05PM (ATL @ NYY),3000,43786295,0,0,0,9,,,,,,,,,,,,,,,https://dkn.gs/sports/images/mlb/players/50/476728.png,,,,,,,8/8/2026,,,,,,,,,,,,,,,,,,,,,,,,,,
Ben Gamel,CPT,ATL,Showdown Captain Mode,Sat Aug 08 2026 01:00:00 GMT-0500 (Central Daylight Time),Showdown Captain Mode 8/8 3:05PM (ATL @ NYY),4500,43786385,0,0,0,13.5,,,,,,,,,,,,,,,https://dkn.gs/sports/images/mlb/players/50/31596.png,,,,,,,8/8/2026,,,,,,,,,,,,,,,,,,,,,,,,,,
Ben Gamel,OF,ATL,Showdown Captain Mode,Sat Aug 08 2026 01:00:00 GMT-0500 (Central Daylight Time),Showdown Captain Mode 8/8 3:05PM (ATL @ NYY),3000,43786296,0,0,0,9,,,,,,,,,,,,,,,https://dkn.gs/sports/images/mlb/players/50/31596.png,,,,,,,8/8/2026,,,,,,,,,,,,,,,,,,,,,,,,,,
DaShawn Keirsey Jr.,CPT,ATL,Showdown Captain Mode,Sat Aug 08 2026 01:00:00 GMT-0500 (Central Daylight Time),Showdown Captain Mode 8/8 3:05PM (ATL @ NYY),4500,43786386,0,0,0,13.5,,,,,,,,,,,,,,,https://dkn.gs/sports/images/mlb/players/50/476529.png,,,,,,,8/8/2026,,,,,,,,,,,,,,,,,,,,,,,,,,
DaShawn Keirsey Jr.,OF,ATL,Showdown Captain Mode,Sat Aug 08 2026 01:00:00 GMT-0500 (Central Daylight Time),Showdown Captain Mode 8/8 3:05PM (ATL @ NYY),3000,43786297,0,0,0,9,,,,,,,,,,,,,,,https://dkn.gs/sports/images/mlb/players/50/476529.png,,,,,,,8/8/2026,,,,,,,,,,,,,,,,,,,,,,,,,,
Oswaldo Cabrera,CPT,NYY,Showdown Captain Mode,Sat Aug 08 2026 01:00:00 GMT-0500 (Central Daylight Time),Showdown Captain Mode 8/8 3:05PM (ATL @ NYY),4500,43786387,0,0,0,13.5,,,,,,,,,,,,,,,https://dkn.gs/sports/images/mlb/players/50/476311.png,,,,,,,8/8/2026,,,,,,,,,,,,,,,,,,,,,,,,,,
Oswaldo Cabrera,3B,NYY,Showdown Captain Mode,Sat Aug 08 2026 01:00:00 GMT-0500 (Central Daylight Time),Showdown Captain Mode 8/8 3:05PM (ATL @ NYY),3000,43786298,0,0,0,9,,,,,,,,,,,,,,,https://dkn.gs/sports/images/mlb/players/50/476311.png,,,,,,,8/8/2026,,,,,,,,,,,,,,,,,,,,,,,,,,
Jurickson Profar,CPT,ATL,Showdown Captain Mode,Sat Aug 08 2026 01:00:00 GMT-0500 (Central Daylight Time),Showdown Captain Mode 8/8 3:05PM (ATL @ NYY),4500,43786388,0,0,0,13.5,,,,,,,,,,,,,,,https://dkn.gs/sports/images/mlb/players/50/32599.png,,,,,,,8/8/2026,,,,,,,,,,,,,,,,,,,,,,,,,,
Jurickson Profar,OF,ATL,Showdown Captain Mode,Sat Aug 08 2026 01:00:00 GMT-0500 (Central Daylight Time),Showdown Captain Mode 8/8 3:05PM (ATL @ NYY),3000,43786299,0,0,0,9,,,,,,,,,,,,,,,https://dkn.gs/sports/images/mlb/players/50/32599.png,,,,,,,8/8/2026,,,,,,,,,,,,,,,,,,,,,,,,,,
Dylan Cease,SP,TOR,Turbo,Sat Aug 08 2026 01:00:00 GMT-0500 (Central Daylight Time),"Turbo 8/8 6:05PM, 3 Games",10600,43784484,0,0,0,31.8,,,,,,,,,,,,,,,https://dkn.gs/sports/images/mlb/players/50/31633.png,,,,,,,8/8/2026,,,,,,,,,,,,,,,,,,,,,,,,,,
Zack Wheeler,SP,PHI,Turbo,Sat Aug 08 2026 01:00:00 GMT-0500 (Central Daylight Time),"Turbo 8/8 6:05PM, 3 Games",10500,43784485,0,0,0,31.5,,,,,,,,,,,,,,,https://dkn.gs/sports/images/mlb/players/50/31704.png,,,,,,,8/8/2026,,,,,,,,,,,,,,,,,,,,,,,,,,
Cristopher Sanchez,RP,PHI,Turbo,Sat Aug 08 2026 01:00:00 GMT-0500 (Central Daylight Time),"Turbo 8/8 6:05PM, 3 Games",10500,43784486,0,0,0,31.5,,,,,,,,,,,,,,,https://dkn.gs/sports/images/mlb/players/50/457325.png,,,,,,,8/8/2026,,,,,,,,,,,,,,,,,,,,,,,,,,
Jesus Luzardo,SP,PHI,Turbo,Sat Aug 08 2026 01:00:00 GMT-0500 (Central Daylight Time),"Turbo 8/8 6:05PM, 3 Games",9900,43784487,0,0,0,29.7,,,,,,,,,,,,,,,https://dkn.gs/sports/images/mlb/players/50/31475.png,,,,,,,8/8/2026,,,,,,,,,,,,,,,,,,,,,,,,,,
Paul Skenes,SP,PIT,Turbo,Sat Aug 08 2026 01:00:00 GMT-0500 (Central Daylight Time),"Turbo 8/8 6:05PM, 3 Games",9800,43784488,0,0,0,29.4,,,,,,,,,,,,,,,https://dkn.gs/sports/images/mlb/players/50/721261.png,,,,,,,8/8/2026,,,,,,,,,,,,,,,,,,,,,,,,,,
Braxton Ashcraft,RP,PIT,Turbo,Sat Aug 08 2026 01:00:00 GMT-0500 (Central Daylight Time),"Turbo 8/8 6:05PM, 3 Games",8800,43784489,0,0,0,26.4,,,,,,,,,,,,,,,https://dkn.gs/sports/images/mlb/players/50/112222.png,,,,,,,8/8/2026,,,,,,,,,,,,,,,,,,,,,,,,,,
Nolan McLean,SP,NYM,Turbo,Sat Aug 08 2026 01:00:00 GMT-0500 (Central Daylight Time),"Turbo 8/8 6:05PM, 3 Games",8700,43784490,0,0,0,26.1,,,,,,,,,,,,,,,https://dkn.gs/sports/images/mlb/players/50/659255.png,,,,,,,8/8/2026,,,,,,,,,,,,,,,,,,,,,,,,,,
Trey Yesavage,SP,TOR,Turbo,Sat Aug 08 2026 01:00:00 GMT-0500 (Central Daylight Time),"Turbo 8/8 6:05PM, 3 Games",8600,43784491,0,0,0,25.8,,,,,,,,,,,,,,,https://dkn.gs/sports/images/mlb/players/50/806152.png,,,,,,,8/8/2026,,,,,,,,,,,,,,,,,,,,,,,,,,
Hunter Greene,SP,CIN,Turbo,Sat Aug 08 2026 01:00:00 GMT-0500 (Central Daylight Time),"Turbo 8/8 6:05PM, 3 Games",8400,43784492,0,0,0,25.2,,,,,,,,,,,,,,,https://dkn.gs/sports/images/mlb/players/50/111765.png,,,,,,,8/8/2026,,,,,,,,,,,,,,,,,,,,,,,,,,
Connelly Early,SP,WSH,Turbo,Sat Aug 08 2026 01:00:00 GMT-0500 (Central Daylight Time),"Turbo 8/8 6:05PM, 3 Games",8300,43784493,0,0,0,24.9,,,,,,,,,,,,,,,https://dkn.gs/sports/images/mlb/players/50/808726.png,,,,,,,8/8/2026,,,,,,,,,,,,,,,,,,,,,,,,,,
Cody Ponce,SP,TOR,Turbo,Sat Aug 08 2026 01:00:00 GMT-0500 (Central Daylight Time),"Turbo 8/8 6:05PM, 3 Games",8000,43784494,0,0,0,24,,,,,,,,,,,,,,,https://dkn.gs/sports/images/mlb/players/50/110961.png,,,,,,,8/8/2026,,,,,,,,,,,,,,,,,,,,,,,,,,
Tylor Megill,SP,NYM,Turbo,Sat Aug 08 2026 01:00:00 GMT-0500 (Central Daylight Time),"Turbo 8/8 6:05PM, 3 Games",7800,43784495,0,0,0,23.4,,,,,,,,,,,,,,,https://dkn.gs/sports/images/mlb/players/50/557441.png,,,,,,,8/8/2026,,,,,,,,,,,,,,,,,,,,,,,,,,
Jackson Rutledge,SP,PHI,Turbo,Sat Aug 08 2026 01:00:00 GMT-0500 (Central Daylight Time),"Turbo 8/8 6:05PM, 3 Games",7700,43784496,0,0,0,23.1,,,,,,,,,,,,,,,https://dkn.gs/sports/images/mlb/players/50/459941.png,,,,,,,8/8/2026,,,,,,,,,,,,,,,,,,,,,,,,,,
Jose Soriano,SP,TOR,Turbo,Sat Aug 08 2026 01:00:00 GMT-0500 (Central Daylight Time),"Turbo 8/8 6:05PM, 3 Games",7700,43784497,0,0,0,23.1,,,,,,,,,,,,,,,https://dkn.gs/sports/images/mlb/players/50/110592.png,,,,,,,8/8/2026,,,,,,,,,,,,,,,,,,,,,,,,,,
Spencer Arrighetti,SP,TOR,Turbo,Sat Aug 08 2026 01:00:00 GMT-0500 (Central Daylight Time),"Turbo 8/8 6:05PM, 3 Games",7700,43784498,0,0,0,23.1,,,,,,,,,,,,,,,https://dkn.gs/sports/images/mlb/players/50/605548.png,,,,,,,8/8/2026,,,,,,,,,,,,,,,,,,,,,,,,,,
Shane Bieber,SP,TOR,Turbo,Sat Aug 08 2026 01:00:00 GMT-0500 (Central Daylight Time),"Turbo 8/8 6:05PM, 3 Games",7700,43784499,0,0,0,23.1,,,,,,,,,,,,,,,https://dkn.gs/sports/images/mlb/players/50/31781.png,,,,,,,8/8/2026,,,,,,,,,,,,,,,,,,,,,,,,,,
Andrew Abbott,SP,CIN,Turbo,Sat Aug 08 2026 01:00:00 GMT-0500 (Central Daylight Time),"Turbo 8/8 6:05PM, 3 Games",7300,43784500,0,0,0,21.9,,,,,,,,,,,,,,,https://dkn.gs/sports/images/mlb/players/50/581979.png,,,,,,,8/8/2026,,,,,,,,,,,,,,,,,,,,,,,,,,
Jared Jones,SP,PIT,Turbo,Sat Aug 08 2026 01:00:00 GMT-0500 (Central Daylight Time),"Turbo 8/8 6:05PM, 3 Games",7100,43784501,0,0,0,21.3,,,,,,,,,,,,,,,https://dkn.gs/sports/images/mlb/players/50/495669.png,,,,,,,8/8/2026,,,,,,,,,,,,,,,,,,,,,,,,,,
Christian Scott,SP,NYM,Turbo,Sat Aug 08 2026 01:00:00 GMT-0500 (Central Daylight Time),"Turbo 8/8 6:05PM, 3 Games",6900,43784502,0,0,0,20.7,,,,,,,,,,,,,,,https://dkn.gs/sports/images/mlb/players/50/582233.png,,,,,,,8/8/2026,,,,,,,,,,,,,,,,,,,,,,,,,,
Cade Cavalli,SP,WSH,Turbo,Sat Aug 08 2026 01:00:00 GMT-0500 (Central Daylight Time),"Turbo 8/8 6:05PM, 3 Games",6900,43784503,0,0,0,20.7,,,,,,,,,,,,,,,https://dkn.gs/sports/images/mlb/players/50/494666.png,,,,,,,8/8/2026,,,,,,,,,,,,,,,,,,,,,,,,,,
Brian Keller,RP,PHI,Turbo,Sat Aug 08 2026 01:00:00 GMT-0500 (Central Daylight Time),"Turbo 8/8 6:05PM, 3 Games",6800,43784504,0,0,0,20.4,,,,,,,,,,,,,,,https://dkn.gs/sports/images/mlb/teams/50/29857.png,,,,,,,8/8/2026,,,,,,,,,,,,,,,,,,,,,,,,,,
Lenny Torres,SP,PHI,Turbo,Sat Aug 08 2026 01:00:00 GMT-0500 (Central Daylight Time),"Turbo 8/8 6:05PM, 3 Games",6800,43784505,0,0,0,20.4,,,,,,,,,,,,,,,https://dkn.gs/sports/images/mlb/players/50/110772.png,,,,,,,8/8/2026,,,,,,,,,,,,,,,,,,,,,,,,,,
Moises Chace,RP,PHI,Turbo,Sat Aug 08 2026 01:00:00 GMT-0500 (Central Daylight Time),"Turbo 8/8 6:05PM, 3 Games",6800,43784506,0,0,0,20.4,,,,,,,,,,,,,,,https://dkn.gs/sports/images/mlb/players/50/787047.png,,,,,,,8/8/2026,,,,,,,,,,,,,,,,,,,,,,,,,,
Alex McFarlane,SP,PHI,Turbo,Sat Aug 08 2026 01:00:00 GMT-0500 (Central Daylight Time),"Turbo 8/8 6:05PM, 3 Games",6800,43784507,0,0,0,20.4,,,,,,,,,,,,,,,https://dkn.gs/sports/images/mlb/players/50/656367.png,,,,,,,8/8/2026,,,,,,,,,,,,,,,,,,,,,,,,,,
Caleb Kilian,RP,PHI,Turbo,Sat Aug 08 2026 01:00:00 GMT-0500 (Central Daylight Time),"Turbo 8/8 6:05PM, 3 Games",6800,43784508,0,0,0,20.4,,,,,,,,,,,,,,,https://dkn.gs/sports/images/mlb/players/50/591179.png,,,,,,,8/8/2026,,,,,,,,,,,,,,,,,,,,,,,,,,
Jake Irvin,SP,WSH,Turbo,Sat Aug 08 2026 01:00:00 GMT-0500 (Central Daylight Time),"Turbo 8/8 6:05PM, 3 Games",6800,43784509,0,0,0,20.4,,,,,,,,,,,,,,,https://dkn.gs/sports/images/mlb/players/50/111985.png,,,,,,,8/8/2026,,,,,,,,,,,,,,,,,,,,,,,,,,
Jose Berrios,SP,TOR,Turbo,Sat Aug 08 2026 01:00:00 GMT-0500 (Central Daylight Time),"Turbo 8/8 6:05PM, 3 Games",6800,43784510,0,0,0,20.4,,,,,,,,,,,,,,,https://dkn.gs/sports/images/mlb/players/50/32335.png,,,,,,,8/8/2026,,,,,,,,,,,,,,,,,,,,,,,,,,
Patrick Corbin,SP,TOR,Turbo,Sat Aug 08 2026 01:00:00 GMT-0500 (Central Daylight Time),"Turbo 8/8 6:05PM, 3 Games",6800,43784511,0,0,0,20.4,,,,,,,,,,,,,,,https://dkn.gs/sports/images/mlb/players/50/32801.png,,,,,,,8/8/2026,,,,,,,,,,,,,,,,,,,,,,,,,,
Zac Thornton,SP,NYM,Turbo,Sat Aug 08 2026 01:00:00 GMT-0500 (Central Daylight Time),"Turbo 8/8 6:05PM, 3 Games",6800,43784512,0,0,0,20.4,,,,,,,,,,,,,,,https://dkn.gs/sports/images/mlb/teams/50/29840.png,,,,,,,8/8/2026,,,,,,,,,,,,,,,,,,,,,,,,,,
Jameson Taillon,SP,TOR,Turbo,Sat Aug 08 2026 01:00:00 GMT-0500 (Central Daylight Time),"Turbo 8/8 6:05PM, 3 Games",6800,43784513,0,0,0,20.4,,,,,,,,,,,,,,,https://dkn.gs/sports/images/mlb/players/50/32145.png,,,,,,,8/8/2026,,,,,,,,,,,,,,,,,,,,,,,,,,
Justin Hagenman,RP,NYM,Turbo,Sat Aug 08 2026 01:00:00 GMT-0500 (Central Daylight Time),"Turbo 8/8 6:05PM, 3 Games",6800,43784514,0,0,0,20.4,,,,,,,,,,,,,,,https://dkn.gs/sports/images/mlb/players/50/635372.png,,,,,,,8/8/2026,,,,,,,,,,,,,,,,,,,,,,,,,,
Chayce McDermott,RP,NYM,Turbo,Sat Aug 08 2026 01:00:00 GMT-0500 (Central Daylight Time),"Turbo 8/8 6:05PM, 3 Games",6800,43784515,0,0,0,20.4,,,,,,,,,,,,,,,https://dkn.gs/sports/images/mlb/players/50/586339.png,,,,,,,8/8/2026,,,,,,,,,,,,,,,,,,,,,,,,,,
Tobias Myers,SP,NYM,Turbo,Sat Aug 08 2026 01:00:00 GMT-0500 (Central Daylight Time),"Turbo 8/8 6:05PM, 3 Games",6800,43784516,0,0,0,20.4,,,,,,,,,,,,,,,https://dkn.gs/sports/images/mlb/players/50/112745.png,,,,,,,8/8/2026,,,,,,,,,,,,,,,,,,,,,,,,,,
Xzavion Curry,RP,NYM,Turbo,Sat Aug 08 2026 01:00:00 GMT-0500 (Central Daylight Time),"Turbo 8/8 6:05PM, 3 Games",6800,43784517,0,0,0,20.4,,,,,,,,,,,,,,,https://dkn.gs/sports/images/mlb/players/50/587679.png,,,,,,,8/8/2026,,,,,,,,,,,,,,,,,,,,,,,,,,
Sean Manaea,SP,NYM,Turbo,Sat Aug 08 2026 01:00:00 GMT-0500 (Central Daylight Time),"Turbo 8/8 6:05PM, 3 Games",6800,43784518,0,0,0,20.4,,,,,,,,,,,,,,,https://dkn.gs/sports/images/mlb/players/50/32622.png,,,,,,,8/8/2026,,,,,,,,,,,,,,,,,,,,,,,,,,
Andrew Painter,SP,PHI,Turbo,Sat Aug 08 2026 01:00:00 GMT-0500 (Central Daylight Time),"Turbo 8/8 6:05PM, 3 Games",6800,43784519,0,0,0,20.4,,,,,,,,,,,,,,,https://dkn.gs/sports/images/mlb/players/50/587690.png,,,,,,,8/8/2026,,,,,,,,,,,,,,,,,,,,,,,,,,
Alan Rangel,RP,PHI,Turbo,Sat Aug 08 2026 01:00:00 GMT-0500 (Central Daylight Time),"Turbo 8/8 6:05PM, 3 Games",6800,43784520,0,0,0,20.4,,,,,,,,,,,,,,,https://dkn.gs/sports/images/mlb/players/50/610948.png,,,,,,,8/8/2026,,,,,,,,,,,,,,,,,,,,,,,,,,
Brad Keller,RP,PHI,Turbo,Sat Aug 08 2026 01:00:00 GMT-0500 (Central Daylight Time),"Turbo 8/8 6:05PM, 3 Games",6800,43784521,0,0,0,20.4,,,,,,,,,,,,,,,https://dkn.gs/sports/images/mlb/players/50/32099.png,,,,,,,8/8/2026,,,,,,,,,,,,,,,,,,,,,,,,,,
Brady Singer,SP,CIN,Turbo,Sat Aug 08 2026 01:00:00 GMT-0500 (Central Daylight Time),"Turbo 8/8 6:05PM, 3 Games",6500,43784522,0,0,0,19.5,,,,,,,,,,,,,,,https://dkn.gs/sports/images/mlb/players/50/110897.png,,,,,,,8/8/2026,,,,,,,,,,,,,,,,,,,,,,,,,,
Nick Lodolo,SP,CIN,Turbo,Sat Aug 08 2026 01:00:00 GMT-0500 (Central Daylight Time),"Turbo 8/8 6:05PM, 3 Games",6500,43784523,0,0,0,19.5,,,,,,,,,,,,,,,https://dkn.gs/sports/images/mlb/players/50/459763.png,,,,,,,8/8/2026,,,,,,,,,,,,,,,,,,,,,,,,,,
Rhett Lowder,SP,CIN,Turbo,Sat Aug 08 2026 01:00:00 GMT-0500 (Central Daylight Time),"Turbo 8/8 6:05PM, 3 Games",6400,43784524,0,0,0,19.2,,,,,,,,,,,,,,,https://dkn.gs/sports/images/mlb/players/50/721201.png,,,,,,,8/8/2026,,,,,,,,,,,,,,,,,,,,,,,,,,
James Wood,OF,WSH,Turbo,Sat Aug 08 2026 01:00:00 GMT-0500 (Central Daylight Time),"Turbo 8/8 6:05PM, 3 Games",6200,43784427,0,0,0,18.6,,,,,,,,,,,,,,,https://dkn.gs/sports/images/mlb/players/50/582173.png,,,,,,,8/8/2026,,,,,,,,,,,,,,,,,,,,,,,,,,
Antwone Kelly,RP,PIT,Turbo,Sat Aug 08 2026 01:00:00 GMT-0500 (Central Daylight Time),"Turbo 8/8 6:05PM, 3 Games",6100,43784525,0,0,0,18.3,,,,,,,,,,,,,,,https://dkn.gs/sports/images/mlb/players/50/699200.png,,,,,,,8/8/2026,,,,,,,,,,,,,,,,,,,,,,,,,,
Wilber Dotel,RP,PIT,Turbo,Sat Aug 08 2026 01:00:00 GMT-0500 (Central Daylight Time),"Turbo 8/8 6:05PM, 3 Games",6100,43784526,0,0,0,18.3,,,,,,,,,,,,,,,https://dkn.gs/sports/images/mlb/players/50/898203.png,,,,,,,8/8/2026,,,,,,,,,,,,,,,,,,,,,,,,,,
Thomas Harrington,RP,PIT,Turbo,Sat Aug 08 2026 01:00:00 GMT-0500 (Central Daylight Time),"Turbo 8/8 6:05PM, 3 Games",6100,43784527,0,0,0,18.3,,,,,,,,,,,,,,,https://dkn.gs/sports/images/mlb/players/50/658814.png,,,,,,,8/8/2026,,,,,,,,,,,,,,,,,,,,,,,,,,
Mitch Keller,SP,PIT,Turbo,Sat Aug 08 2026 01:00:00 GMT-0500 (Central Daylight Time),"Turbo 8/8 6:05PM, 3 Games",6100,43784528,0,0,0,18.3,,,,,,,,,,,,,,,https://dkn.gs/sports/images/mlb/players/50/32225.png,,,,,,,8/8/2026,,,,,,,,,,,,,,,,,,,,,,,,,,
Lake Bachar,RP,PIT,Turbo,Sat Aug 08 2026 01:00:00 GMT-0500 (Central Daylight Time),"Turbo 8/8 6:05PM, 3 Games",6100,43784529,0,0,0,18.3,,,,,,,,,,,,,,,https://dkn.gs/sports/images/mlb/players/50/477435.png,,,,,,,8/8/2026,,,,,,,,,,,,,,,,,,,,,,,,,,
Hunter Barco,RP,PIT,Turbo,Sat Aug 08 2026 01:00:00 GMT-0500 (Central Daylight Time),"Turbo 8/8 6:05PM, 3 Games",6100,43784530,0,0,0,18.3,,,,,,,,,,,,,,,https://dkn.gs/sports/images/mlb/players/50/656141.png,,,,,,,8/8/2026,,,,,,,,,,,,,,,,,,,,,,,,,,
Carmen Mlodzinski,RP,PIT,Turbo,Sat Aug 08 2026 01:00:00 GMT-0500 (Central Daylight Time),"Turbo 8/8 6:05PM, 3 Games",6100,43784531,0,0,0,18.3,,,,,,,,,,,,,,,https://dkn.gs/sports/images/mlb/players/50/494697.png,,,,,,,8/8/2026,,,,,,,,,,,,,,,,,,,,,,,,,,
Matt Waldron,SP,TOR,Turbo,Sat Aug 08 2026 01:00:00 GMT-0500 (Central Daylight Time),"Turbo 8/8 6:05PM, 3 Games",5900,43784532,0,0,0,17.7,,,,,,,,,,,,,,,https://dkn.gs/sports/images/mlb/players/50/698679.png,,,,,,,8/8/2026,,,,,,,,,,,,,,,,,,,,,,,,,,
Mason Fluharty,RP,TOR,Turbo,Sat Aug 08 2026 01:00:00 GMT-0500 (Central Daylight Time),"Turbo 8/8 6:05PM, 3 Games",5900,43784533,0,0,0,17.7,,,,,,,,,,,,,,,https://dkn.gs/sports/images/mlb/players/50/779428.png,,,,,,,8/8/2026,,,,,,,,,,,,,,,,,,,,,,,,,,
Spencer Miles,RP,TOR,Turbo,Sat Aug 08 2026 01:00:00 GMT-0500 (Central Daylight Time),"Turbo 8/8 6:05PM, 3 Games",5900,43784534,0,0,0,17.7,,,,,,,,,,,,,,,https://dkn.gs/sports/images/mlb/players/50/703818.png,,,,,,,8/8/2026,,,,,,,,,,,,,,,,,,,,,,,,,,
Bowden Francis,RP,TOR,Turbo,Sat Aug 08 2026 01:00:00 GMT-0500 (Central Daylight Time),"Turbo 8/8 6:05PM, 3 Games",5900,43784535,0,0,0,17.7,,,,,,,,,,,,,,,https://dkn.gs/sports/images/mlb/players/50/513675.png,,,,,,,8/8/2026,,,,,,,,,,,,,,,,,,,,,,,,,,
Juan Soto,OF,NYM,Turbo,Sat Aug 08 2026 01:00:00 GMT-0500 (Central Daylight Time),"Turbo 8/8 6:05PM, 3 Games",5600,43784428,0,0,0,16.8,,,,,,,,,,,,,,,https://dkn.gs/sports/images/mlb/players/50/32822.png,,,,,,,8/8/2026,,,,,,,,,,,,,,,,,,,,,,,,,,
Brandon Williamson,SP,CIN,Turbo,Sat Aug 08 2026 01:00:00 GMT-0500 (Central Daylight Time),"Turbo 8/8 6:05PM, 3 Games",5600,43784536,0,0,0,16.8,,,,,,,,,,,,,,,https://dkn.gs/sports/images/mlb/players/50/459889.png,,,,,,,8/8/2026,,,,,,,,,,,,,,,,,,,,,,,,,,
DJ Herz,SP,WSH,Turbo,Sat Aug 08 2026 01:00:00 GMT-0500 (Central Daylight Time),"Turbo 8/8 6:05PM, 3 Games",5600,43784537,0,0,0,16.8,,,,,,,,,,,,,,,https://dkn.gs/sports/images/mlb/players/50/593961.png,,,,,,,8/8/2026,,,,,,,,,,,,,,,,,,,,,,,,,,
Luis Perales,SP,WSH,Turbo,Sat Aug 08 2026 01:00:00 GMT-0500 (Central Daylight Time),"Turbo 8/8 6:05PM, 3 Games",5600,43784538,0,0,0,16.8,,,,,,,,,,,,,,,https://dkn.gs/sports/images/mlb/players/50/678685.png,,,,,,,8/8/2026,,,,,,,,,,,,,,,,,,,,,,,,,,
Josiah Gray,SP,WSH,Turbo,Sat Aug 08 2026 01:00:00 GMT-0500 (Central Daylight Time),"Turbo 8/8 6:05PM, 3 Games",5600,43784539,0,0,0,16.8,,,,,,,,,,,,,,,https://dkn.gs/sports/images/mlb/players/50/111903.png,,,,,,,8/8/2026,,,,,,,,,,,,,,,,,,,,,,,,,,
Max Kranick,RP,WSH,Turbo,Sat Aug 08 2026 01:00:00 GMT-0500 (Central Daylight Time),"Turbo 8/8 6:05PM, 3 Games",5600,43784540,0,0,0,16.8,,,,,,,,,,,,,,,https://dkn.gs/sports/images/mlb/players/50/499219.png,,,,,,,8/8/2026,,,,,,,,,,,,,,,,,,,,,,,,,,
Mitchell Parker,SP,WSH,Turbo,Sat Aug 08 2026 01:00:00 GMT-0500 (Central Daylight Time),"Turbo 8/8 6:05PM, 3 Games",5600,43784541,0,0,0,16.8,,,,,,,,,,,,,,,https://dkn.gs/sports/images/mlb/players/50/542124.png,,,,,,,8/8/2026,,,,,,,,,,,,,,,,,,,,,,,,,,
Brad Lord,RP,WSH,Turbo,Sat Aug 08 2026 01:00:00 GMT-0500 (Central Daylight Time),"Turbo 8/8 6:05PM, 3 Games",5600,43784542,0,0,0,16.8,,,,,,,,,,,,,,,https://dkn.gs/sports/images/mlb/players/50/797137.png,,,,,,,8/8/2026,,,,,,,,,,,,,,,,,,,,,,,,,,
Miles Mikolas,SP,WSH,Turbo,Sat Aug 08 2026 01:00:00 GMT-0500 (Central Daylight Time),"Turbo 8/8 6:05PM, 3 Games",5600,43784543,0,0,0,16.8,,,,,,,,,,,,,,,https://dkn.gs/sports/images/mlb/players/50/32338.png,,,,,,,8/8/2026,,,,,,,,,,,,,,,,,,,,,,,,,,
Trevor Williams,SP,WSH,Turbo,Sat Aug 08 2026 01:00:00 GMT-0500 (Central Daylight Time),"Turbo 8/8 6:05PM, 3 Games",5600,43784544,0,0,0,16.8,,,,,,,,,,,,,,,https://dkn.gs/sports/images/mlb/players/50/32196.png,,,,,,,8/8/2026,,,,,,,,,,,,,,,,,,,,,,,,,,
Chase Petty,SP,CIN,Turbo,Sat Aug 08 2026 01:00:00 GMT-0500 (Central Daylight Time),"Turbo 8/8 6:05PM, 3 Games",5600,43784545,0,0,0,16.8,,,,,,,,,,,,,,,https://dkn.gs/sports/images/mlb/players/50/587687.png,,,,,,,8/8/2026,,,,,,,,,,,,,,,,,,,,,,,,,,
Connor Phillips,SP,CIN,Turbo,Sat Aug 08 2026 01:00:00 GMT-0500 (Central Daylight Time),"Turbo 8/8 6:05PM, 3 Games",5600,43784546,0,0,0,16.8,,,,,,,,,,,,,,,https://dkn.gs/sports/images/mlb/players/50/494714.png,,,,,,,8/8/2026,,,,,,,,,,,,,,,,,,,,,,,,,,
Jose Franco,RP,CIN,Turbo,Sat Aug 08 2026 01:00:00 GMT-0500 (Central Daylight Time),"Turbo 8/8 6:05PM, 3 Games",5500,43784547,0,0,0,16.5,,,,,,,,,,,,,,,https://dkn.gs/sports/images/mlb/players/50/943296.png,,,,,,,8/8/2026,,,,,,,,,,,,,,,,,,,,,,,,,,
Carson Palmquist,RP,WSH,Turbo,Sat Aug 08 2026 01:00:00 GMT-0500 (Central Daylight Time),"Turbo 8/8 6:05PM, 3 Games",5500,43784548,0,0,0,16.5,,,,,,,,,,,,,,,https://dkn.gs/sports/images/mlb/players/50/779150.png,,,,,,,8/8/2026,,,,,,,,,,,,,,,,,,,,,,,,,,
Kodai Senga,SP,NYM,Turbo,Sat Aug 08 2026 01:00:00 GMT-0500 (Central Daylight Time),"Turbo 8/8 6:05PM, 3 Games",5400,43784549,0,0,0,16.2,,,,,,,,,,,,,,,https://dkn.gs/sports/images/mlb/players/50/112828.png,,,,,,,8/8/2026,,,,,,,,,,,,,,,,,,,,,,,,,,
Jonah Tong,SP,NYM,Turbo,Sat Aug 08 2026 01:00:00 GMT-0500 (Central Daylight Time),"Turbo 8/8 6:05PM, 3 Games",5400,43784550,0,0,0,16.2,,,,,,,,,,,,,,,https://dkn.gs/sports/images/mlb/players/50/787892.png,,,,,,,8/8/2026,,,,,,,,,,,,,,,,,,,,,,,,,,
Oneil Cruz,OF,PIT,Turbo,Sat Aug 08 2026 01:00:00 GMT-0500 (Central Daylight Time),"Turbo 8/8 6:05PM, 3 Games",5200,43784429,0,0,0,15.6,,,,,,,,,,,,,,,https://dkn.gs/sports/images/mlb/players/50/112214.png,,,,,,,8/8/2026,,,,,,,,,,,,,,,,,,,,,,,,,,
Ryan O'Hearn,1B,PIT,Turbo,Sat Aug 08 2026 01:00:00 GMT-0500 (Central Daylight Time),"Turbo 8/8 6:05PM, 3 Games",4500,43784430,0,0,0,13.5,,,,,,,,,,,,,,,https://dkn.gs/sports/images/mlb/players/50/32101.png,,,,,,,8/8/2026,,,,,,,,,,,,,,,,,,,,,,,,,,
Addison Barger,3B/OF,TOR,Turbo,Sat Aug 08 2026 01:00:00 GMT-0500 (Central Daylight Time),"Turbo 8/8 6:05PM, 3 Games",4100,43784431,0,0,0,12.3,,,,,,,,,,,,,,,https://dkn.gs/sports/images/mlb/players/50/636333.png,,,,,,,8/8/2026,,,,,,,,,,,,,,,,,,,,,,,,,,
Dylan Ross,RP,NYM,Turbo,Sat Aug 08 2026 01:00:00 GMT-0500 (Central Daylight Time),"Turbo 8/8 6:05PM, 3 Games",4000,43784551,0,0,0,12,,,,,,,,,,,,,,,https://dkn.gs/sports/images/mlb/players/50/909568.png,,,,,,,8/8/2026,,,,,,,,,,,,,,,,,,,,,,,,,,
Ricky Tiedemann,SP,TOR,Turbo,Sat Aug 08 2026 01:00:00 GMT-0500 (Central Daylight Time),"Turbo 8/8 6:05PM, 3 Games",4000,43784552,0,0,0,12,,,,,,,,,,,,,,,https://dkn.gs/sports/images/mlb/players/50/582190.png,,,,,,,8/8/2026,,,,,,,,,,,,,,,,,,,,,,,,,,
Khristian Curtis,RP,PIT,Turbo,Sat Aug 08 2026 01:00:00 GMT-0500 (Central Daylight Time),"Turbo 8/8 6:05PM, 3 Games",4000,43784553,0,0,0,12,,,,,,,,,,,,,,,https://dkn.gs/sports/images/mlb/teams/50/29924.png,,,,,,,8/8/2026,,,,,,,,,,,,,,,,,,,,,,,,,,
Jake Bloss,SP,TOR,Turbo,Sat Aug 08 2026 01:00:00 GMT-0500 (Central Daylight Time),"Turbo 8/8 6:05PM, 3 Games",4000,43784554,0,0,0,12,,,,,,,,,,,,,,,https://dkn.gs/sports/images/mlb/players/50/730835.png,,,,,,,8/8/2026,,,,,,,,,,,,,,,,,,,,,,,,,,
Julian Aguiar,SP,CIN,Turbo,Sat Aug 08 2026 01:00:00 GMT-0500 (Central Daylight Time),"Turbo 8/8 6:05PM, 3 Games",4000,43784555,0,0,0,12,,,,,,,,,,,,,,,https://dkn.gs/sports/images/mlb/players/50/721203.png,,,,,,,8/8/2026,,,,,,,,,,,,,,,,,,,,,,,,,,
Tony Santillan,SP,CIN,Turbo,Sat Aug 08 2026 01:00:00 GMT-0500 (Central Daylight Time),"Turbo 8/8 6:05PM, 3 Games",4000,43784556,0,0,0,12,,,,,,,,,,,,,,,https://dkn.gs/sports/images/mlb/players/50/111757.png,,,,,,,8/8/2026,,,,,,,,,,,,,,,,,,,,,,,,,,
Jhoan Duran,RP,PHI,Turbo,Sat Aug 08 2026 01:00:00 GMT-0500 (Central Daylight Time),"Turbo 8/8 6:05PM, 3 Games",4000,43784557,0,0,0,12,,,,,,,,,,,,,,,https://dkn.gs/sports/images/mlb/players/50/111034.png,,,,,,,8/8/2026,,,,,,,,,,,,,,,,,,,,,,,,,,
Yovanny Cruz,RP,WSH,Turbo,Sat Aug 08 2026 01:00:00 GMT-0500 (Central Daylight Time),"Turbo 8/8 6:05PM, 3 Games",4000,43784558,0,0,0,12,,,,,,,,,,,,,,,https://dkn.gs/sports/images/mlb/teams/50/29836.png,,,,,,,8/8/2026,,,,,,,,,,,,,,,,,,,,,,,,,,
Will Dion,RP,WSH,Turbo,Sat Aug 08 2026 01:00:00 GMT-0500 (Central Daylight Time),"Turbo 8/8 6:05PM, 3 Games",4000,43784559,0,0,0,12,,,,,,,,,,,,,,,https://dkn.gs/sports/images/mlb/teams/50/29836.png,,,,,,,8/8/2026,,,,,,,,,,,,,,,,,,,,,,,,,,
Jake Bird,RP,WSH,Turbo,Sat Aug 08 2026 01:00:00 GMT-0500 (Central Daylight Time),"Turbo 8/8 6:05PM, 3 Games",4000,43784560,0,0,0,12,,,,,,,,,,,,,,,https://dkn.gs/sports/images/mlb/players/50/634919.png,,,,,,,8/8/2026,,,,,,,,,,,,,,,,,,,,,,,,,,
John Klein,RP,TOR,Turbo,Sat Aug 08 2026 01:00:00 GMT-0500 (Central Daylight Time),"Turbo 8/8 6:05PM, 3 Games",4000,43784561,0,0,0,12,,,,,,,,,,,,,,,https://dkn.gs/sports/images/mlb/players/50/914538.png,,,,,,,8/8/2026,,,,,,,,,,,,,,,,,,,,,,,,,,
Orion Kerkering,RP,PHI,Turbo,Sat Aug 08 2026 01:00:00 GMT-0500 (Central Daylight Time),"Turbo 8/8 6:05PM, 3 Games",4000,43784562,0,0,0,12,,,,,,,,,,,,,,,https://dkn.gs/sports/images/mlb/players/50/694390.png,,,,,,,8/8/2026,,,,,,,,,,,,,,,,,,,,,,,,,,
CJ Van Eyk,RP,TOR,Turbo,Sat Aug 08 2026 01:00:00 GMT-0500 (Central Daylight Time),"Turbo 8/8 6:05PM, 3 Games",4000,43784563,0,0,0,12,,,,,,,,,,,,,,,https://dkn.gs/sports/images/mlb/teams/50/29868.png,,,,,,,8/8/2026,,,,,,,,,,,,,,,,,,,,,,,,,,
Chase Solesky,RP,CIN,Turbo,Sat Aug 08 2026 01:00:00 GMT-0500 (Central Daylight Time),"Turbo 8/8 6:05PM, 3 Games",4000,43784564,0,0,0,12,,,,,,,,,,,,,,,https://dkn.gs/sports/images/mlb/teams/50/29919.png,,,,,,,8/8/2026,,,,,,,,,,,,,,,,,,,,,,,,,,
Graham Ashcraft,RP,CIN,Turbo,Sat Aug 08 2026 01:00:00 GMT-0500 (Central Daylight Time),"Turbo 8/8 6:05PM, 3 Games",4000,43784565,0,0,0,12,,,,,,,,,,,,,,,https://dkn.gs/sports/images/mlb/players/50/553241.png,,,,,,,8/8/2026,,,,,,,,,,,,,,,,,,,,,,,,,,
Chase Shugart,RP,PHI,Turbo,Sat Aug 08 2026 01:00:00 GMT-0500 (Central Daylight Time),"Turbo 8/8 6:05PM, 3 Games",4000,43784566,0,0,0,12,,,,,,,,,,,,,,,https://dkn.gs/sports/images/mlb/players/50/699356.png,,,,,,,8/8/2026,,,,,,,,,,,,,,,,,,,,,,,,,,
Austin Warren,RP,NYM,Turbo,Sat Aug 08 2026 01:00:00 GMT-0500 (Central Daylight Time),"Turbo 8/8 6:05PM, 3 Games",4000,43784567,0,0,0,12,,,,,,,,,,,,,,,https://dkn.gs/sports/images/mlb/players/50/590699.png,,,,,,,8/8/2026,,,,,,,,,,,,,,,,,,,,,,,,,,
Gregory Soto,RP,PIT,Turbo,Sat Aug 08 2026 01:00:00 GMT-0500 (Central Daylight Time),"Turbo 8/8 6:05PM, 3 Games",4000,43784568,0,0,0,12,,,,,,,,,,,,,,,https://dkn.gs/sports/images/mlb/players/50/31891.png,,,,,,,8/8/2026,,,,,,,,,,,,,,,,,,,,,,,,,,
Emilio Pagan,RP,CIN,Turbo,Sat Aug 08 2026 01:00:00 GMT-0500 (Central Daylight Time),"Turbo 8/8 6:05PM, 3 Games",4000,43784569,0,0,0,12,,,,,,,,,,,,,,,https://dkn.gs/sports/images/mlb/players/50/31716.png,,,,,,,8/8/2026,,,,,,,,,,,,,,,,,,,,,,,,,,
PJ Poulin,RP,WSH,Turbo,Sat Aug 08 2026 01:00:00 GMT-0500 (Central Daylight Time),"Turbo 8/8 6:05PM, 3 Games",4000,43784570,0,0,0,12,,,,,,,,,,,,,,,https://dkn.gs/sports/images/mlb/players/50/635370.png,,,,,,,8/8/2026,,,,,,,,,,,,,,,,,,,,,,,,,,
Nate Lavender,RP,NYM,Turbo,Sat Aug 08 2026 01:00:00 GMT-0500 (Central Daylight Time),"Turbo 8/8 6:05PM, 3 Games",4000,43784571,0,0,0,12,,,,,,,,,,,,,,,https://dkn.gs/sports/images/mlb/teams/50/29840.png,,,,,,,8/8/2026,,,,,,,,,,,,,,,,,,,,,,,,,,
Tejay Antone,RP,CIN,Turbo,Sat Aug 08 2026 01:00:00 GMT-0500 (Central Daylight Time),"Turbo 8/8 6:05PM, 3 Games",4000,43784572,0,0,0,12,,,,,,,,,,,,,,,https://dkn.gs/sports/images/mlb/players/50/457033.png,,,,,,,8/8/2026,,,,,,,,,,,,,,,,,,,,,,,,,,
Pierce Johnson,RP,CIN,Turbo,Sat Aug 08 2026 01:00:00 GMT-0500 (Central Daylight Time),"Turbo 8/8 6:05PM, 3 Games",4000,43784573,0,0,0,12,,,,,,,,,,,,,,,https://dkn.gs/sports/images/mlb/players/50/112415.png,,,,,,,8/8/2026,,,,,,,,,,,,,,,,,,,,,,,,,,
Brock Burke,RP,CIN,Turbo,Sat Aug 08 2026 01:00:00 GMT-0500 (Central Daylight Time),"Turbo 8/8 6:05PM, 3 Games",4000,43784574,0,0,0,12,,,,,,,,,,,,,,,https://dkn.gs/sports/images/mlb/players/50/31875.png,,,,,,,8/8/2026,,,,,,,,,,,,,,,,,,,,,,,,,,
Tim Mayza,RP,PHI,Turbo,Sat Aug 08 2026 01:00:00 GMT-0500 (Central Daylight Time),"Turbo 8/8 6:05PM, 3 Games",4000,43784575,0,0,0,12,,,,,,,,,,,,,,,https://dkn.gs/sports/images/mlb/players/50/31998.png,,,,,,,8/8/2026,,,,,,,,,,,,,,,,,,,,,,,,,,
Devin Williams,RP,NYM,Turbo,Sat Aug 08 2026 01:00:00 GMT-0500 (Central Daylight Time),"Turbo 8/8 6:05PM, 3 Games",4000,43784576,0,0,0,12,,,,,,,,,,,,,,,https://dkn.gs/sports/images/mlb/players/50/31659.png,,,,,,,8/8/2026,,,,,,,,,,,,,,,,,,,,,,,,,,
Luis Mey,RP,CIN,Turbo,Sat Aug 08 2026 01:00:00 GMT-0500 (Central Daylight Time),"Turbo 8/8 6:05PM, 3 Games",4000,43784577,0,0,0,12,,,,,,,,,,,,,,,https://dkn.gs/sports/images/mlb/players/50/849962.png,,,,,,,8/8/2026,,,,,,,,,,,,,,,,,,,,,,,,,,
Jefry Yan,RP,NYM,Turbo,Sat Aug 08 2026 01:00:00 GMT-0500 (Central Daylight Time),"Turbo 8/8 6:05PM, 3 Games",4000,43784578,0,0,0,12,,,,,,,,,,,,,,,https://dkn.gs/sports/images/mlb/teams/50/29840.png,,,,,,,8/8/2026,,,,,,,,,,,,,,,,,,,,,,,,,,
Cionel Perez,RP,NYM,Turbo,Sat Aug 08 2026 01:00:00 GMT-0500 (Central Daylight Time),"Turbo 8/8 6:05PM, 3 Games",4000,43784579,0,0,0,12,,,,,,,,,,,,,,,https://dkn.gs/sports/images/mlb/players/50/32012.png,,,,,,,8/8/2026,,,,,,,,,,,,,,,,,,,,,,,,,,
Riley Cornelio,RP,WSH,Turbo,Sat Aug 08 2026 01:00:00 GMT-0500 (Central Daylight Time),"Turbo 8/8 6:05PM, 3 Games",4000,43784580,0,0,0,12,,,,,,,,,,,,,,,https://dkn.gs/sports/images/mlb/players/50/945301.png,,,,,,,8/8/2026,,,,,,,,,,,,,,,,,,,,,,,,,,
Tom Cosgrove,RP,WSH,Turbo,Sat Aug 08 2026 01:00:00 GMT-0500 (Central Daylight Time),"Turbo 8/8 6:05PM, 3 Games",4000,43784581,0,0,0,12,,,,,,,,,,,,,,,https://dkn.gs/sports/images/mlb/players/50/636142.png,,,,,,,8/8/2026,,,,,,,,,,,,,,,,,,,,,,,,,,
Jose Alvarado,RP,PHI,Turbo,Sat Aug 08 2026 01:00:00 GMT-0500 (Central Daylight Time),"Turbo 8/8 6:05PM, 3 Games",4000,43784582,0,0,0,12,,,,,,,,,,,,,,,https://dkn.gs/sports/images/mlb/players/50/31719.png,,,,,,,8/8/2026,,,,,,,,,,,,,,,,,,,,,,,,,,
Tyler Rogers,RP,TOR,Turbo,Sat Aug 08 2026 01:00:00 GMT-0500 (Central Daylight Time),"Turbo 8/8 6:05PM, 3 Games",4000,43784583,0,0,0,12,,,,,,,,,,,,,,,https://dkn.gs/sports/images/mlb/players/50/32773.png,,,,,,,8/8/2026,,,,,,,,,,,,,,,,,,,,,,,,,,
Ron Marinaccio,RP,CIN,Turbo,Sat Aug 08 2026 01:00:00 GMT-0500 (Central Daylight Time),"Turbo 8/8 6:05PM, 3 Games",4000,43784584,0,0,0,12,,,,,,,,,,,,,,,https://dkn.gs/sports/images/mlb/players/50/614815.png,,,,,,,8/8/2026,,,,,,,,,,,,,,,,,,,,,,,,,,
Chad Dallas,RP,TOR,Turbo,Sat Aug 08 2026 01:00:00 GMT-0500 (Central Daylight Time),"Turbo 8/8 6:05PM, 3 Games",4000,43784585,0,0,0,12,,,,,,,,,,,,,,,https://dkn.gs/sports/images/mlb/players/50/582150.png,,,,,,,8/8/2026,,,,,,,,,,,,,,,,,,,,,,,,,,
Jonathan Bowlan,RP,PHI,Turbo,Sat Aug 08 2026 01:00:00 GMT-0500 (Central Daylight Time),"Turbo 8/8 6:05PM, 3 Games",4000,43784586,0,0,0,12,,,,,,,,,,,,,,,https://dkn.gs/sports/images/mlb/players/50/459803.png,,,,,,,8/8/2026,,,,,,,,,,,,,,,,,,,,,,,,,,
Max Lazar,RP,PHI,Turbo,Sat Aug 08 2026 01:00:00 GMT-0500 (Central Daylight Time),"Turbo 8/8 6:05PM, 3 Games",4000,43784587,0,0,0,12,,,,,,,,,,,,,,,https://dkn.gs/sports/images/mlb/players/50/459821.png,,,,,,,8/8/2026,,,,,,,,,,,,,,,,,,,,,,,,,,
Louis Varland,RP,TOR,Turbo,Sat Aug 08 2026 01:00:00 GMT-0500 (Central Daylight Time),"Turbo 8/8 6:05PM, 3 Games",4000,43784588,0,0,0,12,,,,,,,,,,,,,,,https://dkn.gs/sports/images/mlb/players/50/595131.png,,,,,,,8/8/2026,,,,,,,,,,,,,,,,,,,,,,,,,,
Gus Varland,RP,WSH,Turbo,Sat Aug 08 2026 01:00:00 GMT-0500 (Central Daylight Time),"Turbo 8/8 6:05PM, 3 Games",4000,43784589,0,0,0,12,,,,,,,,,,,,,,,https://dkn.gs/sports/images/mlb/players/50/548438.png,,,,,,,8/8/2026,,,,,,,,,,,,,,,,,,,,,,,,,,
Luke Weaver,RP,PIT,Turbo,Sat Aug 08 2026 01:00:00 GMT-0500 (Central Daylight Time),"Turbo 8/8 6:05PM, 3 Games",4000,43784590,0,0,0,12,,,,,,,,,,,,,,,https://dkn.gs/sports/images/mlb/players/50/32112.png,,,,,,,8/8/2026,,,,,,,,,,,,,,,,,,,,,,,,,,
Yohan Ramirez,RP,PIT,Turbo,Sat Aug 08 2026 01:00:00 GMT-0500 (Central Daylight Time),"Turbo 8/8 6:05PM, 3 Games",4000,43784591,0,0,0,12,,,,,,,,,,,,,,,https://dkn.gs/sports/images/mlb/players/50/460523.png,,,,,,,8/8/2026,,,,,,,,,,,,,,,,,,,,,,,,,,
Brandon Eisert,RP,PIT,Turbo,Sat Aug 08 2026 01:00:00 GMT-0500 (Central Daylight Time),"Turbo 8/8 6:05PM, 3 Games",4000,43784592,0,0,0,12,,,,,,,,,,,,,,,https://dkn.gs/sports/images/mlb/players/50/634908.png,,,,,,,8/8/2026,,,,,,,,,,,,,,,,,,,,,,,,,,
Wyatt Mills,RP,WSH,Turbo,Sat Aug 08 2026 01:00:00 GMT-0500 (Central Daylight Time),"Turbo 8/8 6:05PM, 3 Games",4000,43784593,0,0,0,12,,,,,,,,,,,,,,,https://dkn.gs/sports/images/mlb/players/50/111247.png,,,,,,,8/8/2026,,,,,,,,,,,,,,,,,,,,,,,,,,
Kirby Yates,RP,PIT,Turbo,Sat Aug 08 2026 01:00:00 GMT-0500 (Central Daylight Time),"Turbo 8/8 6:05PM, 3 Games",4000,43784594,0,0,0,12,,,,,,,,,,,,,,,https://dkn.gs/sports/images/mlb/players/50/32511.png,,,,,,,8/8/2026,,,,,,,,,,,,,,,,,,,,,,,,,,
Eddy Yean,RP,WSH,Turbo,Sat Aug 08 2026 01:00:00 GMT-0500 (Central Daylight Time),"Turbo 8/8 6:05PM, 3 Games",4000,43784595,0,0,0,12,,,,,,,,,,,,,,,https://dkn.gs/sports/images/mlb/players/50/460487.png,,,,,,,8/8/2026,,,,,,,,,,,,,,,,,,,,,,,,,,
Orlando Ribalta,RP,WSH,Turbo,Sat Aug 08 2026 01:00:00 GMT-0500 (Central Daylight Time),"Turbo 8/8 6:05PM, 3 Games",4000,43784596,0,0,0,12,,,,,,,,,,,,,,,https://dkn.gs/sports/images/mlb/players/50/813120.png,,,,,,,8/8/2026,,,,,,,,,,,,,,,,,,,,,,,,,,
Zach McCambley,RP,CIN,Turbo,Sat Aug 08 2026 01:00:00 GMT-0500 (Central Daylight Time),"Turbo 8/8 6:05PM, 3 Games",4000,43784597,0,0,0,12,,,,,,,,,,,,,,,https://dkn.gs/sports/images/mlb/players/50/564970.png,,,,,,,8/8/2026,,,,,,,,,,,,,,,,,,,,,,,,,,
Kyle Nicolas,RP,WSH,Turbo,Sat Aug 08 2026 01:00:00 GMT-0500 (Central Daylight Time),"Turbo 8/8 6:05PM, 3 Games",4000,43784598,0,0,0,12,,,,,,,,,,,,,,,https://dkn.gs/sports/images/mlb/players/50/495662.png,,,,,,,8/8/2026,,,,,,,,,,,,,,,,,,,,,,,,,,
Yimi Garcia,RP,TOR,Turbo,Sat Aug 08 2026 01:00:00 GMT-0500 (Central Daylight Time),"Turbo 8/8 6:05PM, 3 Games",4000,43784599,0,0,0,12,,,,,,,,,,,,,,,https://dkn.gs/sports/images/mlb/players/50/32699.png,,,,,,,8/8/2026,,,,,,,,,,,,,,,,,,,,,,,,,,
Brooks Raley,RP,PHI,Turbo,Sat Aug 08 2026 01:00:00 GMT-0500 (Central Daylight Time),"Turbo 8/8 6:05PM, 3 Games",4000,43784600,0,0,0,12,,,,,,,,,,,,,,,https://dkn.gs/sports/images/mlb/players/50/110565.png,,,,,,,8/8/2026,,,,,,,,,,,,,,,,,,,,,,,,,,
Isaac Mattson,RP,PIT,Turbo,Sat Aug 08 2026 01:00:00 GMT-0500 (Central Daylight Time),"Turbo 8/8 6:05PM, 3 Games",4000,43784601,0,0,0,12,,,,,,,,,,,,,,,https://dkn.gs/sports/images/mlb/players/50/478688.png,,,,,,,8/8/2026,,,,,,,,,,,,,,,,,,,,,,,,,,
Noah Murdock,SP,PIT,Turbo,Sat Aug 08 2026 01:00:00 GMT-0500 (Central Daylight Time),"Turbo 8/8 6:05PM, 3 Games",4000,43784602,0,0,0,12,,,,,,,,,,,,,,,https://dkn.gs/sports/images/mlb/players/50/552071.png,,,,,,,8/8/2026,,,,,,,,,,,,,,,,,,,,,,,,,,
Grant Holman,RP,PHI,Turbo,Sat Aug 08 2026 01:00:00 GMT-0500 (Central Daylight Time),"Turbo 8/8 6:05PM, 3 Games",4000,43784603,0,0,0,12,,,,,,,,,,,,,,,https://dkn.gs/sports/images/mlb/players/50/626135.png,,,,,,,8/8/2026,,,,,,,,,,,,,,,,,,,,,,,,,,
Joey Gerber,RP,NYM,Turbo,Sat Aug 08 2026 01:00:00 GMT-0500 (Central Daylight Time),"Turbo 8/8 6:05PM, 3 Games",4000,43784604,0,0,0,12,,,,,,,,,,,,,,,https://dkn.gs/sports/images/mlb/players/50/111253.png,,,,,,,8/8/2026,,,,,,,,,,,,,,,,,,,,,,,,,,
Lou Trivino III,RP,PHI,Turbo,Sat Aug 08 2026 01:00:00 GMT-0500 (Central Daylight Time),"Turbo 8/8 6:05PM, 3 Games",4000,43784605,0,0,0,12,,,,,,,,,,,,,,,https://dkn.gs/sports/images/mlb/players/50/31486.png,,,,,,,8/8/2026,,,,,,,,,,,,,,,,,,,,,,,,,,
Reed Garrett,RP,NYM,Turbo,Sat Aug 08 2026 01:00:00 GMT-0500 (Central Daylight Time),"Turbo 8/8 6:05PM, 3 Games",4000,43784606,0,0,0,12,,,,,,,,,,,,,,,https://dkn.gs/sports/images/mlb/players/50/31884.png,,,,,,,8/8/2026,,,,,,,,,,,,,,,,,,,,,,,,,,
Mason Montgomery,RP,PIT,Turbo,Sat Aug 08 2026 01:00:00 GMT-0500 (Central Daylight Time),"Turbo 8/8 6:05PM, 3 Games",4000,43784607,0,0,0,12,,,,,,,,,,,,,,,https://dkn.gs/sports/images/mlb/players/50/643836.png,,,,,,,8/8/2026,,,,,,,,,,,,,,,,,,,,,,,,,,
Joe Mantiply,RP,TOR,Turbo,Sat Aug 08 2026 01:00:00 GMT-0500 (Central Daylight Time),"Turbo 8/8 6:05PM, 3 Games",4000,43784608,0,0,0,12,,,,,,,,,,,,,,,https://dkn.gs/sports/images/mlb/players/50/32537.png,,,,,,,8/8/2026,,,,,,,,,,,,,,,,,,,,,,,,,,
Sam Moll,RP,CIN,Turbo,Sat Aug 08 2026 01:00:00 GMT-0500 (Central Daylight Time),"Turbo 8/8 6:05PM, 3 Games",4000,43784609,0,0,0,12,,,,,,,,,,,,,,,https://dkn.gs/sports/images/mlb/players/50/111466.png,,,,,,,8/8/2026,,,,,,,,,,,,,,,,,,,,,,,,,,
Clayton Beeter,RP,WSH,Turbo,Sat Aug 08 2026 01:00:00 GMT-0500 (Central Daylight Time),"Turbo 8/8 6:05PM, 3 Games",4000,43784610,0,0,0,12,,,,,,,,,,,,,,,https://dkn.gs/sports/images/mlb/players/50/495661.png,,,,,,,8/8/2026,,,,,,,,,,,,,,,,,,,,,,,,,,
Ken Waldichuk,SP,WSH,Turbo,Sat Aug 08 2026 01:00:00 GMT-0500 (Central Daylight Time),"Turbo 8/8 6:05PM, 3 Games",4000,43784611,0,0,0,12,,,,,,,,,,,,,,,https://dkn.gs/sports/images/mlb/players/50/590956.png,,,,,,,8/8/2026,,,,,,,,,,,,,,,,,,,,,,,,,,
Camilo Doval,RP,PIT,Turbo,Sat Aug 08 2026 01:00:00 GMT-0500 (Central Daylight Time),"Turbo 8/8 6:05PM, 3 Games",4000,43784612,0,0,0,12,,,,,,,,,,,,,,,https://dkn.gs/sports/images/mlb/players/50/112440.png,,,,,,,8/8/2026,,,,,,,,,,,,,,,,,,,,,,,,,,
Lazaro Estrada,RP,TOR,Turbo,Sat Aug 08 2026 01:00:00 GMT-0500 (Central Daylight Time),"Turbo 8/8 6:05PM, 3 Games",4000,43784613,0,0,0,12,,,,,,,,,,,,,,,https://dkn.gs/sports/images/mlb/players/50/877813.png,,,,,,,8/8/2026,,,,,,,,,,,,,,,,,,,,,,,,,,
Zach Maxwell,RP,CIN,Turbo,Sat Aug 08 2026 01:00:00 GMT-0500 (Central Daylight Time),"Turbo 8/8 6:05PM, 3 Games",4000,43784614,0,0,0,12,,,,,,,,,,,,,,,https://dkn.gs/sports/images/mlb/players/50/779854.png,,,,,,,8/8/2026,,,,,,,,,,,,,,,,,,,,,,,,,,
Zak Kent,RP,WSH,Turbo,Sat Aug 08 2026 01:00:00 GMT-0500 (Central Daylight Time),"Turbo 8/8 6:05PM, 3 Games",4000,43784615,0,0,0,12,,,,,,,,,,,,,,,https://dkn.gs/sports/images/mlb/players/50/595466.png,,,,,,,8/8/2026,,,,,,,,,,,,,,,,,,,,,,,,,,
Daniel Duarte,RP,NYM,Turbo,Sat Aug 08 2026 01:00:00 GMT-0500 (Central Daylight Time),"Turbo 8/8 6:05PM, 3 Games",4000,43784616,0,0,0,12,,,,,,,,,,,,,,,https://dkn.gs/sports/images/mlb/players/50/614769.png,,,,,,,8/8/2026,,,,,,,,,,,,,,,,,,,,,,,,,,
Evan Sisk,RP,PIT,Turbo,Sat Aug 08 2026 01:00:00 GMT-0500 (Central Daylight Time),"Turbo 8/8 6:05PM, 3 Games",4000,43784617,0,0,0,12,,,,,,,,,,,,,,,https://dkn.gs/sports/images/mlb/players/50/591187.png,,,,,,,8/8/2026,,,,,,,,,,,,,,,,,,,,,,,,,,
Chase Lee,RP,TOR,Turbo,Sat Aug 08 2026 01:00:00 GMT-0500 (Central Daylight Time),"Turbo 8/8 6:05PM, 3 Games",4000,43784618,0,0,0,12,,,,,,,,,,,,,,,https://dkn.gs/sports/images/mlb/players/50/635377.png,,,,,,,8/8/2026,,,,,,,,,,,,,,,,,,,,,,,,,,
Jonathan Pintaro,RP,NYM,Turbo,Sat Aug 08 2026 01:00:00 GMT-0500 (Central Daylight Time),"Turbo 8/8 6:05PM, 3 Games",4000,43784619,0,0,0,12,,,,,,,,,,,,,,,https://dkn.gs/sports/images/mlb/players/50/905370.png,,,,,,,8/8/2026,,,,,,,,,,,,,,,,,,,,,,,,,,
Cole Henry,RP,WSH,Turbo,Sat Aug 08 2026 01:00:00 GMT-0500 (Central Daylight Time),"Turbo 8/8 6:05PM, 3 Games",4000,43784620,0,0,0,12,,,,,,,,,,,,,,,https://dkn.gs/sports/images/mlb/players/50/494710.png,,,,,,,8/8/2026,,,,,,,,,,,,,,,,,,,,,,,,,,
Julian Garcia,RP,CIN,Turbo,Sat Aug 08 2026 01:00:00 GMT-0500 (Central Daylight Time),"Turbo 8/8 6:05PM, 3 Games",4000,43784621,0,0,0,12,,,,,,,,,,,,,,,https://dkn.gs/sports/images/mlb/teams/50/29919.png,,,,,,,8/8/2026,,,,,,,,,,,,,,,,,,,,,,,,,,
Dedniel Nunez,RP,NYM,Turbo,Sat Aug 08 2026 01:00:00 GMT-0500 (Central Daylight Time),"Turbo 8/8 6:05PM, 3 Games",4000,43784622,0,0,0,12,,,,,,,,,,,,,,,https://dkn.gs/sports/images/mlb/players/50/470169.png,,,,,,,8/8/2026,,,,,,,,,,,,,,,,,,,,,,,,,,
Braydon Fisher,RP,TOR,Turbo,Sat Aug 08 2026 01:00:00 GMT-0500 (Central Daylight Time),"Turbo 8/8 6:05PM, 3 Games",4000,43784623,0,0,0,12,,,,,,,,,,,,,,,https://dkn.gs/sports/images/mlb/players/50/111904.png,,,,,,,8/8/2026,,,,,,,,,,,,,,,,,,,,,,,,,,
Brendon Little,RP,TOR,Turbo,Sat Aug 08 2026 01:00:00 GMT-0500 (Central Daylight Time),"Turbo 8/8 6:05PM, 3 Games",4000,43784624,0,0,0,12,,,,,,,,,,,,,,,https://dkn.gs/sports/images/mlb/players/50/111665.png,,,,,,,8/8/2026,,,,,,,,,,,,,,,,,,,,,,,,,,
Richard Lovelady,RP,WSH,Turbo,Sat Aug 08 2026 01:00:00 GMT-0500 (Central Daylight Time),"Turbo 8/8 6:05PM, 3 Games",4000,43784625,0,0,0,12,,,,,,,,,,,,,,,https://dkn.gs/sports/images/mlb/players/50/32116.png,,,,,,,8/8/2026,,,,,,,,,,,,,,,,,,,,,,,,,,
Paxton Schultz,RP,WSH,Turbo,Sat Aug 08 2026 01:00:00 GMT-0500 (Central Daylight Time),"Turbo 8/8 6:05PM, 3 Games",4000,43784626,0,0,0,12,,,,,,,,,,,,,,,https://dkn.gs/sports/images/mlb/players/50/877613.png,,,,,,,8/8/2026,,,,,,,,,,,,,,,,,,,,,,,,,,
Tanner Banks,RP,PHI,Turbo,Sat Aug 08 2026 01:00:00 GMT-0500 (Central Daylight Time),"Turbo 8/8 6:05PM, 3 Games",4000,43784627,0,0,0,12,,,,,,,,,,,,,,,https://dkn.gs/sports/images/mlb/players/50/477417.png,,,,,,,8/8/2026,,,,,,,,,,,,,,,,,,,,,,,,,,
Kyle Backhus,RP,PHI,Turbo,Sat Aug 08 2026 01:00:00 GMT-0500 (Central Daylight Time),"Turbo 8/8 6:05PM, 3 Games",4000,43784628,0,0,0,12,,,,,,,,,,,,,,,https://dkn.gs/sports/images/mlb/players/50/779496.png,,,,,,,8/8/2026,,,,,,,,,,,,,,,,,,,,,,,,,,
Spencer Steer,1B/OF,CIN,Turbo,Sat Aug 08 2026 01:00:00 GMT-0500 (Central Daylight Time),"Turbo 8/8 6:05PM, 3 Games",3900,43784433,0,0,0,11.7,,,,,,,,,,,,,,,https://dkn.gs/sports/images/mlb/players/50/459833.png,,,,,,,8/8/2026,,,,,,,,,,,,,,,,,,,,,,,,,,
Harry Ford,C,WSH,Turbo,Sat Aug 08 2026 01:00:00 GMT-0500 (Central Daylight Time),"Turbo 8/8 6:05PM, 3 Games",3800,43784358,0,0,0,11.4,,,,,,,,,,,,,,,https://dkn.gs/sports/images/mlb/players/50/587694.png,,,,,,,8/8/2026,,,,,,,,,,,,,,,,,,,,,,,,,,
Mike Tauchman,OF,NYM,Turbo,Sat Aug 08 2026 01:00:00 GMT-0500 (Central Daylight Time),"Turbo 8/8 6:05PM, 3 Games",3600,43784435,0,0,0,10.8,,,,,,,,,,,,,,,https://dkn.gs/sports/images/mlb/players/50/32552.png,,,,,,,8/8/2026,,,,,,,,,,,,,,,,,,,,,,,,,,
Brady House,3B,WSH,Turbo,Sat Aug 08 2026 01:00:00 GMT-0500 (Central Daylight Time),"Turbo 8/8 6:05PM, 3 Games",3200,43784378,0,0,0,9.6,0.47224,0.1104,0.2801,0.3528,0.0916,,,,,,,0.2611,,,https://dkn.gs/sports/images/mlb/players/50/587704.png,n/a,CIN @ WSH,Reds @ Nationals,Nationals Park,outdoor,n/a,8/8/2026,,,,,,,,,,,,,,,,,,,,,,,,,,
Tyler Callihan,1B/OF,PIT,Turbo,Sat Aug 08 2026 01:00:00 GMT-0500 (Central Daylight Time),"Turbo 8/8 6:05PM, 3 Games",3200,43784436,0,0,0,9.6,,,,,,,,,,,,,,,https://dkn.gs/sports/images/mlb/players/50/459765.png,,,,,,,8/8/2026,,,,,,,,,,,,,,,,,,,,,,,,,,
Mark Vientos,1B/3B,NYM,Turbo,Sat Aug 08 2026 01:00:00 GMT-0500 (Central Daylight Time),"Turbo 8/8 6:05PM, 3 Games",3200,43784438,0,0,0,9.6,,,,,,,,,,,,,,,https://dkn.gs/sports/images/mlb/players/50/112064.png,,,,,,,8/8/2026,,,,,,,,,,,,,,,,,,,,,,,,,,
Joey Wiemer,OF,WSH,Turbo,Sat Aug 08 2026 01:00:00 GMT-0500 (Central Daylight Time),"Turbo 8/8 6:05PM, 3 Games",3200,43784440,0,0,0,9.6,,,,,,,,,,,,,,,https://dkn.gs/sports/images/mlb/players/50/595130.png,,,,,,,8/8/2026,,,,,,,,,,,,,,,,,,,,,,,,,,
Andres Chaparro,1B,WSH,Turbo,Sat Aug 08 2026 01:00:00 GMT-0500 (Central Daylight Time),"Turbo 8/8 6:05PM, 3 Games",3100,43784381,0,0,0,9.3,,,,,,,,,,,,,,,https://dkn.gs/sports/images/mlb/players/50/478617.png,,,,,,,8/8/2026,,,,,,,,,,,,,,,,,,,,,,,,,,
Yohendrick Pinango,OF,TOR,Turbo,Sat Aug 08 2026 01:00:00 GMT-0500 (Central Daylight Time),"Turbo 8/8 6:05PM, 3 Games",3100,43784441,0,0,0,9.3,,,,,,,,,,,,,,,https://dkn.gs/sports/images/mlb/teams/50/29868.png,,,,,,,8/8/2026,,,,,,,,,,,,,,,,,,,,,,,,,,
Bryan De La Cruz,OF,PHI,Turbo,Sat Aug 08 2026 01:00:00 GMT-0500 (Central Daylight Time),"Turbo 8/8 6:05PM, 3 Games",3000,43784383,0,0,0,9,,,,,,,,,,,,,,,https://dkn.gs/sports/images/mlb/players/50/476277.png,,,,,,,8/8/2026,,,,,,,,,,,,,,,,,,,,,,,,,,
Konnor Griffin,SS,PIT,Turbo,Sat Aug 08 2026 01:00:00 GMT-0500 (Central Daylight Time),"Turbo 8/8 6:05PM, 3 Games",3000,43784442,0,0,0,9,,,,,,,,,,,,,,,https://dkn.gs/sports/images/mlb/players/50/806144.png,,,,,,,8/8/2026,,,,,,,,,,,,,,,,,,,,,,,,,,
Marcell Ozuna,OF,PIT,Turbo,Sat Aug 08 2026 01:00:00 GMT-0500 (Central Daylight Time),"Turbo 8/8 6:05PM, 3 Games",3000,43784443,0,0,0,9,,,,,,,,,,,,,,,https://dkn.gs/sports/images/mlb/players/50/32350.png,,,,,,,8/8/2026,,,,,,,,,,,,,,,,,,,,,,,,,,
Blake Dunn,OF,CIN,Turbo,Sat Aug 08 2026 01:00:00 GMT-0500 (Central Daylight Time),"Turbo 8/8 6:05PM, 3 Games",3000,43784444,0,0,0,9,,,,,,,,,,,,,,,https://dkn.gs/sports/images/mlb/players/50/701531.png,,,,,,,8/8/2026,,,,,,,,,,,,,,,,,,,,,,,,,,
Rafael Flores Jr.,1B/C,PIT,Turbo,Sat Aug 08 2026 01:00:00 GMT-0500 (Central Daylight Time),"Turbo 8/8 6:05PM, 3 Games",2900,43784387,0,0,0,8.7,,,,,,,,,,,,,,,https://dkn.gs/sports/images/mlb/players/50/779610.png,,,,,,,8/8/2026,,,,,,,,,,,,,,,,,,,,,,,,,,
Brandon Valenzuela,C,TOR,Turbo,Sat Aug 08 2026 01:00:00 GMT-0500 (Central Daylight Time),"Turbo 8/8 6:05PM, 3 Games",2800,43784393,0,0,0,8.4,,,,,,,,,,,,,,,https://dkn.gs/sports/images/mlb/players/50/595463.png,,,,,,,8/8/2026,,,,,,,,,,,,,,,,,,,,,,,,,,
Rhylan Thomas,OF,TOR,Turbo,Sat Aug 08 2026 01:00:00 GMT-0500 (Central Daylight Time),"Turbo 8/8 6:05PM, 3 Games",2800,43784445,0,0,0,8.4,,,,,,,,,,,,,,,https://dkn.gs/sports/images/mlb/players/50/700895.png,,,,,,,8/8/2026,,,,,,,,,,,,,,,,,,,,,,,,,,
Edmundo Sosa,OF/SS,PHI,Turbo,Sat Aug 08 2026 01:00:00 GMT-0500 (Central Daylight Time),"Turbo 8/8 6:05PM, 3 Games",2700,43784399,0,0,0,8.1,,,,,,,,,,,,,,,https://dkn.gs/sports/images/mlb/players/50/32390.png,,,,,,,8/8/2026,,,,,,,,,,,,,,,,,,,,,,,,,,
Andrew Pinckney,OF,WSH,Turbo,Sat Aug 08 2026 01:00:00 GMT-0500 (Central Daylight Time),"Turbo 8/8 6:05PM, 3 Games",2700,43784402,0,0,0,8.1,,,,,,,,,,,,,,,https://dkn.gs/sports/images/mlb/teams/50/29836.png,,,,,,,8/8/2026,,,,,,,,,,,,,,,,,,,,,,,,,,
Robert Hassell III,OF,PIT,Turbo,Sat Aug 08 2026 01:00:00 GMT-0500 (Central Daylight Time),"Turbo 8/8 6:05PM, 3 Games",2700,43784446,0,0,0,8.1,,,,,,,,,,,,,,,https://dkn.gs/sports/images/mlb/players/50/494685.png,,,,,,,8/8/2026,,,,,,,,,,,,,,,,,,,,,,,,,,
Drew Millas,C,WSH,Turbo,Sat Aug 08 2026 01:00:00 GMT-0500 (Central Daylight Time),"Turbo 8/8 6:05PM, 3 Games",2700,43784447,0,0,0,8.1,,,,,,,,,,,,,,,https://dkn.gs/sports/images/mlb/players/50/591176.png,,,,,,,8/8/2026,,,,,,,,,,,,,,,,,,,,,,,,,,
TJ Friedl,OF,CIN,Turbo,Sat Aug 08 2026 01:00:00 GMT-0500 (Central Daylight Time),"Turbo 8/8 6:05PM, 3 Games",2600,43784403,0,0,0,7.8,,,,,,,,,,,,,,,https://dkn.gs/sports/images/mlb/players/50/111763.png,,,,,,,8/8/2026,,,,,,,,,,,,,,,,,,,,,,,,,,
Luis Urias,2B,TOR,Turbo,Sat Aug 08 2026 01:00:00 GMT-0500 (Central Daylight Time),"Turbo 8/8 6:05PM, 3 Games",2400,43784405,0,0,0,7.2,,,,,,,,,,,,,,,https://dkn.gs/sports/images/mlb/players/50/32543.png,,,,,,,8/8/2026,,,,,,,,,,,,,,,,,,,,,,,,,,
Derek Hill,OF,PHI,Turbo,Sat Aug 08 2026 01:00:00 GMT-0500 (Central Daylight Time),"Turbo 8/8 6:05PM, 3 Games",2400,43784407,0,0,0,7.2,,,,,,,,,,,,,,,https://dkn.gs/sports/images/mlb/players/50/110835.png,,,,,,,8/8/2026,,,,,,,,,,,,,,,,,,,,,,,,,,
Jared Triolo,3B/SS,PIT,Turbo,Sat Aug 08 2026 01:00:00 GMT-0500 (Central Daylight Time),"Turbo 8/8 6:05PM, 3 Games",2400,43784408,0,0,0,7.2,,,,,,,,,,,,,,,https://dkn.gs/sports/images/mlb/players/50/634894.png,,,,,,,8/8/2026,,,,,,,,,,,,,,,,,,,,,,,,,,
Kameron Misner,OF,PHI,Turbo,Sat Aug 08 2026 01:00:00 GMT-0500 (Central Daylight Time),"Turbo 8/8 6:05PM, 3 Games",2400,43784448,0,0,0,7.2,,,,,,,,,,,,,,,https://dkn.gs/sports/images/mlb/players/50/459812.png,,,,,,,8/8/2026,,,,,,,,,,,,,,,,,,,,,,,,,,
Hector Rodriguez,OF,CIN,Turbo,Sat Aug 08 2026 01:00:00 GMT-0500 (Central Daylight Time),"Turbo 8/8 6:05PM, 3 Games",2300,43784412,0,0,0,6.9,,,,,,,,,,,,,,,https://dkn.gs/sports/images/mlb/players/50/658504.png,,,,,,,8/8/2026,,,,,,,,,,,,,,,,,,,,,,,,,,
Gabriel Rincones Jr.,OF,PHI,Turbo,Sat Aug 08 2026 01:00:00 GMT-0500 (Central Daylight Time),"Turbo 8/8 6:05PM, 3 Games",2300,43784449,0,0,0,6.9,,,,,,,,,,,,,,,https://dkn.gs/sports/images/mlb/players/50/659878.png,,,,,,,8/8/2026,,,,,,,,,,,,,,,,,,,,,,,,,,
Anthony Santander,OF,TOR,Turbo,Sat Aug 08 2026 01:00:00 GMT-0500 (Central Daylight Time),"Turbo 8/8 6:05PM, 3 Games",2300,43784450,0,0,0,6.9,,,,,,,,,,,,,,,https://dkn.gs/sports/images/mlb/players/50/31423.png,,,,,,,8/8/2026,,,,,,,,,,,,,,,,,,,,,,,,,,
Lenyn Sosa,1B/2B,TOR,Turbo,Sat Aug 08 2026 01:00:00 GMT-0500 (Central Daylight Time),"Turbo 8/8 6:05PM, 3 Games",2300,43784451,0,0,0,6.9,,,,,,,,,,,,,,,https://dkn.gs/sports/images/mlb/players/50/476753.png,,,,,,,8/8/2026,,,,,,,,,,,,,,,,,,,,,,,,,,
Colby Thomas,OF,PHI,Turbo,Sat Aug 08 2026 01:00:00 GMT-0500 (Central Daylight Time),"Turbo 8/8 6:05PM, 3 Games",2300,43784453,0,0,0,6.9,,,,,,,,,,,,,,,https://dkn.gs/sports/images/mlb/players/50/656361.png,,,,,,,8/8/2026,,,,,,,,,,,,,,,,,,,,,,,,,,
Willie MacIver,C,TOR,Turbo,Sat Aug 08 2026 01:00:00 GMT-0500 (Central Daylight Time),"Turbo 8/8 6:05PM, 3 Games",2300,43784454,0,0,0,6.9,,,,,,,,,,,,,,,https://dkn.gs/sports/images/mlb/players/50/504488.png,,,,,,,8/8/2026,,,,,,,,,,,,,,,,,,,,,,,,,,
Ivan Johnson,OF,CIN,Turbo,Sat Aug 08 2026 01:00:00 GMT-0500 (Central Daylight Time),"Turbo 8/8 6:05PM, 3 Games",2200,43784414,0,0,0,6.6,,,,,,,,,,,,,,,https://dkn.gs/sports/images/mlb/players/50/459766.png,,,,,,,8/8/2026,,,,,,,,,,,,,,,,,,,,,,,,,,
Davis Schneider,2B/OF,TOR,Turbo,Sat Aug 08 2026 01:00:00 GMT-0500 (Central Daylight Time),"Turbo 8/8 6:05PM, 3 Games",2100,43784417,0,0,0,6.3,,,,,,,,,,,,,,,https://dkn.gs/sports/images/mlb/players/50/636125.png,,,,,,,8/8/2026,,,,,,,,,,,,,,,,,,,,,,,,,,
Eric Wagaman,1B,NYM,Turbo,Sat Aug 08 2026 01:00:00 GMT-0500 (Central Daylight Time),"Turbo 8/8 6:05PM, 3 Games",2100,43784419,0,0,0,6.3,,,,,,,,,,,,,,,https://dkn.gs/sports/images/mlb/players/50/634893.png,,,,,,,8/8/2026,,,,,,,,,,,,,,,,,,,,,,,,,,
Josh Smith,2B/3B,TOR,Turbo,Sat Aug 08 2026 01:00:00 GMT-0500 (Central Daylight Time),"Turbo 8/8 6:05PM, 3 Games",2000,43784420,0,0,0,6,,,,,,,,,,,,,,,https://dkn.gs/sports/images/mlb/players/50/459840.png,,,,,,,8/8/2026,,,,,,,,,,,,,,,,,,,,,,,,,,
Ronny Simon,2B/OF,PIT,Turbo,Sat Aug 08 2026 01:00:00 GMT-0500 (Central Daylight Time),"Turbo 8/8 6:05PM, 3 Games",2000,43784422,0,0,0,6,0.5348363636,0.0721,0.2909,0.375,0.1024,0.6198,,,,,,0.316,,,https://dkn.gs/sports/images/mlb/players/50/615695.png,n/a,NYM @ PIT,Mets @ Pirates,PNC Park,outdoor,n/a,8/8/2026,,,,,,,,,,,,,,,,,,,,,,,,,,
Cristian Pache,OF,NYM,Turbo,Sat Aug 08 2026 01:00:00 GMT-0500 (Central Daylight Time),"Turbo 8/8 6:05PM, 3 Games",2000,43784424,0,0,0,6,,,,,,,,,,,,,,,https://dkn.gs/sports/images/mlb/players/50/111564.png,,,,,,,8/8/2026,,,,,,,,,,,,,,,,,,,,,,,,,,
Garrett Stubbs,C,PHI,Turbo,Sat Aug 08 2026 01:00:00 GMT-0500 (Central Daylight Time),"Turbo 8/8 6:05PM, 3 Games",2000,43784425,0,0,0,6,,,,,,,,,,,,,,,https://dkn.gs/sports/images/mlb/players/50/32007.png,12/30/1899,n/a,n/a,n/a,n/a,n/a,8/8/2026,,,,,,,,,,,,,,,,,,,,,,,,,,
Adolis Garcia,OF,PHI,Turbo,Sat Aug 08 2026 01:00:00 GMT-0500 (Central Daylight Time),"Turbo 8/8 6:05PM, 3 Games",2000,43784455,0,0,0,6,,,,,,,,,,,,,,,https://dkn.gs/sports/images/mlb/players/50/69437.png,,,,,,,8/8/2026,,,,,,,,,,,,,,,,,,,,,,,,,,
Johan Rojas,OF,PHI,Turbo,Sat Aug 08 2026 01:00:00 GMT-0500 (Central Daylight Time),"Turbo 8/8 6:05PM, 3 Games",2000,43784456,0,0,0,6,,,,,,,,,,,,,,,https://dkn.gs/sports/images/mlb/players/50/459859.png,,,,,,,8/8/2026,,,,,,,,,,,,,,,,,,,,,,,,,,
Johnathan Rodriguez,OF,PIT,Turbo,Sat Aug 08 2026 01:00:00 GMT-0500 (Central Daylight Time),"Turbo 8/8 6:05PM, 3 Games",2000,43784457,0,0,0,6,,,,,,,,,,,,,,,https://dkn.gs/sports/images/mlb/players/50/459777.png,,,,,,,8/8/2026,,,,,,,,,,,,,,,,,,,,,,,,,,
Felix Reyes,1B/OF,PHI,Turbo,Sat Aug 08 2026 01:00:00 GMT-0500 (Central Daylight Time),"Turbo 8/8 6:05PM, 3 Games",2000,43784458,0,0,0,6,,,,,,,,,,,,,,,https://dkn.gs/sports/images/mlb/teams/50/29857.png,,,,,,,8/8/2026,,,,,,,,,,,,,,,,,,,,,,,,,,
Juan Yepez,1B/3B,TOR,Turbo,Sat Aug 08 2026 01:00:00 GMT-0500 (Central Daylight Time),"Turbo 8/8 6:05PM, 3 Games",2000,43784460,0,0,0,6,,,,,,,,,,,,,,,https://dkn.gs/sports/images/mlb/players/50/600527.png,,,,,,,8/8/2026,,,,,,,,,,,,,,,,,,,,,,,,,,
Rudy Martin Jr.,OF,TOR,Turbo,Sat Aug 08 2026 01:00:00 GMT-0500 (Central Daylight Time),"Turbo 8/8 6:05PM, 3 Games",2000,43784462,0,0,0,6,,,,,,,,,,,,,,,https://dkn.gs/sports/images/mlb/teams/50/29868.png,,,,,,,8/8/2026,,,,,,,,,,,,,,,,,,,,,,,,,,
Leo Balcazar,SS,CIN,Turbo,Sat Aug 08 2026 01:00:00 GMT-0500 (Central Daylight Time),"Turbo 8/8 6:05PM, 3 Games",2000,43784463,0,0,0,6,,,,,,,,,,,,,,,https://dkn.gs/sports/images/mlb/players/50/638614.png,,,,,,,8/8/2026,,,,,,,,,,,,,,,,,,,,,,,,,,
Shawn Ross,C,NYM,Turbo,Sat Aug 08 2026 01:00:00 GMT-0500 (Central Daylight Time),"Turbo 8/8 6:05PM, 3 Games",2000,43784464,0,0,0,6,,,,,,,,,,,,,,,https://dkn.gs/sports/images/mlb/teams/50/29840.png,,,,,,,8/8/2026,,,,,,,,,,,,,,,,,,,,,,,,,,
Christian Cairo,SS,PHI,Turbo,Sat Aug 08 2026 01:00:00 GMT-0500 (Central Daylight Time),"Turbo 8/8 6:05PM, 3 Games",2000,43784465,0,0,0,6,,,,,,,,,,,,,,,https://dkn.gs/sports/images/mlb/players/50/578104.png,,,,,,,8/8/2026,,,,,,,,,,,,,,,,,,,,,,,,,,
Sean Keys,1B/3B,TOR,Turbo,Sat Aug 08 2026 01:00:00 GMT-0500 (Central Daylight Time),"Turbo 8/8 6:05PM, 3 Games",2000,43784466,0,0,0,6,,,,,,,,,,,,,,,https://dkn.gs/sports/images/mlb/teams/50/29868.png,,,,,,,8/8/2026,,,,,,,,,,,,,,,,,,,,,,,,,,
Charles McAdoo,1B/2B,TOR,Turbo,Sat Aug 08 2026 01:00:00 GMT-0500 (Central Daylight Time),"Turbo 8/8 6:05PM, 3 Games",2000,43784468,0,0,0,6,,,,,,,,,,,,,,,https://dkn.gs/sports/images/mlb/players/50/781691.png,,,,,,,8/8/2026,,,,,,,,,,,,,,,,,,,,,,,,,,
Jonatan Clase,OF,TOR,Turbo,Sat Aug 08 2026 01:00:00 GMT-0500 (Central Daylight Time),"Turbo 8/8 6:05PM, 3 Games",2000,43784470,0,0,0,6,,,,,,,,,,,,,,,https://dkn.gs/sports/images/mlb/players/50/578412.png,,,,,,,8/8/2026,,,,,,,,,,,,,,,,,,,,,,,,,,
Juan Brito,2B,CIN,Turbo,Sat Aug 08 2026 01:00:00 GMT-0500 (Central Daylight Time),"Turbo 8/8 6:05PM, 3 Games",2000,43784471,0,0,0,6,,,,,,,,,,,,,,,https://dkn.gs/sports/images/mlb/players/50/658778.png,,,,,,,8/8/2026,,,,,,,,,,,,,,,,,,,,,,,,,,
Rafael Marchan,C,PHI,Turbo,Sat Aug 08 2026 01:00:00 GMT-0500 (Central Daylight Time),"Turbo 8/8 6:05PM, 3 Games",2000,43784472,0,0,0,6,,,,,,,,,,,,,,,https://dkn.gs/sports/images/mlb/players/50/470249.png,,,,,,,8/8/2026,,,,,,,,,,,,,,,,,,,,,,,,,,
Billy Cook,OF,PIT,Turbo,Sat Aug 08 2026 01:00:00 GMT-0500 (Central Daylight Time),"Turbo 8/8 6:05PM, 3 Games",2000,43784473,0,0,0,6,,,,,,,,,,,,,,,https://dkn.gs/sports/images/mlb/players/50/702465.png,,,,,,,8/8/2026,,,,,,,,,,,,,,,,,,,,,,,,,,
Nick Morabito,OF,NYM,Turbo,Sat Aug 08 2026 01:00:00 GMT-0500 (Central Daylight Time),"Turbo 8/8 6:05PM, 3 Games",2000,43784474,0,0,0,6,,,,,,,,,,,,,,,https://dkn.gs/sports/images/mlb/players/50/658804.png,,,,,,,8/8/2026,,,,,,,,,,,,,,,,,,,,,,,,,,
Nick Yorke,1B/3B,PIT,Turbo,Sat Aug 08 2026 01:00:00 GMT-0500 (Central Daylight Time),"Turbo 8/8 6:05PM, 3 Games",2000,43784475,0,0,0,6,,,,,,,,,,,,,,,https://dkn.gs/sports/images/mlb/players/50/494690.png,,,,,,,8/8/2026,,,,,,,,,,,,,,,,,,,,,,,,,,
Edwin Arroyo,2B,CIN,Turbo,Sat Aug 08 2026 01:00:00 GMT-0500 (Central Daylight Time),"Turbo 8/8 6:05PM, 3 Games",2000,43784477,0,0,0,6,,,,,,,,,,,,,,,https://dkn.gs/sports/images/mlb/players/50/582142.png,,,,,,,8/8/2026,,,,,,,,,,,,,,,,,,,,,,,,,,
Hayden Senger,C,NYM,Turbo,Sat Aug 08 2026 01:00:00 GMT-0500 (Central Daylight Time),"Turbo 8/8 6:05PM, 3 Games",2000,43784478,0,0,0,6,,,,,,,,,,,,,,,https://dkn.gs/sports/images/mlb/players/50/554267.png,,,,,,,8/8/2026,,,,,,,,,,,,,,,,,,,,,,,,,,
Jack Brannigan,SS,PIT,Turbo,Sat Aug 08 2026 01:00:00 GMT-0500 (Central Daylight Time),"Turbo 8/8 6:05PM, 3 Games",2000,43784479,0,0,0,6,,,,,,,,,,,,,,,https://dkn.gs/sports/images/mlb/players/50/700626.png,,,,,,,8/8/2026,,,,,,,,,,,,,,,,,,,,,,,,,,
Ronny Mauricio,SS,NYM,Turbo,Sat Aug 08 2026 01:00:00 GMT-0500 (Central Daylight Time),"Turbo 8/8 6:05PM, 3 Games",2000,43784480,0,0,0,6,,,,,,,,,,,,,,,https://dkn.gs/sports/images/mlb/players/50/112067.png,,,,,,,8/8/2026,,,,,,,,,,,,,,,,,,,,,,,,,,
Will Banfield,C,CIN,Turbo,Sat Aug 08 2026 01:00:00 GMT-0500 (Central Daylight Time),"Turbo 8/8 6:05PM, 3 Games",2000,43784481,0,0,0,6,,,,,,,,,,,,,,,https://dkn.gs/sports/images/mlb/players/50/112600.png,,,,,,,8/8/2026,,,,,,,,,,,,,,,,,,,,,,,,,,
Otto Kemp,1B/OF,PHI,Turbo,Sat Aug 08 2026 01:00:00 GMT-0500 (Central Daylight Time),"Turbo 8/8 6:05PM, 3 Games",2000,43784482,0,0,0,6,,,,,,,,,,,,,,,https://dkn.gs/sports/images/mlb/players/50/782051.png,,,,,,,8/8/2026,,,,,,,,,,,,,,,,,,,,,,,,,,
Jacob Misiorowski,SP,MIL,Classic,Sat Aug 08 2026 01:00:00 GMT-0500 (Central Daylight Time),"Classic 8/8 7:10PM, 9 Games",12200,43785063,0,0,0,36.6,,,,,,,,,,,,,,,https://dkn.gs/sports/images/mlb/players/50/658796.png,,,,,,,8/8/2026,,,,,,,,,,,,,,,,,,,,,,,,,,
Tarik Skubal,SP,LAD,Classic,Sat Aug 08 2026 01:00:00 GMT-0500 (Central Daylight Time),"Classic 8/8 7:10PM, 9 Games",10900,43785064,0,0,0,32.7,,,,,,,,,,,,,,,https://dkn.gs/sports/images/mlb/players/50/459787.png,,,,,,,8/8/2026,,,,,,,,,,,,,,,,,,,,,,,,,,
Tyler Glasnow,SP,LAD,Classic,Sat Aug 08 2026 01:00:00 GMT-0500 (Central Daylight Time),"Classic 8/8 7:10PM, 9 Games",10600,43785065,0,0,0,31.8,,,,,,,,,,,,,,,https://dkn.gs/sports/images/mlb/players/50/31670.png,,,,,,,8/8/2026,,,,,,,,,,,,,,,,,,,,,,,,,,
Logan Henderson,SP,MIL,Classic,Sat Aug 08 2026 01:00:00 GMT-0500 (Central Daylight Time),"Classic 8/8 7:10PM, 9 Games",10300,43785066,0,0,0,30.9,,,,,,,,,,,,,,,https://dkn.gs/sports/images/mlb/players/50/582215.png,,,,,,,8/8/2026,,,,,,,,,,,,,,,,,,,,,,,,,,
Logan Gilbert,SP,SEA,Classic,Sat Aug 08 2026 01:00:00 GMT-0500 (Central Daylight Time),"Classic 8/8 7:10PM, 9 Games",10200,43785067,0,0,0,30.6,,,,,,,,,,,,,,,https://dkn.gs/sports/images/mlb/players/50/111248.png,,,,,,,8/8/2026,,,,,,,,,,,,,,,,,,,,,,,,,,
Drew Rasmussen,SP,TB,Classic,Sat Aug 08 2026 01:00:00 GMT-0500 (Central Daylight Time),"Classic 8/8 7:10PM, 9 Games",9900,43785068,0,0,0,29.7,,,,,,,,,,,,,,,https://dkn.gs/sports/images/mlb/players/50/459822.png,,,,,,,8/8/2026,,,,,,,,,,,,,,,,,,,,,,,,,,
Kyle Harrison,RP,MIL,Classic,Sat Aug 08 2026 01:00:00 GMT-0500 (Central Daylight Time),"Classic 8/8 7:10PM, 9 Games",9500,43785069,0,0,0,28.5,,,,,,,,,,,,,,,https://dkn.gs/sports/images/mlb/players/50/497509.png,,,,,,,8/8/2026,,,,,,,,,,,,,,,,,,,,,,,,,,
Logan Webb,SP,SF,Classic,Sat Aug 08 2026 01:00:00 GMT-0500 (Central Daylight Time),"Classic 8/8 7:10PM, 9 Games",9400,43785070,0,0,0,28.2,,,,,,,,,,,,,,,https://dkn.gs/sports/images/mlb/players/50/32764.png,,,,,,,8/8/2026,,,,,,,,,,,,,,,,,,,,,,,,,,
Troy Melton,SP,DET,Classic,Sat Aug 08 2026 01:00:00 GMT-0500 (Central Daylight Time),"Classic 8/8 7:10PM, 9 Games",9400,43785071,0,0,0,28.2,,,,,,,,,,,,,,,https://dkn.gs/sports/images/mlb/players/50/658784.png,,,,,,,8/8/2026,,,,,,,,,,,,,,,,,,,,,,,,,,
Brandon Woodruff,SP,MIL,Classic,Sat Aug 08 2026 01:00:00 GMT-0500 (Central Daylight Time),"Classic 8/8 7:10PM, 9 Games",9300,43785072,0,0,0,27.9,,,,,,,,,,,,,,,https://dkn.gs/sports/images/mlb/players/50/31630.png,,,,,,,8/8/2026,,,,,,,,,,,,,,,,,,,,,,,,,,
Nick Pivetta,SP,SD,Classic,Sat Aug 08 2026 01:00:00 GMT-0500 (Central Daylight Time),"Classic 8/8 7:10PM, 9 Games",9300,43785073,0,0,0,27.9,,,,,,,,,,,,,,,https://dkn.gs/sports/images/mlb/players/50/32062.png,,,,,,,8/8/2026,,,,,,,,,,,,,,,,,,,,,,,,,,
Nathan Eovaldi,SP,TEX,Classic,Sat Aug 08 2026 01:00:00 GMT-0500 (Central Daylight Time),"Classic 8/8 7:10PM, 9 Games",9300,43785074,0,0,0,27.9,,,,,,,,,,,,,,,https://dkn.gs/sports/images/mlb/players/50/31465.png,,,,,,,8/8/2026,,,,,,,,,,,,,,,,,,,,,,,,,,
Bryan Woo,SP,SEA,Classic,Sat Aug 08 2026 01:00:00 GMT-0500 (Central Daylight Time),"Classic 8/8 7:10PM, 9 Games",9200,43785075,0,0,0,27.6,,,,,,,,,,,,,,,https://dkn.gs/sports/images/mlb/players/50/658822.png,,,,,,,8/8/2026,,,,,,,,,,,,,,,,,,,,,,,,,,
Hunter Brown,SP,HOU,Classic,Sat Aug 08 2026 01:00:00 GMT-0500 (Central Daylight Time),"Classic 8/8 7:10PM, 9 Games",9200,43785076,0,0,0,27.6,,,,,,,,,,,,,,,https://dkn.gs/sports/images/mlb/players/50/516969.png,,,,,,,8/8/2026,,,,,,,,,,,,,,,,,,,,,,,,,,
Bryce Miller,SP,SEA,Classic,Sat Aug 08 2026 01:00:00 GMT-0500 (Central Daylight Time),"Classic 8/8 7:10PM, 9 Games",9200,43785077,0,0,0,27.6,,,,,,,,,,,,,,,https://dkn.gs/sports/images/mlb/players/50/581991.png,,,,,,,8/8/2026,,,,,,,,,,,,,,,,,,,,,,,,,,
Parker Messick,SP,CLE,Classic,Sat Aug 08 2026 01:00:00 GMT-0500 (Central Daylight Time),"Classic 8/8 7:10PM, 9 Games",9200,43785078,0,0,0,27.6,,,,,,,,,,,,,,,https://dkn.gs/sports/images/mlb/players/50/678687.png,,,,,,,8/8/2026,,,,,,,,,,,,,,,,,,,,,,,,,,
Casey Mize,SP,SD,Classic,Sat Aug 08 2026 01:00:00 GMT-0500 (Central Daylight Time),"Classic 8/8 7:10PM, 9 Games",9000,43785079,0,0,0,27,,,,,,,,,,,,,,,https://dkn.gs/sports/images/mlb/players/50/110845.png,,,,,,,8/8/2026,,,,,,,,,,,,,,,,,,,,,,,,,,
Shane McClanahan,SP,TB,Classic,Sat Aug 08 2026 01:00:00 GMT-0500 (Central Daylight Time),"Classic 8/8 7:10PM, 9 Games",8900,43785080,0,0,0,26.7,,,,,,,,,,,,,,,https://dkn.gs/sports/images/mlb/players/50/112739.png,,,,,,,8/8/2026,,,,,,,,,,,,,,,,,,,,,,,,,,
Joe Ryan,SP,MIN,Classic,Sat Aug 08 2026 01:00:00 GMT-0500 (Central Daylight Time),"Classic 8/8 7:10PM, 9 Games",8800,43785081,0,0,0,26.4,,,,,,,,,,,,,,,https://dkn.gs/sports/images/mlb/players/50/459915.png,,,,,,,8/8/2026,,,,,,,,,,,,,,,,,,,,,,,,,,
MacKenzie Gore,SP,TEX,Classic,Sat Aug 08 2026 01:00:00 GMT-0500 (Central Daylight Time),"Classic 8/8 7:10PM, 9 Games",8600,43785082,0,0,0,25.8,,,,,,,,,,,,,,,https://dkn.gs/sports/images/mlb/players/50/112358.png,,,,,,,8/8/2026,,,,,,,,,,,,,,,,,,,,,,,,,,
Shane Drohan,RP,MIL,Classic,Sat Aug 08 2026 01:00:00 GMT-0500 (Central Daylight Time),"Classic 8/8 7:10PM, 9 Games",8600,43785083,0,0,0,25.8,,,,,,,,,,,,,,,https://dkn.gs/sports/images/mlb/players/50/494847.png,,,,,,,8/8/2026,,,,,,,,,,,,,,,,,,,,,,,,,,
Corbin Burnes,SP,ARI,Classic,Sat Aug 08 2026 01:00:00 GMT-0500 (Central Daylight Time),"Classic 8/8 7:10PM, 9 Games",8600,43785084,0,0,0,25.8,,,,,,,,,,,,,,,https://dkn.gs/sports/images/mlb/players/50/31642.png,,,,,,,8/8/2026,,,,,,,,,,,,,,,,,,,,,,,,,,
Brandon Sproat,SP,MIL,Classic,Sat Aug 08 2026 01:00:00 GMT-0500 (Central Daylight Time),"Classic 8/8 7:10PM, 9 Games",8500,43785085,0,0,0,25.5,,,,,,,,,,,,,,,https://dkn.gs/sports/images/mlb/players/50/656358.png,,,,,,,8/8/2026,,,,,,,,,,,,,,,,,,,,,,,,,,
Blake Snell,SP,LAD,Classic,Sat Aug 08 2026 01:00:00 GMT-0500 (Central Daylight Time),"Classic 8/8 7:10PM, 9 Games",8500,43785086,0,0,0,25.5,,,,,,,,,,,,,,,https://dkn.gs/sports/images/mlb/players/50/31694.png,,,,,,,8/8/2026,,,,,,,,,,,,,,,,,,,,,,,,,,
Sean Burke,SP,CWS,Classic,Sat Aug 08 2026 01:00:00 GMT-0500 (Central Daylight Time),"Classic 8/8 7:10PM, 9 Games",8300,43785087,0,0,0,24.9,,,,,,,,,,,,,,,https://dkn.gs/sports/images/mlb/players/50/582149.png,,,,,,,8/8/2026,,,,,,,,,,,,,,,,,,,,,,,,,,
Ben Brown,RP,CHC,Classic,Sat Aug 08 2026 01:00:00 GMT-0500 (Central Daylight Time),"Classic 8/8 7:10PM, 9 Games",8300,43785088,0,0,0,24.9,,,,,,,,,,,,,,,https://dkn.gs/sports/images/mlb/players/50/659602.png,,,,,,,8/8/2026,,,,,,,,,,,,,,,,,,,,,,,,,,
Kevin Gausman,SP,CHC,Classic,Sat Aug 08 2026 01:00:00 GMT-0500 (Central Daylight Time),"Classic 8/8 7:10PM, 9 Games",8300,43785089,0,0,0,24.9,,,,,,,,,,,,,,,https://dkn.gs/sports/images/mlb/players/50/32428.png,,,,,,,8/8/2026,,,,,,,,,,,,,,,,,,,,,,,,,,
Foster Griffin,SP,CLE,Classic,Sat Aug 08 2026 01:00:00 GMT-0500 (Central Daylight Time),"Classic 8/8 7:10PM, 9 Games",8300,43785090,0,0,0,24.9,,,,,,,,,,,,,,,https://dkn.gs/sports/images/mlb/players/50/110892.png,,,,,,,8/8/2026,,,,,,,,,,,,,,,,,,,,,,,,,,
Emerson Hancock,SP,SEA,Classic,Sat Aug 08 2026 01:00:00 GMT-0500 (Central Daylight Time),"Classic 8/8 7:10PM, 9 Games",8200,43785091,0,0,0,24.6,,,,,,,,,,,,,,,https://dkn.gs/sports/images/mlb/players/50/494656.png,,,,,,,8/8/2026,,,,,,,,,,,,,,,,,,,,,,,,,,
Joe Musgrove,SP,SD,Classic,Sat Aug 08 2026 01:00:00 GMT-0500 (Central Daylight Time),"Classic 8/8 7:10PM, 9 Games",8200,43785092,0,0,0,24.6,,,,,,,,,,,,,,,https://dkn.gs/sports/images/mlb/players/50/32199.png,,,,,,,8/8/2026,,,,,,,,,,,,,,,,,,,,,,,,,,
Robbie Ray,SP,SD,Classic,Sat Aug 08 2026 01:00:00 GMT-0500 (Central Daylight Time),"Classic 8/8 7:10PM, 9 Games",8200,43785093,0,0,0,24.6,,,,,,,,,,,,,,,https://dkn.gs/sports/images/mlb/players/50/32068.png,,,,,,,8/8/2026,,,,,,,,,,,,,,,,,,,,,,,,,,
Kris Bubic,SP,LAD,Classic,Sat Aug 08 2026 01:00:00 GMT-0500 (Central Daylight Time),"Classic 8/8 7:10PM, 9 Games",8100,43785094,0,0,0,24.3,,,,,,,,,,,,,,,https://dkn.gs/sports/images/mlb/players/50/110906.png,,,,,,,8/8/2026,,,,,,,,,,,,,,,,,,,,,,,,,,
Justin Wrobleski,SP,LAD,Classic,Sat Aug 08 2026 01:00:00 GMT-0500 (Central Daylight Time),"Classic 8/8 7:10PM, 9 Games",8100,43785095,0,0,0,24.3,,,,,,,,,,,,,,,https://dkn.gs/sports/images/mlb/players/50/721239.png,,,,,,,8/8/2026,,,,,,,,,,,,,,,,,,,,,,,,,,
Tatsuya Imai,SP,HOU,Classic,Sat Aug 08 2026 01:00:00 GMT-0500 (Central Daylight Time),"Classic 8/8 7:10PM, 9 Games",8100,43785096,0,0,0,24.3,,,,,,,,,,,,,,,https://dkn.gs/sports/images/mlb/players/50/495379.png,,,,,,,8/8/2026,,,,,,,,,,,,,,,,,,,,,,,,,,
Kai-Wei Teng,RP,HOU,Classic,Sat Aug 08 2026 01:00:00 GMT-0500 (Central Daylight Time),"Classic 8/8 7:10PM, 9 Games",8100,43785097,0,0,0,24.3,,,,,,,,,,,,,,,https://dkn.gs/sports/images/mlb/players/50/552714.png,,,,,,,8/8/2026,,,,,,,,,,,,,,,,,,,,,,,,,,
Brandon Walter,SP,HOU,Classic,Sat Aug 08 2026 01:00:00 GMT-0500 (Central Daylight Time),"Classic 8/8 7:10PM, 9 Games",8000,43785098,0,0,0,24,,,,,,,,,,,,,,,https://dkn.gs/sports/images/mlb/players/50/625767.png,,,,,,,8/8/2026,,,,,,,,,,,,,,,,,,,,,,,,,,
Michael Wacha,SP,KC,Classic,Sat Aug 08 2026 01:00:00 GMT-0500 (Central Daylight Time),"Classic 8/8 7:10PM, 9 Games",8000,43785099,0,0,0,24,,,,,,,,,,,,,,,https://dkn.gs/sports/images/mlb/players/50/32344.png,,,,,,,8/8/2026,,,,,,,,,,,,,,,,,,,,,,,,,,
Joey Cantillo,RP,CLE,Classic,Sat Aug 08 2026 01:00:00 GMT-0500 (Central Daylight Time),"Classic 8/8 7:10PM, 9 Games",8000,43785100,0,0,0,24,,,,,,,,,,,,,,,https://dkn.gs/sports/images/mlb/players/50/459884.png,,,,,,,8/8/2026,,,,,,,,,,,,,,,,,,,,,,,,,,
Joe Boyle,RP,TB,Classic,Sat Aug 08 2026 01:00:00 GMT-0500 (Central Daylight Time),"Classic 8/8 7:10PM, 9 Games",8000,43785101,0,0,0,24,,,,,,,,,,,,,,,https://dkn.gs/sports/images/mlb/players/50/643466.png,,,,,,,8/8/2026,,,,,,,,,,,,,,,,,,,,,,,,,,
Bailey Ober,SP,MIN,Classic,Sat Aug 08 2026 01:00:00 GMT-0500 (Central Daylight Time),"Classic 8/8 7:10PM, 9 Games",8000,43785102,0,0,0,24,,,,,,,,,,,,,,,https://dkn.gs/sports/images/mlb/players/50/527782.png,,,,,,,8/8/2026,,,,,,,,,,,,,,,,,,,,,,,,,,
Trevor Rogers,SP,BAL,Classic,Sat Aug 08 2026 01:00:00 GMT-0500 (Central Daylight Time),"Classic 8/8 7:10PM, 9 Games",7900,43785103,0,0,0,23.7,,,,,,,,,,,,,,,https://dkn.gs/sports/images/mlb/players/50/112597.png,,,,,,,8/8/2026,,,,,,,,,,,,,,,,,,,,,,,,,,
Pablo Lopez,SP,MIN,Classic,Sat Aug 08 2026 01:00:00 GMT-0500 (Central Daylight Time),"Classic 8/8 7:10PM, 9 Games",7900,43785104,0,0,0,23.7,,,,,,,,,,,,,,,https://dkn.gs/sports/images/mlb/players/50/31457.png,,,,,,,8/8/2026,,,,,,,,,,,,,,,,,,,,,,,,,,
Freddy Peralta,SP,TB,Classic,Sat Aug 08 2026 01:00:00 GMT-0500 (Central Daylight Time),"Classic 8/8 7:10PM, 9 Games",7900,43785105,0,0,0,23.7,,,,,,,,,,,,,,,https://dkn.gs/sports/images/mlb/players/50/31652.png,,,,,,,8/8/2026,,,,,,,,,,,,,,,,,,,,,,,,,,
Nick Martinez,RP,TB,Classic,Sat Aug 08 2026 01:00:00 GMT-0500 (Central Daylight Time),"Classic 8/8 7:10PM, 9 Games",7900,43785106,0,0,0,23.7,,,,,,,,,,,,,,,https://dkn.gs/sports/images/mlb/players/50/111340.png,,,,,,,8/8/2026,,,,,,,,,,,,,,,,,,,,,,,,,,
Mick Abel,SP,MIN,Classic,Sat Aug 08 2026 01:00:00 GMT-0500 (Central Daylight Time),"Classic 8/8 7:10PM, 9 Games",7900,43785107,0,0,0,23.7,,,,,,,,,,,,,,,https://dkn.gs/sports/images/mlb/players/50/494680.png,,,,,,,8/8/2026,,,,,,,,,,,,,,,,,,,,,,,,,,
Tanner Bibee,SP,CLE,Classic,Sat Aug 08 2026 01:00:00 GMT-0500 (Central Daylight Time),"Classic 8/8 7:10PM, 9 Games",7900,43785108,0,0,0,23.7,,,,,,,,,,,,,,,https://dkn.gs/sports/images/mlb/players/50/582158.png,,,,,,,8/8/2026,,,,,,,,,,,,,,,,,,,,,,,,,,
Brandon Young,SP,BAL,Classic,Sat Aug 08 2026 01:00:00 GMT-0500 (Central Daylight Time),"Classic 8/8 7:10PM, 9 Games",7800,43785109,0,0,0,23.4,,,,,,,,,,,,,,,https://dkn.gs/sports/images/mlb/players/50/808727.png,,,,,,,8/8/2026,,,,,,,,,,,,,,,,,,,,,,,,,,
Shane Baz,SP,BAL,Classic,Sat Aug 08 2026 01:00:00 GMT-0500 (Central Daylight Time),"Classic 8/8 7:10PM, 9 Games",7700,43785110,0,0,0,23.1,,,,,,,,,,,,,,,https://dkn.gs/sports/images/mlb/players/50/112218.png,,,,,,,8/8/2026,,,,,,,,,,,,,,,,,,,,,,,,,,
Dustin May,SP,MIL,Classic,Sat Aug 08 2026 01:00:00 GMT-0500 (Central Daylight Time),"Classic 8/8 7:10PM, 9 Games",7700,43785111,0,0,0,23.1,,,,,,,,,,,,,,,https://dkn.gs/sports/images/mlb/players/50/32727.png,,,,,,,8/8/2026,,,,,,,,,,,,,,,,,,,,,,,,,,
Zach Eflin,SP,BAL,Classic,Sat Aug 08 2026 01:00:00 GMT-0500 (Central Daylight Time),"Classic 8/8 7:10PM, 9 Games",7700,43785112,0,0,0,23.1,,,,,,,,,,,,,,,https://dkn.gs/sports/images/mlb/players/50/32042.png,,,,,,,8/8/2026,,,,,,,,,,,,,,,,,,,,,,,,,,
Kyle Leahy,RP,STL,Classic,Sat Aug 08 2026 01:00:00 GMT-0500 (Central Daylight Time),"Classic 8/8 7:10PM, 9 Games",7600,43785113,0,0,0,22.8,,,,,,,,,,,,,,,https://dkn.gs/sports/images/mlb/players/50/698880.png,,,,,,,8/8/2026,,,,,,,,,,,,,,,,,,,,,,,,,,
Framber Valdez,RP,DET,Classic,Sat Aug 08 2026 01:00:00 GMT-0500 (Central Daylight Time),"Classic 8/8 7:10PM, 9 Games",7600,43785114,0,0,0,22.8,,,,,,,,,,,,,,,https://dkn.gs/sports/images/mlb/players/50/32025.png,,,,,,,8/8/2026,,,,,,,,,,,,,,,,,,,,,,,,,,
Hunter Dobbins,SP,STL,Classic,Sat Aug 08 2026 01:00:00 GMT-0500 (Central Daylight Time),"Classic 8/8 7:10PM, 9 Games",7600,43785115,0,0,0,22.8,,,,,,,,,,,,,,,https://dkn.gs/sports/images/mlb/players/50/849961.png,,,,,,,8/8/2026,,,,,,,,,,,,,,,,,,,,,,,,,,
Michael McGreevy,SP,STL,Classic,Sat Aug 08 2026 01:00:00 GMT-0500 (Central Daylight Time),"Classic 8/8 7:10PM, 9 Games",7600,43785116,0,0,0,22.8,,,,,,,,,,,,,,,https://dkn.gs/sports/images/mlb/players/50/587698.png,,,,,,,8/8/2026,,,,,,,,,,,,,,,,,,,,,,,,,,
Andre Pallante,RP,STL,Classic,Sat Aug 08 2026 01:00:00 GMT-0500 (Central Daylight Time),"Classic 8/8 7:10PM, 9 Games",7600,43785117,0,0,0,22.8,,,,,,,,,,,,,,,https://dkn.gs/sports/images/mlb/players/50/459911.png,,,,,,,8/8/2026,,,,,,,,,,,,,,,,,,,,,,,,,,
Chad Patrick,SP,MIL,Classic,Sat Aug 08 2026 01:00:00 GMT-0500 (Central Daylight Time),"Classic 8/8 7:10PM, 9 Games",7600,43785118,0,0,0,22.8,,,,,,,,,,,,,,,https://dkn.gs/sports/images/mlb/players/50/582200.png,,,,,,,8/8/2026,,,,,,,,,,,,,,,,,,,,,,,,,,
Jack Flaherty,SP,DET,Classic,Sat Aug 08 2026 01:00:00 GMT-0500 (Central Daylight Time),"Classic 8/8 7:10PM, 9 Games",7600,43785119,0,0,0,22.8,,,,,,,,,,,,,,,https://dkn.gs/sports/images/mlb/players/50/32387.png,,,,,,,8/8/2026,,,,,,,,,,,,,,,,,,,,,,,,,,
Michael Soroka,SP,ARI,Classic,Sat Aug 08 2026 01:00:00 GMT-0500 (Central Daylight Time),"Classic 8/8 7:10PM, 9 Games",7600,43785120,0,0,0,22.8,,,,,,,,,,,,,,,https://dkn.gs/sports/images/mlb/players/50/32263.png,,,,,,,8/8/2026,,,,,,,,,,,,,,,,,,,,,,,,,,
Eduardo Rodriguez,SP,ARI,Classic,Sat Aug 08 2026 01:00:00 GMT-0500 (Central Daylight Time),"Classic 8/8 7:10PM, 9 Games",7500,43785121,0,0,0,22.5,,,,,,,,,,,,,,,https://dkn.gs/sports/images/mlb/players/50/31498.png,,,,,,,8/8/2026,,,,,,,,,,,,,,,,,,,,,,,,,,
Keider Montero,SP,DET,Classic,Sat Aug 08 2026 01:00:00 GMT-0500 (Central Daylight Time),"Classic 8/8 7:10PM, 9 Games",7500,43785122,0,0,0,22.5,,,,,,,,,,,,,,,https://dkn.gs/sports/images/mlb/players/50/726703.png,,,,,,,8/8/2026,,,,,,,,,,,,,,,,,,,,,,,,,,
Shota Imanaga,SP,CHC,Classic,Sat Aug 08 2026 01:00:00 GMT-0500 (Central Daylight Time),"Classic 8/8 7:10PM, 9 Games",7400,43785123,0,0,0,22.2,,,,,,,,,,,,,,,https://dkn.gs/sports/images/mlb/players/50/494345.png,,,,,,,8/8/2026,,,,,,,,,,,,,,,,,,,,,,,,,,
Luis Castillo,SP,CWS,Classic,Sat Aug 08 2026 01:00:00 GMT-0500 (Central Daylight Time),"Classic 8/8 7:10PM, 9 Games",7400,43785124,0,0,0,22.2,,,,,,,,,,,,,,,https://dkn.gs/sports/images/mlb/players/50/32505.png,,,,,,,8/8/2026,,,,,,,,,,,,,,,,,,,,,,,,,,
Slade Cecconi,SP,CLE,Classic,Sat Aug 08 2026 01:00:00 GMT-0500 (Central Daylight Time),"Classic 8/8 7:10PM, 9 Games",7400,43785125,0,0,0,22.2,,,,,,,,,,,,,,,https://dkn.gs/sports/images/mlb/players/50/494669.png,,,,,,,8/8/2026,,,,,,,,,,,,,,,,,,,,,,,,,,
Justin Steele,SP,CHC,Classic,Sat Aug 08 2026 01:00:00 GMT-0500 (Central Daylight Time),"Classic 8/8 7:10PM, 9 Games",7400,43785126,0,0,0,22.2,,,,,,,,,,,,,,,https://dkn.gs/sports/images/mlb/players/50/69408.png,,,,,,,8/8/2026,,,,,,,,,,,,,,,,,,,,,,,,,,
David Sandlin,RP,CWS,Classic,Sat Aug 08 2026 01:00:00 GMT-0500 (Central Daylight Time),"Classic 8/8 7:10PM, 9 Games",7400,43785127,0,0,0,22.2,,,,,,,,,,,,,,,https://dkn.gs/sports/images/mlb/players/50/708529.png,,,,,,,8/8/2026,,,,,,,,,,,,,,,,,,,,,,,,,,
Roki Sasaki,SP,LAD,Classic,Sat Aug 08 2026 01:00:00 GMT-0500 (Central Daylight Time),"Classic 8/8 7:10PM, 9 Games",7300,43785128,0,0,0,21.9,,,,,,,,,,,,,,,https://dkn.gs/sports/images/mlb/players/50/494788.png,,,,,,,8/8/2026,,,,,,,,,,,,,,,,,,,,,,,,,,
Davis Martin,SP,CWS,Classic,Sat Aug 08 2026 01:00:00 GMT-0500 (Central Daylight Time),"Classic 8/8 7:10PM, 9 Games",7300,43785129,0,0,0,21.9,,,,,,,,,,,,,,,https://dkn.gs/sports/images/mlb/players/50/476758.png,,,,,,,8/8/2026,,,,,,,,,,,,,,,,,,,,,,,,,,
Logan Evans,SP,SEA,Classic,Sat Aug 08 2026 01:00:00 GMT-0500 (Central Daylight Time),"Classic 8/8 7:10PM, 9 Games",7300,43785130,0,0,0,21.9,,,,,,,,,,,,,,,https://dkn.gs/sports/images/mlb/players/50/780053.png,,,,,,,8/8/2026,,,,,,,,,,,,,,,,,,,,,,,,,,
Cooper Criswell,RP,SEA,Classic,Sat Aug 08 2026 01:00:00 GMT-0500 (Central Daylight Time),"Classic 8/8 7:10PM, 9 Games",7300,43785131,0,0,0,21.9,,,,,,,,,,,,,,,https://dkn.gs/sports/images/mlb/players/50/598473.png,,,,,,,8/8/2026,,,,,,,,,,,,,,,,,,,,,,,,,,
Jonathan Cannon,SP,CWS,Classic,Sat Aug 08 2026 01:00:00 GMT-0500 (Central Daylight Time),"Classic 8/8 7:10PM, 9 Games",7300,43785132,0,0,0,21.9,,,,,,,,,,,,,,,https://dkn.gs/sports/images/mlb/players/50/678686.png,,,,,,,8/8/2026,,,,,,,,,,,,,,,,,,,,,,,,,,
Shane Smith,RP,CWS,Classic,Sat Aug 08 2026 01:00:00 GMT-0500 (Central Daylight Time),"Classic 8/8 7:10PM, 9 Games",7300,43785133,0,0,0,21.9,,,,,,,,,,,,,,,https://dkn.gs/sports/images/mlb/players/50/779754.png,,,,,,,8/8/2026,,,,,,,,,,,,,,,,,,,,,,,,,,
JP Sears,SP,SD,Classic,Sat Aug 08 2026 01:00:00 GMT-0500 (Central Daylight Time),"Classic 8/8 7:10PM, 9 Games",7300,43785134,0,0,0,21.9,,,,,,,,,,,,,,,https://dkn.gs/sports/images/mlb/players/50/614779.png,,,,,,,8/8/2026,,,,,,,,,,,,,,,,,,,,,,,,,,
Walker Buehler,SP,SD,Classic,Sat Aug 08 2026 01:00:00 GMT-0500 (Central Daylight Time),"Classic 8/8 7:10PM, 9 Games",7300,43785135,0,0,0,21.9,,,,,,,,,,,,,,,https://dkn.gs/sports/images/mlb/players/50/32718.png,,,,,,,8/8/2026,,,,,,,,,,,,,,,,,,,,,,,,,,
Matthew Boyd,SP,CHC,Classic,Sat Aug 08 2026 01:00:00 GMT-0500 (Central Daylight Time),"Classic 8/8 7:10PM, 9 Games",7300,43785136,0,0,0,21.9,,,,,,,,,,,,,,,https://dkn.gs/sports/images/mlb/players/50/31846.png,,,,,,,8/8/2026,,,,,,,,,,,,,,,,,,,,,,,,,,
Emmet Sheehan,SP,LAD,Classic,Sat Aug 08 2026 01:00:00 GMT-0500 (Central Daylight Time),"Classic 8/8 7:10PM, 9 Games",7300,43785137,0,0,0,21.9,,,,,,,,,,,,,,,https://dkn.gs/sports/images/mlb/players/50/658791.png,,,,,,,8/8/2026,,,,,,,,,,,,,,,,,,,,,,,,,,
Edward Cabrera,SP,CHC,Classic,Sat Aug 08 2026 01:00:00 GMT-0500 (Central Daylight Time),"Classic 8/8 7:10PM, 9 Games",7300,43785138,0,0,0,21.9,,,,,,,,,,,,,,,https://dkn.gs/sports/images/mlb/players/50/112594.png,,,,,,,8/8/2026,,,,,,,,,,,,,,,,,,,,,,,,,,
Cade Horton,SP,CHC,Classic,Sat Aug 08 2026 01:00:00 GMT-0500 (Central Daylight Time),"Classic 8/8 7:10PM, 9 Games",7300,43785139,0,0,0,21.9,,,,,,,,,,,,,,,https://dkn.gs/sports/images/mlb/players/50/658762.png,,,,,,,8/8/2026,,,,,,,,,,,,,,,,,,,,,,,,,,
Lucas Giolito,SP,SD,Classic,Sat Aug 08 2026 01:00:00 GMT-0500 (Central Daylight Time),"Classic 8/8 7:10PM, 9 Games",7200,43785140,0,0,0,21.6,,,,,,,,,,,,,,,https://dkn.gs/sports/images/mlb/players/50/31594.png,,,,,,,8/8/2026,,,,,,,,,,,,,,,,,,,,,,,,,,
Ronel Blanco,SP,HOU,Classic,Sat Aug 08 2026 01:00:00 GMT-0500 (Central Daylight Time),"Classic 8/8 7:10PM, 9 Games",7200,43785141,0,0,0,21.6,,,,,,,,,,,,,,,https://dkn.gs/sports/images/mlb/players/50/476286.png,,,,,,,8/8/2026,,,,,,,,,,,,,,,,,,,,,,,,,,
Hayden Wesneski,RP,HOU,Classic,Sat Aug 08 2026 01:00:00 GMT-0500 (Central Daylight Time),"Classic 8/8 7:10PM, 9 Games",7100,43785142,0,0,0,21.3,,,,,,,,,,,,,,,https://dkn.gs/sports/images/mlb/players/50/591143.png,,,,,,,8/8/2026,,,,,,,,,,,,,,,,,,,,,,,,,,
Cristian Javier,SP,HOU,Classic,Sat Aug 08 2026 01:00:00 GMT-0500 (Central Daylight Time),"Classic 8/8 7:10PM, 9 Games",7100,43785143,0,0,0,21.3,,,,,,,,,,,,,,,https://dkn.gs/sports/images/mlb/players/50/111804.png,,,,,,,8/8/2026,,,,,,,,,,,,,,,,,,,,,,,,,,
Ian Seymour,RP,TB,Classic,Sat Aug 08 2026 01:00:00 GMT-0500 (Central Daylight Time),"Classic 8/8 7:10PM, 9 Games",7100,43785144,0,0,0,21.3,,,,,,,,,,,,,,,https://dkn.gs/sports/images/mlb/players/50/516971.png,,,,,,,8/8/2026,,,,,,,,,,,,,,,,,,,,,,,,,,
Mike Burrows,SP,HOU,Classic,Sat Aug 08 2026 01:00:00 GMT-0500 (Central Daylight Time),"Classic 8/8 7:10PM, 9 Games",7100,43785145,0,0,0,21.3,,,,,,,,,,,,,,,https://dkn.gs/sports/images/mlb/players/50/595457.png,,,,,,,8/8/2026,,,,,,,,,,,,,,,,,,,,,,,,,,
Connor Prielipp,SP,MIN,Classic,Sat Aug 08 2026 01:00:00 GMT-0500 (Central Daylight Time),"Classic 8/8 7:10PM, 9 Games",7100,43785146,0,0,0,21.3,,,,,,,,,,,,,,,https://dkn.gs/sports/images/mlb/players/50/656143.png,,,,,,,8/8/2026,,,,,,,,,,,,,,,,,,,,,,,,,,
Jason Alexander,RP,HOU,Classic,Sat Aug 08 2026 01:00:00 GMT-0500 (Central Daylight Time),"Classic 8/8 7:10PM, 9 Games",7100,43785147,0,0,0,21.3,,,,,,,,,,,,,,,https://dkn.gs/sports/images/mlb/players/50/634929.png,,,,,,,8/8/2026,,,,,,,,,,,,,,,,,,,,,,,,,,
AJ Blubaugh,RP,HOU,Classic,Sat Aug 08 2026 01:00:00 GMT-0500 (Central Daylight Time),"Classic 8/8 7:10PM, 9 Games",7100,43785148,0,0,0,21.3,,,,,,,,,,,,,,,https://dkn.gs/sports/images/mlb/players/50/779615.png,,,,,,,8/8/2026,,,,,,,,,,,,,,,,,,,,,,,,,,
Randy Dobnak,RP,KC,Classic,Sat Aug 08 2026 01:00:00 GMT-0500 (Central Daylight Time),"Classic 8/8 7:10PM, 9 Games",7100,43785149,0,0,0,21.3,,,,,,,,,,,,,,,https://dkn.gs/sports/images/mlb/players/50/32425.png,,,,,,,8/8/2026,,,,,,,,,,,,,,,,,,,,,,,,,,
Kendry Rojas,RP,MIN,Classic,Sat Aug 08 2026 01:00:00 GMT-0500 (Central Daylight Time),"Classic 8/8 7:10PM, 9 Games",7100,43785150,0,0,0,21.3,,,,,,,,,,,,,,,https://dkn.gs/sports/images/mlb/players/50/708707.png,,,,,,,8/8/2026,,,,,,,,,,,,,,,,,,,,,,,,,,
Jack Anderson,RP,MIN,Classic,Sat Aug 08 2026 01:00:00 GMT-0500 (Central Daylight Time),"Classic 8/8 7:10PM, 9 Games",7100,43785151,0,0,0,21.3,,,,,,,,,,,,,,,https://dkn.gs/sports/images/mlb/teams/50/29909.png,,,,,,,8/8/2026,,,,,,,,,,,,,,,,,,,,,,,,,,
Zebby Matthews,SP,MIN,Classic,Sat Aug 08 2026 01:00:00 GMT-0500 (Central Daylight Time),"Classic 8/8 7:10PM, 9 Games",7000,43785152,0,0,0,21,,,,,,,,,,,,,,,https://dkn.gs/sports/images/mlb/players/50/708859.png,,,,,,,8/8/2026,,,,,,,,,,,,,,,,,,,,,,,,,,
Tyler Wells,SP,TB,Classic,Sat Aug 08 2026 01:00:00 GMT-0500 (Central Daylight Time),"Classic 8/8 7:10PM, 9 Games",7000,43785153,0,0,0,21,,,,,,,,,,,,,,,https://dkn.gs/sports/images/mlb/players/50/459683.png,,,,,,,8/8/2026,,,,,,,,,,,,,,,,,,,,,,,,,,
Steven Matz,SP,TB,Classic,Sat Aug 08 2026 01:00:00 GMT-0500 (Central Daylight Time),"Classic 8/8 7:10PM, 9 Games",7000,43785154,0,0,0,21,,,,,,,,,,,,,,,https://dkn.gs/sports/images/mlb/players/50/31739.png,,,,,,,8/8/2026,,,,,,,,,,,,,,,,,,,,,,,,,,
Jesse Scholtens,RP,TB,Classic,Sat Aug 08 2026 01:00:00 GMT-0500 (Central Daylight Time),"Classic 8/8 7:10PM, 9 Games",7000,43785155,0,0,0,21,,,,,,,,,,,,,,,https://dkn.gs/sports/images/mlb/players/50/476778.png,,,,,,,8/8/2026,,,,,,,,,,,,,,,,,,,,,,,,,,
Ryan Pepiot,SP,TB,Classic,Sat Aug 08 2026 01:00:00 GMT-0500 (Central Daylight Time),"Classic 8/8 7:10PM, 9 Games",7000,43785156,0,0,0,21,,,,,,,,,,,,,,,https://dkn.gs/sports/images/mlb/players/50/501166.png,,,,,,,8/8/2026,,,,,,,,,,,,,,,,,,,,,,,,,,
Mason Englert,RP,TB,Classic,Sat Aug 08 2026 01:00:00 GMT-0500 (Central Daylight Time),"Classic 8/8 7:10PM, 9 Games",7000,43785157,0,0,0,21,,,,,,,,,,,,,,,https://dkn.gs/sports/images/mlb/players/50/111370.png,,,,,,,8/8/2026,,,,,,,,,,,,,,,,,,,,,,,,,,
Dean Kremer,SP,MIN,Classic,Sat Aug 08 2026 01:00:00 GMT-0500 (Central Daylight Time),"Classic 8/8 7:10PM, 9 Games",7000,43785158,0,0,0,21,,,,,,,,,,,,,,,https://dkn.gs/sports/images/mlb/players/50/110439.png,,,,,,,8/8/2026,,,,,,,,,,,,,,,,,,,,,,,,,,
David Festa,SP,MIN,Classic,Sat Aug 08 2026 01:00:00 GMT-0500 (Central Daylight Time),"Classic 8/8 7:10PM, 9 Games",7000,43785159,0,0,0,21,,,,,,,,,,,,,,,https://dkn.gs/sports/images/mlb/players/50/643834.png,,,,,,,8/8/2026,,,,,,,,,,,,,,,,,,,,,,,,,,
Logan Allen,SP,CLE,Classic,Sat Aug 08 2026 01:00:00 GMT-0500 (Central Daylight Time),"Classic 8/8 7:10PM, 9 Games",6900,43785160,0,0,0,20.7,,,,,,,,,,,,,,,https://dkn.gs/sports/images/mlb/players/50/494709.png,,,,,,,8/8/2026,,,,,,,,,,,,,,,,,,,,,,,,,,
Cade Povich,SP,BAL,Classic,Sat Aug 08 2026 01:00:00 GMT-0500 (Central Daylight Time),"Classic 8/8 7:10PM, 9 Games",6800,43785161,0,0,0,20.4,,,,,,,,,,,,,,,https://dkn.gs/sports/images/mlb/players/50/582205.png,,,,,,,8/8/2026,,,,,,,,,,,,,,,,,,,,,,,,,,
Cole Ragans,SP,KC,Classic,Sat Aug 08 2026 01:00:00 GMT-0500 (Central Daylight Time),"Classic 8/8 7:10PM, 9 Games",6800,43785162,0,0,0,20.4,,,,,,,,,,,,,,,https://dkn.gs/sports/images/mlb/players/50/111359.png,,,,,,,8/8/2026,,,,,,,,,,,,,,,,,,,,,,,,,,
Reese Olson,SP,DET,Classic,Sat Aug 08 2026 01:00:00 GMT-0500 (Central Daylight Time),"Classic 8/8 7:10PM, 9 Games",6800,43785163,0,0,0,20.4,,,,,,,,,,,,,,,https://dkn.gs/sports/images/mlb/players/50/591186.png,,,,,,,8/8/2026,,,,,,,,,,,,,,,,,,,,,,,,,,
Quinn Mathews,SP,STL,Classic,Sat Aug 08 2026 01:00:00 GMT-0500 (Central Daylight Time),"Classic 8/8 7:10PM, 9 Games",6700,43785164,0,0,0,20.1,,,,,,,,,,,,,,,https://dkn.gs/sports/images/mlb/players/50/718757.png,,,,,,,8/8/2026,,,,,,,,,,,,,,,,,,,,,,,,,,
Noah Cameron,SP,KC,Classic,Sat Aug 08 2026 01:00:00 GMT-0500 (Central Daylight Time),"Classic 8/8 7:10PM, 9 Games",6700,43785165,0,0,0,20.1,,,,,,,,,,,,,,,https://dkn.gs/sports/images/mlb/players/50/708522.png,,,,,,,8/8/2026,,,,,,,,,,,,,,,,,,,,,,,,,,
Cody Bradford,RP,TEX,Classic,Sat Aug 08 2026 01:00:00 GMT-0500 (Central Daylight Time),"Classic 8/8 7:10PM, 9 Games",6700,43785166,0,0,0,20.1,,,,,,,,,,,,,,,https://dkn.gs/sports/images/mlb/players/50/459706.png,,,,,,,8/8/2026,,,,,,,,,,,,,,,,,,,,,,,,,,
Ryne Nelson,SP,ARI,Classic,Sat Aug 08 2026 01:00:00 GMT-0500 (Central Daylight Time),"Classic 8/8 7:10PM, 9 Games",6700,43785167,0,0,0,20.1,,,,,,,,,,,,,,,https://dkn.gs/sports/images/mlb/players/50/557827.png,,,,,,,8/8/2026,,,,,,,,,,,,,,,,,,,,,,,,,,
Justin Verlander,SP,DET,Classic,Sat Aug 08 2026 01:00:00 GMT-0500 (Central Daylight Time),"Classic 8/8 7:10PM, 9 Games",6700,43785168,0,0,0,20.1,,,,,,,,,,,,,,,https://dkn.gs/sports/images/mlb/players/50/31942.png,,,,,,,8/8/2026,,,,,,,,,,,,,,,,,,,,,,,,,,
Kohl Drake,RP,ARI,Classic,Sat Aug 08 2026 01:00:00 GMT-0500 (Central Daylight Time),"Classic 8/8 7:10PM, 9 Games",6700,43785169,0,0,0,20.1,,,,,,,,,,,,,,,https://dkn.gs/sports/images/mlb/players/50/834857.png,,,,,,,8/8/2026,,,,,,,,,,,,,,,,,,,,,,,,,,
Drew Anderson,RP,DET,Classic,Sat Aug 08 2026 01:00:00 GMT-0500 (Central Daylight Time),"Classic 8/8 7:10PM, 9 Games",6600,43785170,0,0,0,19.8,,,,,,,,,,,,,,,https://dkn.gs/sports/images/mlb/players/50/32066.png,,,,,,,8/8/2026,,,,,,,,,,,,,,,,,,,,,,,,,,
Colton Gordon,SP,MIL,Classic,Sat Aug 08 2026 01:00:00 GMT-0500 (Central Daylight Time),"Classic 8/8 7:10PM, 9 Games",6600,43785171,0,0,0,19.8,,,,,,,,,,,,,,,https://dkn.gs/sports/images/mlb/players/50/699231.png,,,,,,,8/8/2026,,,,,,,,,,,,,,,,,,,,,,,,,,
Merrill Kelly,SP,ARI,Classic,Sat Aug 08 2026 01:00:00 GMT-0500 (Central Daylight Time),"Classic 8/8 7:10PM, 9 Games",6600,43785172,0,0,0,19.8,,,,,,,,,,,,,,,https://dkn.gs/sports/images/mlb/players/50/32153.png,,,,,,,8/8/2026,,,,,,,,,,,,,,,,,,,,,,,,,,
Mitch Bratt,SP,ARI,Classic,Sat Aug 08 2026 01:00:00 GMT-0500 (Central Daylight Time),"Classic 8/8 7:10PM, 9 Games",6600,43785173,0,0,0,19.8,,,,,,,,,,,,,,,https://dkn.gs/sports/images/mlb/players/50/582152.png,,,,,,,8/8/2026,,,,,,,,,,,,,,,,,,,,,,,,,,
Jack Leiter,SP,TEX,Classic,Sat Aug 08 2026 01:00:00 GMT-0500 (Central Daylight Time),"Classic 8/8 7:10PM, 9 Games",6600,43785174,0,0,0,19.8,,,,,,,,,,,,,,,https://dkn.gs/sports/images/mlb/players/50/581835.png,,,,,,,8/8/2026,,,,,,,,,,,,,,,,,,,,,,,,,,
Jacob Latz,RP,TEX,Classic,Sat Aug 08 2026 01:00:00 GMT-0500 (Central Daylight Time),"Classic 8/8 7:10PM, 9 Games",6600,43785175,0,0,0,19.8,,,,,,,,,,,,,,,https://dkn.gs/sports/images/mlb/players/50/552713.png,,,,,,,8/8/2026,,,,,,,,,,,,,,,,,,,,,,,,,,
Kumar Rocker,SP,TEX,Classic,Sat Aug 08 2026 01:00:00 GMT-0500 (Central Daylight Time),"Classic 8/8 7:10PM, 9 Games",6500,43785176,0,0,0,19.5,,,,,,,,,,,,,,,https://dkn.gs/sports/images/mlb/players/50/581845.png,,,,,,,8/8/2026,,,,,,,,,,,,,,,,,,,,,,,,,,
Quinn Priester,SP,MIL,Classic,Sat Aug 08 2026 01:00:00 GMT-0500 (Central Daylight Time),"Classic 8/8 7:10PM, 9 Games",6500,43785177,0,0,0,19.5,,,,,,,,,,,,,,,https://dkn.gs/sports/images/mlb/players/50/459870.png,,,,,,,8/8/2026,,,,,,,,,,,,,,,,,,,,,,,,,,
Colin Rea,RP,CHC,Classic,Sat Aug 08 2026 01:00:00 GMT-0500 (Central Daylight Time),"Classic 8/8 7:10PM, 9 Games",6500,43785178,0,0,0,19.5,,,,,,,,,,,,,,,https://dkn.gs/sports/images/mlb/players/50/111644.png,,,,,,,8/8/2026,,,,,,,,,,,,,,,,,,,,,,,,,,
Aaron Civale,RP,CHC,Classic,Sat Aug 08 2026 01:00:00 GMT-0500 (Central Daylight Time),"Classic 8/8 7:10PM, 9 Games",6400,43785179,0,0,0,19.2,,,,,,,,,,,,,,,https://dkn.gs/sports/images/mlb/players/50/31784.png,,,,,,,8/8/2026,,,,,,,,,,,,,,,,,,,,,,,,,,
Jordan Wicks,SP,CHC,Classic,Sat Aug 08 2026 01:00:00 GMT-0500 (Central Daylight Time),"Classic 8/8 7:10PM, 9 Games",6400,43785180,0,0,0,19.2,,,,,,,,,,,,,,,https://dkn.gs/sports/images/mlb/players/50/587676.png,,,,,,,8/8/2026,,,,,,,,,,,,,,,,,,,,,,,,,,
Ethan Roberts,RP,CHC,Classic,Sat Aug 08 2026 01:00:00 GMT-0500 (Central Daylight Time),"Classic 8/8 7:10PM, 9 Games",6400,43785181,0,0,0,19.2,,,,,,,,,,,,,,,https://dkn.gs/sports/images/mlb/players/50/614776.png,,,,,,,8/8/2026,,,,,,,,,,,,,,,,,,,,,,,,,,
Kyle Hart,SP,SD,Classic,Sat Aug 08 2026 01:00:00 GMT-0500 (Central Daylight Time),"Classic 8/8 7:10PM, 9 Games",6400,43785182,0,0,0,19.2,,,,,,,,,,,,,,,https://dkn.gs/sports/images/mlb/players/50/457161.png,,,,,,,8/8/2026,,,,,,,,,,,,,,,,,,,,,,,,,,
Griffin Canning,SP,SD,Classic,Sat Aug 08 2026 01:00:00 GMT-0500 (Central Daylight Time),"Classic 8/8 7:10PM, 9 Games",6400,43785183,0,0,0,19.2,,,,,,,,,,,,,,,https://dkn.gs/sports/images/mlb/players/50/32245.png,,,,,,,8/8/2026,,,,,,,,,,,,,,,,,,,,,,,,,,
Javier Assad,SP,CHC,Classic,Sat Aug 08 2026 01:00:00 GMT-0500 (Central Daylight Time),"Classic 8/8 7:10PM, 9 Games",6400,43785184,0,0,0,19.2,,,,,,,,,,,,,,,https://dkn.gs/sports/images/mlb/players/50/637097.png,,,,,,,8/8/2026,,,,,,,,,,,,,,,,,,,,,,,,,,
Randy Vasquez,SP,SD,Classic,Sat Aug 08 2026 01:00:00 GMT-0500 (Central Daylight Time),"Classic 8/8 7:10PM, 9 Games",6400,43785185,0,0,0,19.2,,,,,,,,,,,,,,,https://dkn.gs/sports/images/mlb/players/50/595462.png,,,,,,,8/8/2026,,,,,,,,,,,,,,,,,,,,,,,,,,
David Peterson,SP,CHC,Classic,Sat Aug 08 2026 01:00:00 GMT-0500 (Central Daylight Time),"Classic 8/8 7:10PM, 9 Games",6400,43785186,0,0,0,19.2,,,,,,,,,,,,,,,https://dkn.gs/sports/images/mlb/players/50/112055.png,,,,,,,8/8/2026,,,,,,,,,,,,,,,,,,,,,,,,,,
Jhony Brito,RP,SD,Classic,Sat Aug 08 2026 01:00:00 GMT-0500 (Central Daylight Time),"Classic 8/8 7:10PM, 9 Games",6300,43785187,0,0,0,18.9,,,,,,,,,,,,,,,https://dkn.gs/sports/images/mlb/players/50/635324.png,,,,,,,8/8/2026,,,,,,,,,,,,,,,,,,,,,,,,,,
Gavin Stone,SP,LAD,Classic,Sat Aug 08 2026 01:00:00 GMT-0500 (Central Daylight Time),"Classic 8/8 7:10PM, 9 Games",6300,43785188,0,0,0,18.9,,,,,,,,,,,,,,,https://dkn.gs/sports/images/mlb/players/50/496189.png,,,,,,,8/8/2026,,,,,,,,,,,,,,,,,,,,,,,,,,
Bobby Miller,SP,LAD,Classic,Sat Aug 08 2026 01:00:00 GMT-0500 (Central Daylight Time),"Classic 8/8 7:10PM, 9 Games",6300,43785189,0,0,0,18.9,,,,,,,,,,,,,,,https://dkn.gs/sports/images/mlb/players/50/494668.png,,,,,,,8/8/2026,,,,,,,,,,,,,,,,,,,,,,,,,,
Landon Knack,SP,LAD,Classic,Sat Aug 08 2026 01:00:00 GMT-0500 (Central Daylight Time),"Classic 8/8 7:10PM, 9 Games",6300,43785190,0,0,0,18.9,,,,,,,,,,,,,,,https://dkn.gs/sports/images/mlb/players/50/498308.png,,,,,,,8/8/2026,,,,,,,,,,,,,,,,,,,,,,,,,,
Eric Lauer,RP,LAD,Classic,Sat Aug 08 2026 01:00:00 GMT-0500 (Central Daylight Time),"Classic 8/8 7:10PM, 9 Games",6300,43785191,0,0,0,18.9,,,,,,,,,,,,,,,https://dkn.gs/sports/images/mlb/players/50/32564.png,,,,,,,8/8/2026,,,,,,,,,,,,,,,,,,,,,,,,,,
Coleman Crow,SP,MIL,Classic,Sat Aug 08 2026 01:00:00 GMT-0500 (Central Daylight Time),"Classic 8/8 7:10PM, 9 Games",6200,43785192,0,0,0,18.6,,,,,,,,,,,,,,,https://dkn.gs/sports/images/mlb/players/50/641205.png,,,,,,,8/8/2026,,,,,,,,,,,,,,,,,,,,,,,,,,
DL Hall,RP,MIL,Classic,Sat Aug 08 2026 01:00:00 GMT-0500 (Central Daylight Time),"Classic 8/8 7:10PM, 9 Games",6200,43785193,0,0,0,18.6,,,,,,,,,,,,,,,https://dkn.gs/sports/images/mlb/players/50/110446.png,,,,,,,8/8/2026,,,,,,,,,,,,,,,,,,,,,,,,,,
Antonio Senzatela,RP,MIL,Classic,Sat Aug 08 2026 01:00:00 GMT-0500 (Central Daylight Time),"Classic 8/8 7:10PM, 9 Games",6200,43785194,0,0,0,18.6,,,,,,,,,,,,,,,https://dkn.gs/sports/images/mlb/players/50/32607.png,,,,,,,8/8/2026,,,,,,,,,,,,,,,,,,,,,,,,,,
Yoendrys Gomez,RP,MIN,Classic,Sat Aug 08 2026 01:00:00 GMT-0500 (Central Daylight Time),"Classic 8/8 7:10PM, 9 Games",6200,43785195,0,0,0,18.6,,,,,,,,,,,,,,,https://dkn.gs/sports/images/mlb/players/50/470245.png,,,,,,,8/8/2026,,,,,,,,,,,,,,,,,,,,,,,,,,
Marco Raya,RP,MIN,Classic,Sat Aug 08 2026 01:00:00 GMT-0500 (Central Daylight Time),"Classic 8/8 7:10PM, 9 Games",6200,43785196,0,0,0,18.6,,,,,,,,,,,,,,,https://dkn.gs/sports/images/mlb/players/50/640297.png,,,,,,,8/8/2026,,,,,,,,,,,,,,,,,,,,,,,,,,
Mike Paredes,RP,MIN,Classic,Sat Aug 08 2026 01:00:00 GMT-0500 (Central Daylight Time),"Classic 8/8 7:10PM, 9 Games",6200,43785197,0,0,0,18.6,,,,,,,,,,,,,,,https://dkn.gs/sports/images/mlb/teams/50/29909.png,,,,,,,8/8/2026,,,,,,,,,,,,,,,,,,,,,,,,,,
Zach Agnos,RP,COL,Classic,Sat Aug 08 2026 01:00:00 GMT-0500 (Central Daylight Time),"Classic 8/8 7:10PM, 9 Games",6100,43785198,0,0,0,18.3,,,,,,,,,,,,,,,https://dkn.gs/sports/images/mlb/players/50/783347.png,,,,,,,8/8/2026,,,,,,,,,,,,,,,,,,,,,,,,,,
Ryan Feltner,SP,COL,Classic,Sat Aug 08 2026 01:00:00 GMT-0500 (Central Daylight Time),"Classic 8/8 7:10PM, 9 Games",6100,43785199,0,0,0,18.3,,,,,,,,,,,,,,,https://dkn.gs/sports/images/mlb/players/50/599574.png,,,,,,,8/8/2026,,,,,,,,,,,,,,,,,,,,,,,,,,
Gabriel Hughes,RP,COL,Classic,Sat Aug 08 2026 01:00:00 GMT-0500 (Central Daylight Time),"Classic 8/8 7:10PM, 9 Games",6100,43785200,0,0,0,18.3,,,,,,,,,,,,,,,https://dkn.gs/sports/images/mlb/players/50/658779.png,,,,,,,8/8/2026,,,,,,,,,,,,,,,,,,,,,,,,,,
Jose Urquidy,RP,CWS,Classic,Sat Aug 08 2026 01:00:00 GMT-0500 (Central Daylight Time),"Classic 8/8 7:10PM, 9 Games",6000,43785201,0,0,0,18,,,,,,,,,,,,,,,https://dkn.gs/sports/images/mlb/players/50/32044.png,,,,,,,8/8/2026,,,,,,,,,,,,,,,,,,,,,,,,,,
Trevor Richards,RP,CWS,Classic,Sat Aug 08 2026 01:00:00 GMT-0500 (Central Daylight Time),"Classic 8/8 7:10PM, 9 Games",6000,43785202,0,0,0,18,,,,,,,,,,,,,,,https://dkn.gs/sports/images/mlb/players/50/31737.png,,,,,,,8/8/2026,,,,,,,,,,,,,,,,,,,,,,,,,,
Erick Fedde,SP,CWS,Classic,Sat Aug 08 2026 01:00:00 GMT-0500 (Central Daylight Time),"Classic 8/8 7:10PM, 9 Games",6000,43785203,0,0,0,18,,,,,,,,,,,,,,,https://dkn.gs/sports/images/mlb/players/50/32818.png,,,,,,,8/8/2026,,,,,,,,,,,,,,,,,,,,,,,,,,
Grant Taylor,RP,CWS,Classic,Sat Aug 08 2026 01:00:00 GMT-0500 (Central Daylight Time),"Classic 8/8 7:10PM, 9 Games",6000,43785204,0,0,0,18,,,,,,,,,,,,,,,https://dkn.gs/sports/images/mlb/players/50/719038.png,,,,,,,8/8/2026,,,,,,,,,,,,,,,,,,,,,,,,,,
Mike Vasil,RP,CWS,Classic,Sat Aug 08 2026 01:00:00 GMT-0500 (Central Daylight Time),"Classic 8/8 7:10PM, 9 Games",6000,43785205,0,0,0,18,,,,,,,,,,,,,,,https://dkn.gs/sports/images/mlb/players/50/639808.png,,,,,,,8/8/2026,,,,,,,,,,,,,,,,,,,,,,,,,,
Joe Rock,RP,CWS,Classic,Sat Aug 08 2026 01:00:00 GMT-0500 (Central Daylight Time),"Classic 8/8 7:10PM, 9 Games",6000,43785206,0,0,0,18,,,,,,,,,,,,,,,https://dkn.gs/sports/images/mlb/players/50/582178.png,,,,,,,8/8/2026,,,,,,,,,,,,,,,,,,,,,,,,,,
Daniel Espino,RP,CLE,Classic,Sat Aug 08 2026 01:00:00 GMT-0500 (Central Daylight Time),"Classic 8/8 7:10PM, 9 Games",6000,43785207,0,0,0,18,,,,,,,,,,,,,,,https://dkn.gs/sports/images/mlb/players/50/459774.png,,,,,,,8/8/2026,,,,,,,,,,,,,,,,,,,,,,,,,,
Bryse Wilson,RP,MIL,Classic,Sat Aug 08 2026 01:00:00 GMT-0500 (Central Daylight Time),"Classic 8/8 7:10PM, 9 Games",6000,43785208,0,0,0,18,,,,,,,,,,,,,,,https://dkn.gs/sports/images/mlb/players/50/32272.png,,,,,,,8/8/2026,,,,,,,,,,,,,,,,,,,,,,,,,,
Noah Schultz,SP,CWS,Classic,Sat Aug 08 2026 01:00:00 GMT-0500 (Central Daylight Time),"Classic 8/8 7:10PM, 9 Games",6000,43785209,0,0,0,18,,,,,,,,,,,,,,,https://dkn.gs/sports/images/mlb/players/50/658770.png,,,,,,,8/8/2026,,,,,,,,,,,,,,,,,,,,,,,,,,
Albert Suarez,RP,BAL,Classic,Sat Aug 08 2026 01:00:00 GMT-0500 (Central Daylight Time),"Classic 8/8 7:10PM, 9 Games",5900,43785210,0,0,0,17.7,,,,,,,,,,,,,,,https://dkn.gs/sports/images/mlb/players/50/112644.png,,,,,,,8/8/2026,,,,,,,,,,,,,,,,,,,,,,,,,,
Keegan Akin,RP,BAL,Classic,Sat Aug 08 2026 01:00:00 GMT-0500 (Central Daylight Time),"Classic 8/8 7:10PM, 9 Games",5900,43785211,0,0,0,17.7,,,,,,,,,,,,,,,https://dkn.gs/sports/images/mlb/players/50/110434.png,,,,,,,8/8/2026,,,,,,,,,,,,,,,,,,,,,,,,,,
Carson Whisenhunt,SP,SF,Classic,Sat Aug 08 2026 01:00:00 GMT-0500 (Central Daylight Time),"Classic 8/8 7:10PM, 9 Games",5900,43785212,0,0,0,17.7,,,,,,,,,,,,,,,https://dkn.gs/sports/images/mlb/players/50/658827.png,,,,,,,8/8/2026,,,,,,,,,,,,,,,,,,,,,,,,,,
Chris Bassitt,SP,BAL,Classic,Sat Aug 08 2026 01:00:00 GMT-0500 (Central Daylight Time),"Classic 8/8 7:10PM, 9 Games",5900,43785213,0,0,0,17.7,,,,,,,,,,,,,,,https://dkn.gs/sports/images/mlb/players/50/32635.png,,,,,,,8/8/2026,,,,,,,,,,,,,,,,,,,,,,,,,,
Tekoah Roby,SP,STL,Classic,Sat Aug 08 2026 01:00:00 GMT-0500 (Central Daylight Time),"Classic 8/8 7:10PM, 9 Games",5900,43785214,0,0,0,17.7,,,,,,,,,,,,,,,https://dkn.gs/sports/images/mlb/players/50/574519.png,,,,,,,8/8/2026,,,,,,,,,,,,,,,,,,,,,,,,,,
Brycen Mautz,SP,STL,Classic,Sat Aug 08 2026 01:00:00 GMT-0500 (Central Daylight Time),"Classic 8/8 7:10PM, 9 Games",5900,43785215,0,0,0,17.7,,,,,,,,,,,,,,,https://dkn.gs/sports/images/mlb/players/50/658830.png,,,,,,,8/8/2026,,,,,,,,,,,,,,,,,,,,,,,,,,
Trey Gibson,SP,BAL,Classic,Sat Aug 08 2026 01:00:00 GMT-0500 (Central Daylight Time),"Classic 8/8 7:10PM, 9 Games",5900,43785216,0,0,0,17.7,,,,,,,,,,,,,,,https://dkn.gs/sports/images/mlb/teams/50/29829.png,,,,,,,8/8/2026,,,,,,,,,,,,,,,,,,,,,,,,,,
Miguel Mendez,SP,SF,Classic,Sat Aug 08 2026 01:00:00 GMT-0500 (Central Daylight Time),"Classic 8/8 7:10PM, 9 Games",5900,43785217,0,0,0,17.7,,,,,,,,,,,,,,,https://dkn.gs/sports/images/mlb/players/50/921267.png,,,,,,,8/8/2026,,,,,,,,,,,,,,,,,,,,,,,,,,
Adrian Houser,SP,SF,Classic,Sat Aug 08 2026 01:00:00 GMT-0500 (Central Daylight Time),"Classic 8/8 7:10PM, 9 Games",5900,43785218,0,0,0,17.7,,,,,,,,,,,,,,,https://dkn.gs/sports/images/mlb/players/50/31585.png,,,,,,,8/8/2026,,,,,,,,,,,,,,,,,,,,,,,,,,
Dylan Smith,RP,SF,Classic,Sat Aug 08 2026 01:00:00 GMT-0500 (Central Daylight Time),"Classic 8/8 7:10PM, 9 Games",5900,43785219,0,0,0,17.7,,,,,,,,,,,,,,,https://dkn.gs/sports/images/mlb/players/50/581987.png,,,,,,,8/8/2026,,,,,,,,,,,,,,,,,,,,,,,,,,
JT Brubaker,RP,SF,Classic,Sat Aug 08 2026 01:00:00 GMT-0500 (Central Daylight Time),"Classic 8/8 7:10PM, 9 Games",5900,43785220,0,0,0,17.7,,,,,,,,,,,,,,,https://dkn.gs/sports/images/mlb/players/50/69435.png,,,,,,,8/8/2026,,,,,,,,,,,,,,,,,,,,,,,,,,
Jose Butto,RP,SF,Classic,Sat Aug 08 2026 01:00:00 GMT-0500 (Central Daylight Time),"Classic 8/8 7:10PM, 9 Games",5900,43785221,0,0,0,17.7,,,,,,,,,,,,,,,https://dkn.gs/sports/images/mlb/players/50/556247.png,,,,,,,8/8/2026,,,,,,,,,,,,,,,,,,,,,,,,,,
Carson Seymour,RP,SF,Classic,Sat Aug 08 2026 01:00:00 GMT-0500 (Central Daylight Time),"Classic 8/8 7:10PM, 9 Games",5900,43785222,0,0,0,17.7,,,,,,,,,,,,,,,https://dkn.gs/sports/images/mlb/players/50/659538.png,,,,,,,8/8/2026,,,,,,,,,,,,,,,,,,,,,,,,,,
Tristan Beck,RP,SF,Classic,Sat Aug 08 2026 01:00:00 GMT-0500 (Central Daylight Time),"Classic 8/8 7:10PM, 9 Games",5900,43785223,0,0,0,17.7,,,,,,,,,,,,,,,https://dkn.gs/sports/images/mlb/players/50/111561.png,,,,,,,8/8/2026,,,,,,,,,,,,,,,,,,,,,,,,,,
Keaton Winn,SP,SF,Classic,Sat Aug 08 2026 01:00:00 GMT-0500 (Central Daylight Time),"Classic 8/8 7:10PM, 9 Games",5900,43785224,0,0,0,17.7,,,,,,,,,,,,,,,https://dkn.gs/sports/images/mlb/players/50/684567.png,,,,,,,8/8/2026,,,,,,,,,,,,,,,,,,,,,,,,,,
Blade Tidwell,SP,SF,Classic,Sat Aug 08 2026 01:00:00 GMT-0500 (Central Daylight Time),"Classic 8/8 7:10PM, 9 Games",5800,43785225,0,0,0,17.4,,,,,,,,,,,,,,,https://dkn.gs/sports/images/mlb/players/50/658805.png,,,,,,,8/8/2026,,,,,,,,,,,,,,,,,,,,,,,,,,
Trevor McDonald,RP,SF,Classic,Sat Aug 08 2026 01:00:00 GMT-0500 (Central Daylight Time),"Classic 8/8 7:10PM, 9 Games",5800,43785226,0,0,0,17.4,,,,,,,,,,,,,,,https://dkn.gs/sports/images/mlb/players/50/704968.png,,,,,,,8/8/2026,,,,,,,,,,,,,,,,,,,,,,,,,,
Hayden Birdsong,RP,SF,Classic,Sat Aug 08 2026 01:00:00 GMT-0500 (Central Daylight Time),"Classic 8/8 7:10PM, 9 Games",5800,43785227,0,0,0,17.4,,,,,,,,,,,,,,,https://dkn.gs/sports/images/mlb/players/50/708674.png,,,,,,,8/8/2026,,,,,,,,,,,,,,,,,,,,,,,,,,
Yilber Diaz,RP,DET,Classic,Sat Aug 08 2026 01:00:00 GMT-0500 (Central Daylight Time),"Classic 8/8 7:10PM, 9 Games",5800,43785228,0,0,0,17.4,,,,,,,,,,,,,,,https://dkn.gs/sports/images/mlb/players/50/776695.png,,,,,,,8/8/2026,,,,,,,,,,,,,,,,,,,,,,,,,,
Richard Fitts,SP,STL,Classic,Sat Aug 08 2026 01:00:00 GMT-0500 (Central Daylight Time),"Classic 8/8 7:10PM, 9 Games",5800,43785229,0,0,0,17.4,,,,,,,,,,,,,,,https://dkn.gs/sports/images/mlb/players/50/669784.png,,,,,,,8/8/2026,,,,,,,,,,,,,,,,,,,,,,,,,,
Ty Madden,RP,DET,Classic,Sat Aug 08 2026 01:00:00 GMT-0500 (Central Daylight Time),"Classic 8/8 7:10PM, 9 Games",5800,43785230,0,0,0,17.4,,,,,,,,,,,,,,,https://dkn.gs/sports/images/mlb/players/50/581854.png,,,,,,,8/8/2026,,,,,,,,,,,,,,,,,,,,,,,,,,
Dylan Ray,SP,ARI,Classic,Sat Aug 08 2026 01:00:00 GMT-0500 (Central Daylight Time),"Classic 8/8 7:10PM, 9 Games",5800,43785231,0,0,0,17.4,,,,,,,,,,,,,,,https://dkn.gs/sports/images/mlb/players/50/707578.png,,,,,,,8/8/2026,,,,,,,,,,,,,,,,,,,,,,,,,,
Gerardo Carrillo,RP,ARI,Classic,Sat Aug 08 2026 01:00:00 GMT-0500 (Central Daylight Time),"Classic 8/8 7:10PM, 9 Games",5800,43785232,0,0,0,17.4,,,,,,,,,,,,,,,https://dkn.gs/sports/images/mlb/players/50/111899.png,,,,,,,8/8/2026,,,,,,,,,,,,,,,,,,,,,,,,,,
Cristian Mena,SP,ARI,Classic,Sat Aug 08 2026 01:00:00 GMT-0500 (Central Daylight Time),"Classic 8/8 7:10PM, 9 Games",5800,43785233,0,0,0,17.4,,,,,,,,,,,,,,,https://dkn.gs/sports/images/mlb/players/50/640227.png,,,,,,,8/8/2026,,,,,,,,,,,,,,,,,,,,,,,,,,
Sawyer Gipson-Long,RP,DET,Classic,Sat Aug 08 2026 01:00:00 GMT-0500 (Central Daylight Time),"Classic 8/8 7:10PM, 9 Games",5800,43785234,0,0,0,17.4,,,,,,,,,,,,,,,https://dkn.gs/sports/images/mlb/players/50/659820.png,,,,,,,8/8/2026,,,,,,,,,,,,,,,,,,,,,,,,,,
Zac Gallen,SP,ARI,Classic,Sat Aug 08 2026 01:00:00 GMT-0500 (Central Daylight Time),"Classic 8/8 7:10PM, 9 Games",5700,43785235,0,0,0,17.1,,,,,,,,,,,,,,,https://dkn.gs/sports/images/mlb/players/50/32144.png,,,,,,,8/8/2026,,,,,,,,,,,,,,,,,,,,,,,,,,
Jose Cabrera,SP,ARI,Classic,Sat Aug 08 2026 01:00:00 GMT-0500 (Central Daylight Time),"Classic 8/8 7:10PM, 9 Games",5700,43785236,0,0,0,17.1,,,,,,,,,,,,,,,https://dkn.gs/sports/images/mlb/teams/50/29934.png,,,,,,,8/8/2026,,,,,,,,,,,,,,,,,,,,,,,,,,
Cal Quantrill,RP,TEX,Classic,Sat Aug 08 2026 01:00:00 GMT-0500 (Central Daylight Time),"Classic 8/8 7:10PM, 9 Games",5700,43785237,0,0,0,17.1,,,,,,,,,,,,,,,https://dkn.gs/sports/images/mlb/players/50/32553.png,,,,,,,8/8/2026,,,,,,,,,,,,,,,,,,,,,,,,,,
Chase Dollander,SP,COL,Classic,Sat Aug 08 2026 01:00:00 GMT-0500 (Central Daylight Time),"Classic 8/8 7:10PM, 9 Games",5700,43785238,0,0,0,17.1,,,,,,,,,,,,,,,https://dkn.gs/sports/images/mlb/players/50/726707.png,,,,,,,8/8/2026,,,,,,,,,,,,,,,,,,,,,,,,,,
Jordan Montgomery,SP,TEX,Classic,Sat Aug 08 2026 01:00:00 GMT-0500 (Central Daylight Time),"Classic 8/8 7:10PM, 9 Games",5700,43785239,0,0,0,17.1,,,,,,,,,,,,,,,https://dkn.gs/sports/images/mlb/players/50/32545.png,,,,,,,8/8/2026,,,,,,,,,,,,,,,,,,,,,,,,,,
David Davalillo,SP,TEX,Classic,Sat Aug 08 2026 01:00:00 GMT-0500 (Central Daylight Time),"Classic 8/8 7:10PM, 9 Games",5700,43785240,0,0,0,17.1,,,,,,,,,,,,,,,https://dkn.gs/sports/images/mlb/players/50/873632.png,,,,,,,8/8/2026,,,,,,,,,,,,,,,,,,,,,,,,,,
Leandro Lopez,SP,TEX,Classic,Sat Aug 08 2026 01:00:00 GMT-0500 (Central Daylight Time),"Classic 8/8 7:10PM, 9 Games",5700,43785241,0,0,0,17.1,,,,,,,,,,,,,,,https://dkn.gs/sports/images/mlb/players/50/809787.png,,,,,,,8/8/2026,,,,,,,,,,,,,,,,,,,,,,,,,,
Jose Corniell,SP,TEX,Classic,Sat Aug 08 2026 01:00:00 GMT-0500 (Central Daylight Time),"Classic 8/8 7:10PM, 9 Games",5700,43785242,0,0,0,17.1,,,,,,,,,,,,,,,https://dkn.gs/sports/images/mlb/players/50/579215.png,,,,,,,8/8/2026,,,,,,,,,,,,,,,,,,,,,,,,,,
Adam Macko,SP,TEX,Classic,Sat Aug 08 2026 01:00:00 GMT-0500 (Central Daylight Time),"Classic 8/8 7:10PM, 9 Games",5700,43785243,0,0,0,17.1,,,,,,,,,,,,,,,https://dkn.gs/sports/images/mlb/players/50/552567.png,,,,,,,8/8/2026,,,,,,,,,,,,,,,,,,,,,,,,,,
Chase Silseth,RP,TEX,Classic,Sat Aug 08 2026 01:00:00 GMT-0500 (Central Daylight Time),"Classic 8/8 7:10PM, 9 Games",5700,43785244,0,0,0,17.1,,,,,,,,,,,,,,,https://dkn.gs/sports/images/mlb/players/50/640393.png,,,,,,,8/8/2026,,,,,,,,,,,,,,,,,,,,,,,,,,
Pierson Ohl,SP,COL,Classic,Sat Aug 08 2026 01:00:00 GMT-0500 (Central Daylight Time),"Classic 8/8 7:10PM, 9 Games",5600,43785245,0,0,0,16.8,,,,,,,,,,,,,,,https://dkn.gs/sports/images/mlb/players/50/638739.png,,,,,,,8/8/2026,,,,,,,,,,,,,,,,,,,,,,,,,,
Tanner Gordon,RP,COL,Classic,Sat Aug 08 2026 01:00:00 GMT-0500 (Central Daylight Time),"Classic 8/8 7:10PM, 9 Games",5600,43785246,0,0,0,16.8,,,,,,,,,,,,,,,https://dkn.gs/sports/images/mlb/players/50/720768.png,,,,,,,8/8/2026,,,,,,,,,,,,,,,,,,,,,,,,,,
Sean Sullivan,SP,COL,Classic,Sat Aug 08 2026 01:00:00 GMT-0500 (Central Daylight Time),"Classic 8/8 7:10PM, 9 Games",5600,43785247,0,0,0,16.8,,,,,,,,,,,,,,,https://dkn.gs/sports/images/mlb/players/50/787414.png,,,,,,,8/8/2026,,,,,,,,,,,,,,,,,,,,,,,,,,
Tomoyuki Sugano,SP,COL,Classic,Sat Aug 08 2026 01:00:00 GMT-0500 (Central Daylight Time),"Classic 8/8 7:10PM, 9 Games",5600,43785248,0,0,0,16.8,,,,,,,,,,,,,,,https://dkn.gs/sports/images/mlb/players/50/112835.png,,,,,,,8/8/2026,,,,,,,,,,,,,,,,,,,,,,,,,,
Michael Lorenzen,SP,COL,Classic,Sat Aug 08 2026 01:00:00 GMT-0500 (Central Daylight Time),"Classic 8/8 7:10PM, 9 Games",5600,43785249,0,0,0,16.8,,,,,,,,,,,,,,,https://dkn.gs/sports/images/mlb/players/50/32466.png,,,,,,,8/8/2026,,,,,,,,,,,,,,,,,,,,,,,,,,
Jose Quintana,RP,COL,Classic,Sat Aug 08 2026 01:00:00 GMT-0500 (Central Daylight Time),"Classic 8/8 7:10PM, 9 Games",5600,43785250,0,0,0,16.8,,,,,,,,,,,,,,,https://dkn.gs/sports/images/mlb/players/50/32348.png,,,,,,,8/8/2026,,,,,,,,,,,,,,,,,,,,,,,,,,
Tyler Alexander,RP,TEX,Classic,Sat Aug 08 2026 01:00:00 GMT-0500 (Central Daylight Time),"Classic 8/8 7:10PM, 9 Games",5600,43785251,0,0,0,16.8,,,,,,,,,,,,,,,https://dkn.gs/sports/images/mlb/players/50/31873.png,,,,,,,8/8/2026,,,,,,,,,,,,,,,,,,,,,,,,,,
Braxton Garrett,SP,CHC,Classic,Sat Aug 08 2026 01:00:00 GMT-0500 (Central Daylight Time),"Classic 8/8 7:10PM, 9 Games",5500,43785252,0,0,0,16.5,,,,,,,,,,,,,,,https://dkn.gs/sports/images/mlb/players/50/112592.png,,,,,,,8/8/2026,,,,,,,,,,,,,,,,,,,,,,,,,,
Mickey Moniak,OF,COL,Classic,Sat Aug 08 2026 01:00:00 GMT-0500 (Central Daylight Time),"Classic 8/8 7:10PM, 9 Games",5300,43784665,0,0,0,15.9,,,,,,,,,,,,,,,https://dkn.gs/sports/images/mlb/players/50/112146.png,,,,,,,8/8/2026,,,,,,,,,,,,,,,,,,,,,,,,,,
Ryan Bergert,RP,KC,Classic,Sat Aug 08 2026 01:00:00 GMT-0500 (Central Daylight Time),"Classic 8/8 7:10PM, 9 Games",5300,43785253,0,0,0,15.9,,,,,,,,,,,,,,,https://dkn.gs/sports/images/mlb/players/50/776705.png,,,,,,,8/8/2026,,,,,,,,,,,,,,,,,,,,,,,,,,
Ben Kudrna,SP,KC,Classic,Sat Aug 08 2026 01:00:00 GMT-0500 (Central Daylight Time),"Classic 8/8 7:10PM, 9 Games",5300,43785254,0,0,0,15.9,,,,,,,,,,,,,,,https://dkn.gs/sports/images/mlb/players/50/582165.png,,,,,,,8/8/2026,,,,,,,,,,,,,,,,,,,,,,,,,,
Alec Marsh,SP,KC,Classic,Sat Aug 08 2026 01:00:00 GMT-0500 (Central Daylight Time),"Classic 8/8 7:10PM, 9 Games",5300,43785255,0,0,0,15.9,,,,,,,,,,,,,,,https://dkn.gs/sports/images/mlb/players/50/514795.png,,,,,,,8/8/2026,,,,,,,,,,,,,,,,,,,,,,,,,,
Connor Thomas,RP,KC,Classic,Sat Aug 08 2026 01:00:00 GMT-0500 (Central Daylight Time),"Classic 8/8 7:10PM, 9 Games",5300,43785256,0,0,0,15.9,,,,,,,,,,,,,,,https://dkn.gs/sports/images/mlb/players/50/636156.png,,,,,,,8/8/2026,,,,,,,,,,,,,,,,,,,,,,,,,,
Daniel Lynch IV,RP,KC,Classic,Sat Aug 08 2026 01:00:00 GMT-0500 (Central Daylight Time),"Classic 8/8 7:10PM, 9 Games",5300,43785257,0,0,0,15.9,,,,,,,,,,,,,,,https://dkn.gs/sports/images/mlb/players/50/110907.png,,,,,,,8/8/2026,,,,,,,,,,,,,,,,,,,,,,,,,,
Luinder Avila,RP,KC,Classic,Sat Aug 08 2026 01:00:00 GMT-0500 (Central Daylight Time),"Classic 8/8 7:10PM, 9 Games",5300,43785258,0,0,0,15.9,,,,,,,,,,,,,,,https://dkn.gs/sports/images/mlb/players/50/708527.png,,,,,,,8/8/2026,,,,,,,,,,,,,,,,,,,,,,,,,,
Mitch Spence,RP,KC,Classic,Sat Aug 08 2026 01:00:00 GMT-0500 (Central Daylight Time),"Classic 8/8 7:10PM, 9 Games",5300,43785259,0,0,0,15.9,,,,,,,,,,,,,,,https://dkn.gs/sports/images/mlb/players/50/634890.png,,,,,,,8/8/2026,,,,,,,,,,,,,,,,,,,,,,,,,,
Stephen Kolek,RP,KC,Classic,Sat Aug 08 2026 01:00:00 GMT-0500 (Central Daylight Time),"Classic 8/8 7:10PM, 9 Games",5300,43785260,0,0,0,15.9,,,,,,,,,,,,,,,https://dkn.gs/sports/images/mlb/players/50/706434.png,,,,,,,8/8/2026,,,,,,,,,,,,,,,,,,,,,,,,,,
Mason Black,RP,KC,Classic,Sat Aug 08 2026 01:00:00 GMT-0500 (Central Daylight Time),"Classic 8/8 7:10PM, 9 Games",5300,43785261,0,0,0,15.9,,,,,,,,,,,,,,,https://dkn.gs/sports/images/mlb/players/50/582147.png,,,,,,,8/8/2026,,,,,,,,,,,,,,,,,,,,,,,,,,
Byron Buxton,OF,MIN,Classic,Sat Aug 08 2026 01:00:00 GMT-0500 (Central Daylight Time),"Classic 8/8 7:10PM, 9 Games",5200,43784916,0,0,0,15.6,,,,,,,,,,,,,,,https://dkn.gs/sports/images/mlb/players/50/32320.png,,,,,,,8/8/2026,,,,,,,,,,,,,,,,,,,,,,,,,,
Jordan Westburg,3B,BAL,Classic,Sat Aug 08 2026 01:00:00 GMT-0500 (Central Daylight Time),"Classic 8/8 7:10PM, 9 Games",4200,43784917,0,0,0,12.6,,,,,,,,,,,,,,,https://dkn.gs/sports/images/mlb/players/50/494696.png,,,,,,,8/8/2026,,,,,,,,,,,,,,,,,,,,,,,,,,
Jonny DeLuca,OF,TB,Classic,Sat Aug 08 2026 01:00:00 GMT-0500 (Central Daylight Time),"Classic 8/8 7:10PM, 9 Games",4100,43784715,0,0,0,12.3,,,,,,,,,,,,,,,https://dkn.gs/sports/images/mlb/players/50/637107.png,,,,,,,8/8/2026,,,,,,,,,,,,,,,,,,,,,,,,,,
Maikel Garcia,3B/SS,KC,Classic,Sat Aug 08 2026 01:00:00 GMT-0500 (Central Daylight Time),"Classic 8/8 7:10PM, 9 Games",4100,43784918,0,0,0,12.3,,,,,,,,,,,,,,,https://dkn.gs/sports/images/mlb/players/50/614824.png,,,,,,,8/8/2026,,,,,,,,,,,,,,,,,,,,,,,,,,
Josh Jung,3B,TEX,Classic,Sat Aug 08 2026 01:00:00 GMT-0500 (Central Daylight Time),"Classic 8/8 7:10PM, 9 Games",4100,43784920,0,0,0,12.3,,,,,,,,,,,,,,,https://dkn.gs/sports/images/mlb/players/50/459921.png,,,,,,,8/8/2026,,,,,,,,,,,,,,,,,,,,,,,,,,
Jon Heasley,RP,TB,Classic,Sat Aug 08 2026 01:00:00 GMT-0500 (Central Daylight Time),"Classic 8/8 7:10PM, 9 Games",4000,43785262,0,0,0,12,,,,,,,,,,,,,,,https://dkn.gs/sports/images/mlb/players/50/475913.png,,,,,,,8/8/2026,,,,,,,,,,,,,,,,,,,,,,,,,,
Cameron Weston,RP,BAL,Classic,Sat Aug 08 2026 01:00:00 GMT-0500 (Central Daylight Time),"Classic 8/8 7:10PM, 9 Games",4000,43785263,0,0,0,12,,,,,,,,,,,,,,,https://dkn.gs/sports/images/mlb/teams/50/29829.png,,,,,,,8/8/2026,,,,,,,,,,,,,,,,,,,,,,,,,,
Rowan Wick,RP,SF,Classic,Sat Aug 08 2026 01:00:00 GMT-0500 (Central Daylight Time),"Classic 8/8 7:10PM, 9 Games",4000,43785264,0,0,0,12,,,,,,,,,,,,,,,https://dkn.gs/sports/images/mlb/players/50/32400.png,,,,,,,8/8/2026,,,,,,,,,,,,,,,,,,,,,,,,,,
Brusdar Graterol,RP,LAD,Classic,Sat Aug 08 2026 01:00:00 GMT-0500 (Central Daylight Time),"Classic 8/8 7:10PM, 9 Games",4000,43785265,0,0,0,12,,,,,,,,,,,,,,,https://dkn.gs/sports/images/mlb/players/50/32407.png,,,,,,,8/8/2026,,,,,,,,,,,,,,,,,,,,,,,,,,
Tyler Beede,RP,CHC,Classic,Sat Aug 08 2026 01:00:00 GMT-0500 (Central Daylight Time),"Classic 8/8 7:10PM, 9 Games",4000,43785266,0,0,0,12,,,,,,,,,,,,,,,https://dkn.gs/sports/images/mlb/players/50/32719.png,,,,,,,8/8/2026,,,,,,,,,,,,,,,,,,,,,,,,,,
Ky Bush,SP,CWS,Classic,Sat Aug 08 2026 01:00:00 GMT-0500 (Central Daylight Time),"Classic 8/8 7:10PM, 9 Games",4000,43785267,0,0,0,12,,,,,,,,,,,,,,,https://dkn.gs/sports/images/mlb/players/50/581977.png,,,,,,,8/8/2026,,,,,,,,,,,,,,,,,,,,,,,,,,
Jake Cousins,RP,LAD,Classic,Sat Aug 08 2026 01:00:00 GMT-0500 (Central Daylight Time),"Classic 8/8 7:10PM, 9 Games",4000,43785268,0,0,0,12,,,,,,,,,,,,,,,https://dkn.gs/sports/images/mlb/players/50/552341.png,,,,,,,8/8/2026,,,,,,,,,,,,,,,,,,,,,,,,,,
Steven Zobac,SP,KC,Classic,Sat Aug 08 2026 01:00:00 GMT-0500 (Central Daylight Time),"Classic 8/8 7:10PM, 9 Games",4000,43785269,0,0,0,12,,,,,,,,,,,,,,,https://dkn.gs/sports/images/mlb/players/50/708528.png,,,,,,,8/8/2026,,,,,,,,,,,,,,,,,,,,,,,,,,
Blake Walston,RP,ARI,Classic,Sat Aug 08 2026 01:00:00 GMT-0500 (Central Daylight Time),"Classic 8/8 7:10PM, 9 Games",4000,43785270,0,0,0,12,,,,,,,,,,,,,,,https://dkn.gs/sports/images/mlb/players/50/459725.png,,,,,,,8/8/2026,,,,,,,,,,,,,,,,,,,,,,,,,,
Prelander Berroa,RP,CWS,Classic,Sat Aug 08 2026 01:00:00 GMT-0500 (Central Daylight Time),"Classic 8/8 7:10PM, 9 Games",4000,43785271,0,0,0,12,,,,,,,,,,,,,,,https://dkn.gs/sports/images/mlb/players/50/642199.png,,,,,,,8/8/2026,,,,,,,,,,,,,,,,,,,,,,,,,,
Garrett Hawkins,RP,SD,Classic,Sat Aug 08 2026 01:00:00 GMT-0500 (Central Daylight Time),"Classic 8/8 7:10PM, 9 Games",4000,43785272,0,0,0,12,,,,,,,,,,,,,,,https://dkn.gs/sports/images/mlb/players/50/702111.png,,,,,,,8/8/2026,,,,,,,,,,,,,,,,,,,,,,,,,,
Robinson Ortiz,RP,SEA,Classic,Sat Aug 08 2026 01:00:00 GMT-0500 (Central Daylight Time),"Classic 8/8 7:10PM, 9 Games",4000,43785273,0,0,0,12,,,,,,,,,,,,,,,https://dkn.gs/sports/images/mlb/players/50/549427.png,,,,,,,8/8/2026,,,,,,,,,,,,,,,,,,,,,,,,,,
James McArthur,RP,KC,Classic,Sat Aug 08 2026 01:00:00 GMT-0500 (Central Daylight Time),"Classic 8/8 7:10PM, 9 Games",4000,43785274,0,0,0,12,,,,,,,,,,,,,,,https://dkn.gs/sports/images/mlb/players/50/556249.png,,,,,,,8/8/2026,,,,,,,,,,,,,,,,,,,,,,,,,,
RJ Petit,RP,COL,Classic,Sat Aug 08 2026 01:00:00 GMT-0500 (Central Daylight Time),"Classic 8/8 7:10PM, 9 Games",4000,43785275,0,0,0,12,,,,,,,,,,,,,,,https://dkn.gs/sports/images/mlb/players/50/701047.png,,,,,,,8/8/2026,,,,,,,,,,,,,,,,,,,,,,,,,,
Drew Thorpe,SP,CWS,Classic,Sat Aug 08 2026 01:00:00 GMT-0500 (Central Daylight Time),"Classic 8/8 7:10PM, 9 Games",4000,43785276,0,0,0,12,,,,,,,,,,,,,,,https://dkn.gs/sports/images/mlb/players/50/658801.png,,,,,,,8/8/2026,,,,,,,,,,,,,,,,,,,,,,,,,,
Cooper Hjerpe,RP,STL,Classic,Sat Aug 08 2026 01:00:00 GMT-0500 (Central Daylight Time),"Classic 8/8 7:10PM, 9 Games",4000,43785277,0,0,0,12,,,,,,,,,,,,,,,https://dkn.gs/sports/images/mlb/players/50/658828.png,,,,,,,8/8/2026,,,,,,,,,,,,,,,,,,,,,,,,,,
Eiberson Castellano,RP,COL,Classic,Sat Aug 08 2026 01:00:00 GMT-0500 (Central Daylight Time),"Classic 8/8 7:10PM, 9 Games",4000,43785278,0,0,0,12,,,,,,,,,,,,,,,https://dkn.gs/sports/images/mlb/players/50/808718.png,,,,,,,8/8/2026,,,,,,,,,,,,,,,,,,,,,,,,,,
Austin Peterson,SP,CLE,Classic,Sat Aug 08 2026 01:00:00 GMT-0500 (Central Daylight Time),"Classic 8/8 7:10PM, 9 Games",4000,43785279,0,0,0,12,,,,,,,,,,,,,,,https://dkn.gs/sports/images/mlb/players/50/887210.png,,,,,,,8/8/2026,,,,,,,,,,,,,,,,,,,,,,,,,,
Antoine Kelly,RP,CHC,Classic,Sat Aug 08 2026 01:00:00 GMT-0500 (Central Daylight Time),"Classic 8/8 7:10PM, 9 Games",4000,43785280,0,0,0,12,,,,,,,,,,,,,,,https://dkn.gs/sports/images/mlb/players/50/459819.png,,,,,,,8/8/2026,,,,,,,,,,,,,,,,,,,,,,,,,,
Yorman Gomez,RP,CLE,Classic,Sat Aug 08 2026 01:00:00 GMT-0500 (Central Daylight Time),"Classic 8/8 7:10PM, 9 Games",4000,43785281,0,0,0,12,,,,,,,,,,,,,,,https://dkn.gs/sports/images/mlb/players/50/937336.png,,,,,,,8/8/2026,,,,,,,,,,,,,,,,,,,,,,,,,,
Ronan Kopp,RP,LAD,Classic,Sat Aug 08 2026 01:00:00 GMT-0500 (Central Daylight Time),"Classic 8/8 7:10PM, 9 Games",4000,43785282,0,0,0,12,,,,,,,,,,,,,,,https://dkn.gs/sports/images/mlb/players/50/877442.png,,,,,,,8/8/2026,,,,,,,,,,,,,,,,,,,,,,,,,,
Tanner McDougal,SP,CWS,Classic,Sat Aug 08 2026 01:00:00 GMT-0500 (Central Daylight Time),"Classic 8/8 7:10PM, 9 Games",4000,43785283,0,0,0,12,,,,,,,,,,,,,,,https://dkn.gs/sports/images/mlb/players/50/582230.png,,,,,,,8/8/2026,,,,,,,,,,,,,,,,,,,,,,,,,,
Jackson Wolf,SP,DET,Classic,Sat Aug 08 2026 01:00:00 GMT-0500 (Central Daylight Time),"Classic 8/8 7:10PM, 9 Games",4000,43785284,0,0,0,12,,,,,,,,,,,,,,,https://dkn.gs/sports/images/mlb/players/50/582225.png,,,,,,,8/8/2026,,,,,,,,,,,,,,,,,,,,,,,,,,
Jake Miller,SP,DET,Classic,Sat Aug 08 2026 01:00:00 GMT-0500 (Central Daylight Time),"Classic 8/8 7:10PM, 9 Games",4000,43785285,0,0,0,12,,,,,,,,,,,,,,,https://dkn.gs/sports/images/mlb/teams/50/29871.png,,,,,,,8/8/2026,,,,,,,,,,,,,,,,,,,,,,,,,,
River Ryan,SP,DET,Classic,Sat Aug 08 2026 01:00:00 GMT-0500 (Central Daylight Time),"Classic 8/8 7:10PM, 9 Games",4000,43785286,0,0,0,12,,,,,,,,,,,,,,,https://dkn.gs/sports/images/mlb/players/50/637612.png,,,,,,,8/8/2026,,,,,,,,,,,,,,,,,,,,,,,,,,
Parker Mushinski,RP,COL,Classic,Sat Aug 08 2026 01:00:00 GMT-0500 (Central Daylight Time),"Classic 8/8 7:10PM, 9 Games",4000,43785287,0,0,0,12,,,,,,,,,,,,,,,https://dkn.gs/sports/images/mlb/players/50/635331.png,,,,,,,8/8/2026,,,,,,,,,,,,,,,,,,,,,,,,,,
Winston Santos,RP,TEX,Classic,Sat Aug 08 2026 01:00:00 GMT-0500 (Central Daylight Time),"Classic 8/8 7:10PM, 9 Games",4000,43785288,0,0,0,12,,,,,,,,,,,,,,,https://dkn.gs/sports/images/mlb/players/50/703820.png,,,,,,,8/8/2026,,,,,,,,,,,,,,,,,,,,,,,,,,
Blas Castano,RP,COL,Classic,Sat Aug 08 2026 01:00:00 GMT-0500 (Central Daylight Time),"Classic 8/8 7:10PM, 9 Games",4000,43785289,0,0,0,12,,,,,,,,,,,,,,,https://dkn.gs/sports/images/mlb/players/50/779672.png,,,,,,,8/8/2026,,,,,,,,,,,,,,,,,,,,,,,,,,
McCade Brown,SP,COL,Classic,Sat Aug 08 2026 01:00:00 GMT-0500 (Central Daylight Time),"Classic 8/8 7:10PM, 9 Games",4000,43785290,0,0,0,12,,,,,,,,,,,,,,,https://dkn.gs/sports/images/mlb/players/50/582146.png,,,,,,,8/8/2026,,,,,,,,,,,,,,,,,,,,,,,,,,
Ryan Fernandez,RP,STL,Classic,Sat Aug 08 2026 01:00:00 GMT-0500 (Central Daylight Time),"Classic 8/8 7:10PM, 9 Games",4000,43785291,0,0,0,12,,,,,,,,,,,,,,,https://dkn.gs/sports/images/mlb/players/50/637828.png,,,,,,,8/8/2026,,,,,,,,,,,,,,,,,,,,,,,,,,
Wikelman Gonzalez,RP,CWS,Classic,Sat Aug 08 2026 01:00:00 GMT-0500 (Central Daylight Time),"Classic 8/8 7:10PM, 9 Games",4000,43785292,0,0,0,12,,,,,,,,,,,,,,,https://dkn.gs/sports/images/mlb/players/50/593959.png,,,,,,,8/8/2026,,,,,,,,,,,,,,,,,,,,,,,,,,
Emiliano Teodo,RP,TEX,Classic,Sat Aug 08 2026 01:00:00 GMT-0500 (Central Daylight Time),"Classic 8/8 7:10PM, 9 Games",4000,43785293,0,0,0,12,,,,,,,,,,,,,,,https://dkn.gs/sports/images/mlb/players/50/658838.png,,,,,,,8/8/2026,,,,,,,,,,,,,,,,,,,,,,,,,,
Caleb Thielbar,RP,CHC,Classic,Sat Aug 08 2026 01:00:00 GMT-0500 (Central Daylight Time),"Classic 8/8 7:10PM, 9 Games",4000,43785294,0,0,0,12,,,,,,,,,,,,,,,https://dkn.gs/sports/images/mlb/players/50/112323.png,,,,,,,8/8/2026,,,,,,,,,,,,,,,,,,,,,,,,,,
Alek Jacob,RP,SD,Classic,Sat Aug 08 2026 01:00:00 GMT-0500 (Central Daylight Time),"Classic 8/8 7:10PM, 9 Games",4000,43785295,0,0,0,12,,,,,,,,,,,,,,,https://dkn.gs/sports/images/mlb/players/50/704975.png,,,,,,,8/8/2026,,,,,,,,,,,,,,,,,,,,,,,,,,
Hunter Gaddis,RP,CLE,Classic,Sat Aug 08 2026 01:00:00 GMT-0500 (Central Daylight Time),"Classic 8/8 7:10PM, 9 Games",4000,43785296,0,0,0,12,,,,,,,,,,,,,,,https://dkn.gs/sports/images/mlb/players/50/659914.png,,,,,,,8/8/2026,,,,,,,,,,,,,,,,,,,,,,,,,,
Jason Foley,RP,SF,Classic,Sat Aug 08 2026 01:00:00 GMT-0500 (Central Daylight Time),"Classic 8/8 7:10PM, 9 Games",4000,43785297,0,0,0,12,,,,,,,,,,,,,,,https://dkn.gs/sports/images/mlb/players/50/552332.png,,,,,,,8/8/2026,,,,,,,,,,,,,,,,,,,,,,,,,,
Yennier Cano,RP,BAL,Classic,Sat Aug 08 2026 01:00:00 GMT-0500 (Central Daylight Time),"Classic 8/8 7:10PM, 9 Games",4000,43785298,0,0,0,12,,,,,,,,,,,,,,,https://dkn.gs/sports/images/mlb/players/50/575961.png,,,,,,,8/8/2026,,,,,,,,,,,,,,,,,,,,,,,,,,
Drew Rom,RP,MIL,Classic,Sat Aug 08 2026 01:00:00 GMT-0500 (Central Daylight Time),"Classic 8/8 7:10PM, 9 Games",4000,43785299,0,0,0,12,,,,,,,,,,,,,,,https://dkn.gs/sports/images/mlb/players/50/459735.png,,,,,,,8/8/2026,,,,,,,,,,,,,,,,,,,,,,,,,,
Welinton Herrera,RP,COL,Classic,Sat Aug 08 2026 01:00:00 GMT-0500 (Central Daylight Time),"Classic 8/8 7:10PM, 9 Games",4000,43785300,0,0,0,12,,,,,,,,,,,,,,,https://dkn.gs/sports/images/mlb/players/50/888647.png,,,,,,,8/8/2026,,,,,,,,,,,,,,,,,,,,,,,,,,
Adrian Morejon,RP,SD,Classic,Sat Aug 08 2026 01:00:00 GMT-0500 (Central Daylight Time),"Classic 8/8 7:10PM, 9 Games",4000,43785301,0,0,0,12,,,,,,,,,,,,,,,https://dkn.gs/sports/images/mlb/players/50/32557.png,,,,,,,8/8/2026,,,,,,,,,,,,,,,,,,,,,,,,,,
Eduard Bazardo,RP,SEA,Classic,Sat Aug 08 2026 01:00:00 GMT-0500 (Central Daylight Time),"Classic 8/8 7:10PM, 9 Games",4000,43785302,0,0,0,12,,,,,,,,,,,,,,,https://dkn.gs/sports/images/mlb/players/50/476553.png,,,,,,,8/8/2026,,,,,,,,,,,,,,,,,,,,,,,,,,
Woo Suk Go,RP,MIN,Classic,Sat Aug 08 2026 01:00:00 GMT-0500 (Central Daylight Time),"Classic 8/8 7:10PM, 9 Games",4000,43785303,0,0,0,12,,,,,,,,,,,,,,,https://dkn.gs/sports/images/mlb/players/50/486380.png,,,,,,,8/8/2026,,,,,,,,,,,,,,,,,,,,,,,,,,
Ben Casparius,RP,LAD,Classic,Sat Aug 08 2026 01:00:00 GMT-0500 (Central Daylight Time),"Classic 8/8 7:10PM, 9 Games",4000,43785304,0,0,0,12,,,,,,,,,,,,,,,https://dkn.gs/sports/images/mlb/players/50/582157.png,,,,,,,8/8/2026,,,,,,,,,,,,,,,,,,,,,,,,,,
Garrett Stallings,RP,MIL,Classic,Sat Aug 08 2026 01:00:00 GMT-0500 (Central Daylight Time),"Classic 8/8 7:10PM, 9 Games",4000,43785305,0,0,0,12,,,,,,,,,,,,,,,https://dkn.gs/sports/images/mlb/players/50/501305.png,,,,,,,8/8/2026,,,,,,,,,,,,,,,,,,,,,,,,,,
Wandy Peralta,RP,SD,Classic,Sat Aug 08 2026 01:00:00 GMT-0500 (Central Daylight Time),"Classic 8/8 7:10PM, 9 Games",4000,43785306,0,0,0,12,,,,,,,,,,,,,,,https://dkn.gs/sports/images/mlb/players/50/32731.png,,,,,,,8/8/2026,,,,,,,,,,,,,,,,,,,,,,,,,,
Ryan Rolison,RP,CHC,Classic,Sat Aug 08 2026 01:00:00 GMT-0500 (Central Daylight Time),"Classic 8/8 7:10PM, 9 Games",4000,43785307,0,0,0,12,,,,,,,,,,,,,,,https://dkn.gs/sports/images/mlb/players/50/112497.png,,,,,,,8/8/2026,,,,,,,,,,,,,,,,,,,,,,,,,,
Bryan Baker,RP,TB,Classic,Sat Aug 08 2026 01:00:00 GMT-0500 (Central Daylight Time),"Classic 8/8 7:10PM, 9 Games",4000,43785308,0,0,0,12,,,,,,,,,,,,,,,https://dkn.gs/sports/images/mlb/players/50/476567.png,,,,,,,8/8/2026,,,,,,,,,,,,,,,,,,,,,,,,,,
Steven Okert,RP,HOU,Classic,Sat Aug 08 2026 01:00:00 GMT-0500 (Central Daylight Time),"Classic 8/8 7:10PM, 9 Games",4000,43785309,0,0,0,12,,,,,,,,,,,,,,,https://dkn.gs/sports/images/mlb/players/50/112425.png,,,,,,,8/8/2026,,,,,,,,,,,,,,,,,,,,,,,,,,
Seranthony Dominguez,RP,SEA,Classic,Sat Aug 08 2026 01:00:00 GMT-0500 (Central Daylight Time),"Classic 8/8 7:10PM, 9 Games",4000,43785310,0,0,0,12,,,,,,,,,,,,,,,https://dkn.gs/sports/images/mlb/players/50/32083.png,,,,,,,8/8/2026,,,,,,,,,,,,,,,,,,,,,,,,,,
Ryne Stanek,RP,STL,Classic,Sat Aug 08 2026 01:00:00 GMT-0500 (Central Daylight Time),"Classic 8/8 7:10PM, 9 Games",4000,43785311,0,0,0,12,,,,,,,,,,,,,,,https://dkn.gs/sports/images/mlb/players/50/31435.png,,,,,,,8/8/2026,,,,,,,,,,,,,,,,,,,,,,,,,,
Peter Strzelecki,RP,STL,Classic,Sat Aug 08 2026 01:00:00 GMT-0500 (Central Daylight Time),"Classic 8/8 7:10PM, 9 Games",4000,43785312,0,0,0,12,,,,,,,,,,,,,,,https://dkn.gs/sports/images/mlb/players/50/644405.png,,,,,,,8/8/2026,,,,,,,,,,,,,,,,,,,,,,,,,,
Erik Sabrowski,RP,CLE,Classic,Sat Aug 08 2026 01:00:00 GMT-0500 (Central Daylight Time),"Classic 8/8 7:10PM, 9 Games",4000,43785313,0,0,0,12,,,,,,,,,,,,,,,https://dkn.gs/sports/images/mlb/players/50/641078.png,,,,,,,8/8/2026,,,,,,,,,,,,,,,,,,,,,,,,,,
Carlos Estevez,RP,KC,Classic,Sat Aug 08 2026 01:00:00 GMT-0500 (Central Daylight Time),"Classic 8/8 7:10PM, 9 Games",4000,43785314,0,0,0,12,,,,,,,,,,,,,,,https://dkn.gs/sports/images/mlb/players/50/32618.png,,,,,,,8/8/2026,,,,,,,,,,,,,,,,,,,,,,,,,,
Felix Bautista,RP,BAL,Classic,Sat Aug 08 2026 01:00:00 GMT-0500 (Central Daylight Time),"Classic 8/8 7:10PM, 9 Games",4000,43785315,0,0,0,12,,,,,,,,,,,,,,,https://dkn.gs/sports/images/mlb/players/50/614838.png,,,,,,,8/8/2026,,,,,,,,,,,,,,,,,,,,,,,,,,
Spencer Bivens,RP,SF,Classic,Sat Aug 08 2026 01:00:00 GMT-0500 (Central Daylight Time),"Classic 8/8 7:10PM, 9 Games",4000,43785316,0,0,0,12,,,,,,,,,,,,,,,https://dkn.gs/sports/images/mlb/players/50/701066.png,,,,,,,8/8/2026,,,,,,,,,,,,,,,,,,,,,,,,,,
Paul Gervase,RP,LAD,Classic,Sat Aug 08 2026 01:00:00 GMT-0500 (Central Daylight Time),"Classic 8/8 7:10PM, 9 Games",4000,43785317,0,0,0,12,,,,,,,,,,,,,,,https://dkn.gs/sports/images/mlb/players/50/779614.png,,,,,,,8/8/2026,,,,,,,,,,,,,,,,,,,,,,,,,,
Bennett Sousa,RP,HOU,Classic,Sat Aug 08 2026 01:00:00 GMT-0500 (Central Daylight Time),"Classic 8/8 7:10PM, 9 Games",4000,43785318,0,0,0,12,,,,,,,,,,,,,,,https://dkn.gs/sports/images/mlb/players/50/477247.png,,,,,,,8/8/2026,,,,,,,,,,,,,,,,,,,,,,,,,,
Gavin Hollowell,RP,CHC,Classic,Sat Aug 08 2026 01:00:00 GMT-0500 (Central Daylight Time),"Classic 8/8 7:10PM, 9 Games",4000,43785319,0,0,0,12,,,,,,,,,,,,,,,https://dkn.gs/sports/images/mlb/players/50/635368.png,,,,,,,8/8/2026,,,,,,,,,,,,,,,,,,,,,,,,,,
Grant Anderson,RP,MIL,Classic,Sat Aug 08 2026 01:00:00 GMT-0500 (Central Daylight Time),"Classic 8/8 7:10PM, 9 Games",4000,43785320,0,0,0,12,,,,,,,,,,,,,,,https://dkn.gs/sports/images/mlb/players/50/635378.png,,,,,,,8/8/2026,,,,,,,,,,,,,,,,,,,,,,,,,,
Cole Sulser,RP,TB,Classic,Sat Aug 08 2026 01:00:00 GMT-0500 (Central Daylight Time),"Classic 8/8 7:10PM, 9 Games",4000,43785321,0,0,0,12,,,,,,,,,,,,,,,https://dkn.gs/sports/images/mlb/players/50/31763.png,,,,,,,8/8/2026,,,,,,,,,,,,,,,,,,,,,,,,,,
Phil Maton,RP,CHC,Classic,Sat Aug 08 2026 01:00:00 GMT-0500 (Central Daylight Time),"Classic 8/8 7:10PM, 9 Games",4000,43785322,0,0,0,12,,,,,,,,,,,,,,,https://dkn.gs/sports/images/mlb/players/50/31776.png,,,,,,,8/8/2026,,,,,,,,,,,,,,,,,,,,,,,,,,
Abner Uribe,RP,MIL,Classic,Sat Aug 08 2026 01:00:00 GMT-0500 (Central Daylight Time),"Classic 8/8 7:10PM, 9 Games",4000,43785323,0,0,0,12,,,,,,,,,,,,,,,https://dkn.gs/sports/images/mlb/players/50/595173.png,,,,,,,8/8/2026,,,,,,,,,,,,,,,,,,,,,,,,,,
Chris Roycroft,RP,TB,Classic,Sat Aug 08 2026 01:00:00 GMT-0500 (Central Daylight Time),"Classic 8/8 7:10PM, 9 Games",4000,43785324,0,0,0,12,,,,,,,,,,,,,,,https://dkn.gs/sports/images/mlb/players/50/781157.png,,,,,,,8/8/2026,,,,,,,,,,,,,,,,,,,,,,,,,,
Cam Booser,RP,TB,Classic,Sat Aug 08 2026 01:00:00 GMT-0500 (Central Daylight Time),"Classic 8/8 7:10PM, 9 Games",4000,43785325,0,0,0,12,,,,,,,,,,,,,,,https://dkn.gs/sports/images/mlb/players/50/638767.png,,,,,,,8/8/2026,,,,,,,,,,,,,,,,,,,,,,,,,,
Carlos Vargas,RP,SEA,Classic,Sat Aug 08 2026 01:00:00 GMT-0500 (Central Daylight Time),"Classic 8/8 7:10PM, 9 Games",4000,43785326,0,0,0,12,,,,,,,,,,,,,,,https://dkn.gs/sports/images/mlb/players/50/459776.png,,,,,,,8/8/2026,,,,,,,,,,,,,,,,,,,,,,,,,,
Easton McGee,RP,KC,Classic,Sat Aug 08 2026 01:00:00 GMT-0500 (Central Daylight Time),"Classic 8/8 7:10PM, 9 Games",4000,43785327,0,0,0,12,,,,,,,,,,,,,,,https://dkn.gs/sports/images/mlb/players/50/678083.png,,,,,,,8/8/2026,,,,,,,,,,,,,,,,,,,,,,,,,,
Jacob Waguespack,RP,DET,Classic,Sat Aug 08 2026 01:00:00 GMT-0500 (Central Daylight Time),"Classic 8/8 7:10PM, 9 Games",4000,43785328,0,0,0,12,,,,,,,,,,,,,,,https://dkn.gs/sports/images/mlb/players/50/32026.png,,,,,,,8/8/2026,,,,,,,,,,,,,,,,,,,,,,,,,,
Ricky Vanasco,RP,DET,Classic,Sat Aug 08 2026 01:00:00 GMT-0500 (Central Daylight Time),"Classic 8/8 7:10PM, 9 Games",4000,43785329,0,0,0,12,,,,,,,,,,,,,,,https://dkn.gs/sports/images/mlb/players/50/459922.png,,,,,,,8/8/2026,,,,,,,,,,,,,,,,,,,,,,,,,,
Will Vest,RP,DET,Classic,Sat Aug 08 2026 01:00:00 GMT-0500 (Central Daylight Time),"Classic 8/8 7:10PM, 9 Games",4000,43785330,0,0,0,12,,,,,,,,,,,,,,,https://dkn.gs/sports/images/mlb/players/50/476333.png,,,,,,,8/8/2026,,,,,,,,,,,,,,,,,,,,,,,,,,
Franco Aleman,RP,CLE,Classic,Sat Aug 08 2026 01:00:00 GMT-0500 (Central Daylight Time),"Classic 8/8 7:10PM, 9 Games",4000,43785331,0,0,0,12,,,,,,,,,,,,,,,https://dkn.gs/sports/images/mlb/players/50/699659.png,,,,,,,8/8/2026,,,,,,,,,,,,,,,,,,,,,,,,,,
Evan Phillips,RP,LAD,Classic,Sat Aug 08 2026 01:00:00 GMT-0500 (Central Daylight Time),"Classic 8/8 7:10PM, 9 Games",4000,43785332,0,0,0,12,,,,,,,,,,,,,,,https://dkn.gs/sports/images/mlb/players/50/31436.png,,,,,,,8/8/2026,,,,,,,,,,,,,,,,,,,,,,,,,,
Cam Sanders,RP,BAL,Classic,Sat Aug 08 2026 01:00:00 GMT-0500 (Central Daylight Time),"Classic 8/8 7:10PM, 9 Games",4000,43785333,0,0,0,12,,,,,,,,,,,,,,,https://dkn.gs/sports/images/mlb/players/50/699380.png,,,,,,,8/8/2026,,,,,,,,,,,,,,,,,,,,,,,,,,
Joel Peguero,RP,SF,Classic,Sat Aug 08 2026 01:00:00 GMT-0500 (Central Daylight Time),"Classic 8/8 7:10PM, 9 Games",4000,43785334,0,0,0,12,,,,,,,,,,,,,,,https://dkn.gs/sports/images/mlb/players/50/634896.png,,,,,,,8/8/2026,,,,,,,,,,,,,,,,,,,,,,,,,,
Juan Morillo,RP,ARI,Classic,Sat Aug 08 2026 01:00:00 GMT-0500 (Central Daylight Time),"Classic 8/8 7:10PM, 9 Games",4000,43785335,0,0,0,12,,,,,,,,,,,,,,,https://dkn.gs/sports/images/mlb/players/50/702660.png,,,,,,,8/8/2026,,,,,,,,,,,,,,,,,,,,,,,,,,
Trevor Martin,RP,TB,Classic,Sat Aug 08 2026 01:00:00 GMT-0500 (Central Daylight Time),"Classic 8/8 7:10PM, 9 Games",4000,43785336,0,0,0,12,,,,,,,,,,,,,,,https://dkn.gs/sports/images/mlb/teams/50/29880.png,,,,,,,8/8/2026,,,,,,,,,,,,,,,,,,,,,,,,,,
Jeff Hoffman,RP,MIN,Classic,Sat Aug 08 2026 01:00:00 GMT-0500 (Central Daylight Time),"Classic 8/8 7:10PM, 9 Games",4000,43785337,0,0,0,12,,,,,,,,,,,,,,,https://dkn.gs/sports/images/mlb/players/50/32586.png,,,,,,,8/8/2026,,,,,,,,,,,,,,,,,,,,,,,,,,
Andrew Saalfrank,RP,ARI,Classic,Sat Aug 08 2026 01:00:00 GMT-0500 (Central Daylight Time),"Classic 8/8 7:10PM, 9 Games",4000,43785338,0,0,0,12,,,,,,,,,,,,,,,https://dkn.gs/sports/images/mlb/players/50/698697.png,,,,,,,8/8/2026,,,,,,,,,,,,,,,,,,,,,,,,,,
Steven Cruz,RP,KC,Classic,Sat Aug 08 2026 01:00:00 GMT-0500 (Central Daylight Time),"Classic 8/8 7:10PM, 9 Games",4000,43785339,0,0,0,12,,,,,,,,,,,,,,,https://dkn.gs/sports/images/mlb/players/50/637082.png,,,,,,,8/8/2026,,,,,,,,,,,,,,,,,,,,,,,,,,
Gabe Speier,RP,SEA,Classic,Sat Aug 08 2026 01:00:00 GMT-0500 (Central Daylight Time),"Classic 8/8 7:10PM, 9 Games",4000,43785340,0,0,0,12,,,,,,,,,,,,,,,https://dkn.gs/sports/images/mlb/players/50/32146.png,,,,,,,8/8/2026,,,,,,,,,,,,,,,,,,,,,,,,,,
Tim Herrin,RP,CLE,Classic,Sat Aug 08 2026 01:00:00 GMT-0500 (Central Daylight Time),"Classic 8/8 7:10PM, 9 Games",4000,43785341,0,0,0,12,,,,,,,,,,,,,,,https://dkn.gs/sports/images/mlb/players/50/635567.png,,,,,,,8/8/2026,,,,,,,,,,,,,,,,,,,,,,,,,,
Tommy Nance,RP,MIN,Classic,Sat Aug 08 2026 01:00:00 GMT-0500 (Central Daylight Time),"Classic 8/8 7:10PM, 9 Games",4000,43785342,0,0,0,12,,,,,,,,,,,,,,,https://dkn.gs/sports/images/mlb/players/50/476648.png,,,,,,,8/8/2026,,,,,,,,,,,,,,,,,,,,,,,,,,
Cole Sands,RP,MIN,Classic,Sat Aug 08 2026 01:00:00 GMT-0500 (Central Daylight Time),"Classic 8/8 7:10PM, 9 Games",4000,43785343,0,0,0,12,,,,,,,,,,,,,,,https://dkn.gs/sports/images/mlb/players/50/475915.png,,,,,,,8/8/2026,,,,,,,,,,,,,,,,,,,,,,,,,,
Nick Raquet,RP,BAL,Classic,Sat Aug 08 2026 01:00:00 GMT-0500 (Central Daylight Time),"Classic 8/8 7:10PM, 9 Games",4000,43785344,0,0,0,12,,,,,,,,,,,,,,,https://dkn.gs/sports/images/mlb/players/50/111991.png,,,,,,,8/8/2026,,,,,,,,,,,,,,,,,,,,,,,,,,
Jared Koenig,RP,MIL,Classic,Sat Aug 08 2026 01:00:00 GMT-0500 (Central Daylight Time),"Classic 8/8 7:10PM, 9 Games",4000,43785345,0,0,0,12,,,,,,,,,,,,,,,https://dkn.gs/sports/images/mlb/players/50/644928.png,,,,,,,8/8/2026,,,,,,,,,,,,,,,,,,,,,,,,,,
Jeff Criswell,RP,COL,Classic,Sat Aug 08 2026 01:00:00 GMT-0500 (Central Daylight Time),"Classic 8/8 7:10PM, 9 Games",4000,43785346,0,0,0,12,,,,,,,,,,,,,,,https://dkn.gs/sports/images/mlb/players/50/494711.png,,,,,,,8/8/2026,,,,,,,,,,,,,,,,,,,,,,,,,,
Luis Curvelo,RP,TEX,Classic,Sat Aug 08 2026 01:00:00 GMT-0500 (Central Daylight Time),"Classic 8/8 7:10PM, 9 Games",4000,43785347,0,0,0,12,,,,,,,,,,,,,,,https://dkn.gs/sports/images/mlb/players/50/638333.png,,,,,,,8/8/2026,,,,,,,,,,,,,,,,,,,,,,,,,,
Drew Sommers,RP,DET,Classic,Sat Aug 08 2026 01:00:00 GMT-0500 (Central Daylight Time),"Classic 8/8 7:10PM, 9 Games",4000,43785348,0,0,0,12,,,,,,,,,,,,,,,https://dkn.gs/sports/images/mlb/players/50/876374.png,,,,,,,8/8/2026,,,,,,,,,,,,,,,,,,,,,,,,,,
Brian Fitzpatrick,RP,MIL,Classic,Sat Aug 08 2026 01:00:00 GMT-0500 (Central Daylight Time),"Classic 8/8 7:10PM, 9 Games",4000,43785349,0,0,0,12,,,,,,,,,,,,,,,https://dkn.gs/sports/images/mlb/teams/50/29847.png,,,,,,,8/8/2026,,,,,,,,,,,,,,,,,,,,,,,,,,
Hunter Bigge,RP,TB,Classic,Sat Aug 08 2026 01:00:00 GMT-0500 (Central Daylight Time),"Classic 8/8 7:10PM, 9 Games",4000,43785350,0,0,0,12,,,,,,,,,,,,,,,https://dkn.gs/sports/images/mlb/players/50/698918.png,,,,,,,8/8/2026,,,,,,,,,,,,,,,,,,,,,,,,,,
Beck Way,RP,KC,Classic,Sat Aug 08 2026 01:00:00 GMT-0500 (Central Daylight Time),"Classic 8/8 7:10PM, 9 Games",4000,43785351,0,0,0,12,,,,,,,,,,,,,,,https://dkn.gs/sports/images/mlb/players/50/501848.png,,,,,,,8/8/2026,,,,,,,,,,,,,,,,,,,,,,,,,,
Jonathan Loaisiga,RP,ARI,Classic,Sat Aug 08 2026 01:00:00 GMT-0500 (Central Daylight Time),"Classic 8/8 7:10PM, 9 Games",4000,43785352,0,0,0,12,,,,,,,,,,,,,,,https://dkn.gs/sports/images/mlb/players/50/32566.png,,,,,,,8/8/2026,,,,,,,,,,,,,,,,,,,,,,,,,,
Brant Hurter,RP,DET,Classic,Sat Aug 08 2026 01:00:00 GMT-0500 (Central Daylight Time),"Classic 8/8 7:10PM, 9 Games",4000,43785353,0,0,0,12,,,,,,,,,,,,,,,https://dkn.gs/sports/images/mlb/players/50/658782.png,,,,,,,8/8/2026,,,,,,,,,,,,,,,,,,,,,,,,,,
Casey Legumina,RP,TB,Classic,Sat Aug 08 2026 01:00:00 GMT-0500 (Central Daylight Time),"Classic 8/8 7:10PM, 9 Games",4000,43785354,0,0,0,12,,,,,,,,,,,,,,,https://dkn.gs/sports/images/mlb/players/50/684502.png,,,,,,,8/8/2026,,,,,,,,,,,,,,,,,,,,,,,,,,
Trevor Megill,RP,MIL,Classic,Sat Aug 08 2026 01:00:00 GMT-0500 (Central Daylight Time),"Classic 8/8 7:10PM, 9 Games",4000,43785355,0,0,0,12,,,,,,,,,,,,,,,https://dkn.gs/sports/images/mlb/players/50/460488.png,,,,,,,8/8/2026,,,,,,,,,,,,,,,,,,,,,,,,,,
Matt Brash,RP,SEA,Classic,Sat Aug 08 2026 01:00:00 GMT-0500 (Central Daylight Time),"Classic 8/8 7:10PM, 9 Games",4000,43785356,0,0,0,12,,,,,,,,,,,,,,,https://dkn.gs/sports/images/mlb/players/50/512576.png,,,,,,,8/8/2026,,,,,,,,,,,,,,,,,,,,,,,,,,
Bryan Hoeing,RP,SD,Classic,Sat Aug 08 2026 01:00:00 GMT-0500 (Central Daylight Time),"Classic 8/8 7:10PM, 9 Games",4000,43785357,0,0,0,12,,,,,,,,,,,,,,,https://dkn.gs/sports/images/mlb/players/50/643833.png,,,,,,,8/8/2026,,,,,,,,,,,,,,,,,,,,,,,,,,
Andrew Walters,RP,CLE,Classic,Sat Aug 08 2026 01:00:00 GMT-0500 (Central Daylight Time),"Classic 8/8 7:10PM, 9 Games",4000,43785358,0,0,0,12,,,,,,,,,,,,,,,https://dkn.gs/sports/images/mlb/players/50/718601.png,,,,,,,8/8/2026,,,,,,,,,,,,,,,,,,,,,,,,,,
Alimber Santa,RP,HOU,Classic,Sat Aug 08 2026 01:00:00 GMT-0500 (Central Daylight Time),"Classic 8/8 7:10PM, 9 Games",4000,43785359,0,0,0,12,,,,,,,,,,,,,,,https://dkn.gs/sports/images/mlb/teams/50/29882.png,,,,,,,8/8/2026,,,,,,,,,,,,,,,,,,,,,,,,,,
Kade Strowd,RP,ARI,Classic,Sat Aug 08 2026 01:00:00 GMT-0500 (Central Daylight Time),"Classic 8/8 7:10PM, 9 Games",4000,43785360,0,0,0,12,,,,,,,,,,,,,,,https://dkn.gs/sports/images/mlb/players/50/698887.png,,,,,,,8/8/2026,,,,,,,,,,,,,,,,,,,,,,,,,,
Yosver Zulueta,RP,BAL,Classic,Sat Aug 08 2026 01:00:00 GMT-0500 (Central Daylight Time),"Classic 8/8 7:10PM, 9 Games",4000,43785361,0,0,0,12,,,,,,,,,,,,,,,https://dkn.gs/sports/images/mlb/players/50/552703.png,,,,,,,8/8/2026,,,,,,,,,,,,,,,,,,,,,,,,,,
Edwin Uceta,RP,TB,Classic,Sat Aug 08 2026 01:00:00 GMT-0500 (Central Daylight Time),"Classic 8/8 7:10PM, 9 Games",4000,43785362,0,0,0,12,,,,,,,,,,,,,,,https://dkn.gs/sports/images/mlb/players/50/111898.png,,,,,,,8/8/2026,,,,,,,,,,,,,,,,,,,,,,,,,,
Hunter Stratton,RP,SD,Classic,Sat Aug 08 2026 01:00:00 GMT-0500 (Central Daylight Time),"Classic 8/8 7:10PM, 9 Games",4000,43785363,0,0,0,12,,,,,,,,,,,,,,,https://dkn.gs/sports/images/mlb/players/50/635315.png,,,,,,,8/8/2026,,,,,,,,,,,,,,,,,,,,,,,,,,
Justin Martinez,RP,ARI,Classic,Sat Aug 08 2026 01:00:00 GMT-0500 (Central Daylight Time),"Classic 8/8 7:10PM, 9 Games",4000,43785364,0,0,0,12,,,,,,,,,,,,,,,https://dkn.gs/sports/images/mlb/players/50/643066.png,,,,,,,8/8/2026,,,,,,,,,,,,,,,,,,,,,,,,,,
John Schreiber,RP,KC,Classic,Sat Aug 08 2026 01:00:00 GMT-0500 (Central Daylight Time),"Classic 8/8 7:10PM, 9 Games",4000,43785365,0,0,0,12,,,,,,,,,,,,,,,https://dkn.gs/sports/images/mlb/players/50/31936.png,,,,,,,8/8/2026,,,,,,,,,,,,,,,,,,,,,,,,,,
Garrett Acton,RP,MIN,Classic,Sat Aug 08 2026 01:00:00 GMT-0500 (Central Daylight Time),"Classic 8/8 7:10PM, 9 Games",4000,43785366,0,0,0,12,,,,,,,,,,,,,,,https://dkn.gs/sports/images/mlb/players/50/669785.png,,,,,,,8/8/2026,,,,,,,,,,,,,,,,,,,,,,,,,,
Yaramil Hiraldo,RP,BAL,Classic,Sat Aug 08 2026 01:00:00 GMT-0500 (Central Daylight Time),"Classic 8/8 7:10PM, 9 Games",4000,43785367,0,0,0,12,,,,,,,,,,,,,,,https://dkn.gs/sports/images/mlb/players/50/898365.png,,,,,,,8/8/2026,,,,,,,,,,,,,,,,,,,,,,,,,,
Philip Abner,RP,ARI,Classic,Sat Aug 08 2026 01:00:00 GMT-0500 (Central Daylight Time),"Classic 8/8 7:10PM, 9 Games",4000,43785368,0,0,0,12,,,,,,,,,,,,,,,https://dkn.gs/sports/images/mlb/players/50/888566.png,,,,,,,8/8/2026,,,,,,,,,,,,,,,,,,,,,,,,,,
David Morgan,RP,SD,Classic,Sat Aug 08 2026 01:00:00 GMT-0500 (Central Daylight Time),"Classic 8/8 7:10PM, 9 Games",4000,43785369,0,0,0,12,,,,,,,,,,,,,,,https://dkn.gs/sports/images/mlb/players/50/878216.png,,,,,,,8/8/2026,,,,,,,,,,,,,,,,,,,,,,,,,,
Tanner Scott,RP,LAD,Classic,Sat Aug 08 2026 01:00:00 GMT-0500 (Central Daylight Time),"Classic 8/8 7:10PM, 9 Games",4000,43785370,0,0,0,12,,,,,,,,,,,,,,,https://dkn.gs/sports/images/mlb/players/50/31420.png,,,,,,,8/8/2026,,,,,,,,,,,,,,,,,,,,,,,,,,
Nick Davila,RP,SEA,Classic,Sat Aug 08 2026 01:00:00 GMT-0500 (Central Daylight Time),"Classic 8/8 7:10PM, 9 Games",4000,43785371,0,0,0,12,,,,,,,,,,,,,,,https://dkn.gs/sports/images/mlb/teams/50/29815.png,,,,,,,8/8/2026,,,,,,,,,,,,,,,,,,,,,,,,,,
Taylor Clarke,RP,ARI,Classic,Sat Aug 08 2026 01:00:00 GMT-0500 (Central Daylight Time),"Classic 8/8 7:10PM, 9 Games",4000,43785372,0,0,0,12,,,,,,,,,,,,,,,https://dkn.gs/sports/images/mlb/players/50/32124.png,,,,,,,8/8/2026,,,,,,,,,,,,,,,,,,,,,,,,,,
Anthony Banda,RP,MIN,Classic,Sat Aug 08 2026 01:00:00 GMT-0500 (Central Daylight Time),"Classic 8/8 7:10PM, 9 Games",4000,43785373,0,0,0,12,,,,,,,,,,,,,,,https://dkn.gs/sports/images/mlb/players/50/31705.png,,,,,,,8/8/2026,,,,,,,,,,,,,,,,,,,,,,,,,,
Bryan Hudson,RP,CWS,Classic,Sat Aug 08 2026 01:00:00 GMT-0500 (Central Daylight Time),"Classic 8/8 7:10PM, 9 Games",4000,43785374,0,0,0,12,,,,,,,,,,,,,,,https://dkn.gs/sports/images/mlb/players/50/111663.png,,,,,,,8/8/2026,,,,,,,,,,,,,,,,,,,,,,,,,,
Tyler Holton,RP,DET,Classic,Sat Aug 08 2026 01:00:00 GMT-0500 (Central Daylight Time),"Classic 8/8 7:10PM, 9 Games",4000,43785375,0,0,0,12,,,,,,,,,,,,,,,https://dkn.gs/sports/images/mlb/players/50/637216.png,,,,,,,8/8/2026,,,,,,,,,,,,,,,,,,,,,,,,,,
Andrew Hoffmann,RP,ARI,Classic,Sat Aug 08 2026 01:00:00 GMT-0500 (Central Daylight Time),"Classic 8/8 7:10PM, 9 Games",4000,43785376,0,0,0,12,,,,,,,,,,,,,,,https://dkn.gs/sports/images/mlb/players/50/654618.png,,,,,,,8/8/2026,,,,,,,,,,,,,,,,,,,,,,,,,,
Brenan Hanifee,RP,DET,Classic,Sat Aug 08 2026 01:00:00 GMT-0500 (Central Daylight Time),"Classic 8/8 7:10PM, 9 Games",4000,43785377,0,0,0,12,,,,,,,,,,,,,,,https://dkn.gs/sports/images/mlb/players/50/110441.png,,,,,,,8/8/2026,,,,,,,,,,,,,,,,,,,,,,,,,,
Jordan Romano,RP,COL,Classic,Sat Aug 08 2026 01:00:00 GMT-0500 (Central Daylight Time),"Classic 8/8 7:10PM, 9 Games",4000,43785378,0,0,0,12,,,,,,,,,,,,,,,https://dkn.gs/sports/images/mlb/players/50/32029.png,,,,,,,8/8/2026,,,,,,,,,,,,,,,,,,,,,,,,,,
Edwin Diaz,RP,LAD,Classic,Sat Aug 08 2026 01:00:00 GMT-0500 (Central Daylight Time),"Classic 8/8 7:10PM, 9 Games",4000,43785379,0,0,0,12,,,,,,,,,,,,,,,https://dkn.gs/sports/images/mlb/players/50/31785.png,,,,,,,8/8/2026,,,,,,,,,,,,,,,,,,,,,,,,,,
A.J. Minter,RP,MIN,Classic,Sat Aug 08 2026 01:00:00 GMT-0500 (Central Daylight Time),"Classic 8/8 7:10PM, 9 Games",4000,43785380,0,0,0,12,,,,,,,,,,,,,,,https://dkn.gs/sports/images/mlb/players/50/32268.png,,,,,,,8/8/2026,,,,,,,,,,,,,,,,,,,,,,,,,,
Burch Smith,RP,DET,Classic,Sat Aug 08 2026 01:00:00 GMT-0500 (Central Daylight Time),"Classic 8/8 7:10PM, 9 Games",4000,43785381,0,0,0,12,,,,,,,,,,,,,,,https://dkn.gs/sports/images/mlb/players/50/32697.png,,,,,,,8/8/2026,,,,,,,,,,,,,,,,,,,,,,,,,,
Troy Taylor,RP,SEA,Classic,Sat Aug 08 2026 01:00:00 GMT-0500 (Central Daylight Time),"Classic 8/8 7:10PM, 9 Games",4000,43785382,0,0,0,12,,,,,,,,,,,,,,,https://dkn.gs/sports/images/mlb/players/50/703360.png,,,,,,,8/8/2026,,,,,,,,,,,,,,,,,,,,,,,,,,
Kenley Jansen,RP,DET,Classic,Sat Aug 08 2026 01:00:00 GMT-0500 (Central Daylight Time),"Classic 8/8 7:10PM, 9 Games",4000,43785383,0,0,0,12,,,,,,,,,,,,,,,https://dkn.gs/sports/images/mlb/players/50/32674.png,,,,,,,8/8/2026,,,,,,,,,,,,,,,,,,,,,,,,,,
Manuel Rodriguez,RP,TB,Classic,Sat Aug 08 2026 01:00:00 GMT-0500 (Central Daylight Time),"Classic 8/8 7:10PM, 9 Games",4000,43785384,0,0,0,12,,,,,,,,,,,,,,,https://dkn.gs/sports/images/mlb/players/50/457211.png,,,,,,,8/8/2026,,,,,,,,,,,,,,,,,,,,,,,,,,
Gordon Graceffo,RP,STL,Classic,Sat Aug 08 2026 01:00:00 GMT-0500 (Central Daylight Time),"Classic 8/8 7:10PM, 9 Games",4000,43785385,0,0,0,12,,,,,,,,,,,,,,,https://dkn.gs/sports/images/mlb/players/50/582241.png,,,,,,,8/8/2026,,,,,,,,,,,,,,,,,,,,,,,,,,
Edgardo Henriquez,RP,LAD,Classic,Sat Aug 08 2026 01:00:00 GMT-0500 (Central Daylight Time),"Classic 8/8 7:10PM, 9 Games",4000,43785386,0,0,0,12,,,,,,,,,,,,,,,https://dkn.gs/sports/images/mlb/players/50/685798.png,,,,,,,8/8/2026,,,,,,,,,,,,,,,,,,,,,,,,,,
Michael Rucker,RP,SEA,Classic,Sat Aug 08 2026 01:00:00 GMT-0500 (Central Daylight Time),"Classic 8/8 7:10PM, 9 Games",4000,43785387,0,0,0,12,,,,,,,,,,,,,,,https://dkn.gs/sports/images/mlb/players/50/111672.png,,,,,,,8/8/2026,,,,,,,,,,,,,,,,,,,,,,,,,,
Brandyn Garcia,RP,ARI,Classic,Sat Aug 08 2026 01:00:00 GMT-0500 (Central Daylight Time),"Classic 8/8 7:10PM, 9 Games",4000,43785388,0,0,0,12,,,,,,,,,,,,,,,https://dkn.gs/sports/images/mlb/players/50/780220.png,,,,,,,8/8/2026,,,,,,,,,,,,,,,,,,,,,,,,,,
Jonathan Hernandez,RP,LAD,Classic,Sat Aug 08 2026 01:00:00 GMT-0500 (Central Daylight Time),"Classic 8/8 7:10PM, 9 Games",4000,43785389,0,0,0,12,,,,,,,,,,,,,,,https://dkn.gs/sports/images/mlb/players/50/31869.png,,,,,,,8/8/2026,,,,,,,,,,,,,,,,,,,,,,,,,,
Nick Frasso,RP,COL,Classic,Sat Aug 08 2026 01:00:00 GMT-0500 (Central Daylight Time),"Classic 8/8 7:10PM, 9 Games",4000,43785390,0,0,0,12,,,,,,,,,,,,,,,https://dkn.gs/sports/images/mlb/players/50/654214.png,,,,,,,8/8/2026,,,,,,,,,,,,,,,,,,,,,,,,,,
Logan VanWey,RP,HOU,Classic,Sat Aug 08 2026 01:00:00 GMT-0500 (Central Daylight Time),"Classic 8/8 7:10PM, 9 Games",4000,43785391,0,0,0,12,,,,,,,,,,,,,,,https://dkn.gs/sports/images/mlb/teams/50/29882.png,,,,,,,8/8/2026,,,,,,,,,,,,,,,,,,,,,,,,,,
Aaron Ashby,RP,MIL,Classic,Sat Aug 08 2026 01:00:00 GMT-0500 (Central Daylight Time),"Classic 8/8 7:10PM, 9 Games",4000,43785392,0,0,0,12,,,,,,,,,,,,,,,https://dkn.gs/sports/images/mlb/players/50/110969.png,,,,,,,8/8/2026,,,,,,,,,,,,,,,,,,,,,,,,,,
Andrew Morris,RP,MIN,Classic,Sat Aug 08 2026 01:00:00 GMT-0500 (Central Daylight Time),"Classic 8/8 7:10PM, 9 Games",4000,43785393,0,0,0,12,,,,,,,,,,,,,,,https://dkn.gs/sports/images/mlb/players/50/720929.png,,,,,,,8/8/2026,,,,,,,,,,,,,,,,,,,,,,,,,,
Enyel De Los Santos,RP,HOU,Classic,Sat Aug 08 2026 01:00:00 GMT-0500 (Central Daylight Time),"Classic 8/8 7:10PM, 9 Games",4000,43785394,0,0,0,12,,,,,,,,,,,,,,,https://dkn.gs/sports/images/mlb/players/50/32094.png,,,,,,,8/8/2026,,,,,,,,,,,,,,,,,,,,,,,,,,
Jordan Hicks,RP,CWS,Classic,Sat Aug 08 2026 01:00:00 GMT-0500 (Central Daylight Time),"Classic 8/8 7:10PM, 9 Games",4000,43785395,0,0,0,12,,,,,,,,,,,,,,,https://dkn.gs/sports/images/mlb/players/50/32429.png,,,,,,,8/8/2026,,,,,,,,,,,,,,,,,,,,,,,,,,
Jimmy Herget,RP,COL,Classic,Sat Aug 08 2026 01:00:00 GMT-0500 (Central Daylight Time),"Classic 8/8 7:10PM, 9 Games",4000,43785396,0,0,0,12,,,,,,,,,,,,,,,https://dkn.gs/sports/images/mlb/players/50/32522.png,,,,,,,8/8/2026,,,,,,,,,,,,,,,,,,,,,,,,,,
Cole Wilcox,RP,SEA,Classic,Sat Aug 08 2026 01:00:00 GMT-0500 (Central Daylight Time),"Classic 8/8 7:10PM, 9 Games",4000,43785397,0,0,0,12,,,,,,,,,,,,,,,https://dkn.gs/sports/images/mlb/players/50/494717.png,,,,,,,8/8/2026,,,,,,,,,,,,,,,,,,,,,,,,,,
Enmanuel De Jesus,RP,DET,Classic,Sat Aug 08 2026 01:00:00 GMT-0500 (Central Daylight Time),"Classic 8/8 7:10PM, 9 Games",4000,43785398,0,0,0,12,,,,,,,,,,,,,,,https://dkn.gs/sports/images/mlb/players/50/476321.png,,,,,,,8/8/2026,,,,,,,,,,,,,,,,,,,,,,,,,,
Ryan Walker,RP,SF,Classic,Sat Aug 08 2026 01:00:00 GMT-0500 (Central Daylight Time),"Classic 8/8 7:10PM, 9 Games",4000,43785399,0,0,0,12,,,,,,,,,,,,,,,https://dkn.gs/sports/images/mlb/players/50/638097.png,,,,,,,8/8/2026,,,,,,,,,,,,,,,,,,,,,,,,,,
Mason Miller,RP,SD,Classic,Sat Aug 08 2026 01:00:00 GMT-0500 (Central Daylight Time),"Classic 8/8 7:10PM, 9 Games",4000,43785400,0,0,0,12,,,,,,,,,,,,,,,https://dkn.gs/sports/images/mlb/players/50/582191.png,,,,,,,8/8/2026,,,,,,,,,,,,,,,,,,,,,,,,,,
Seth Halvorsen,RP,LAD,Classic,Sat Aug 08 2026 01:00:00 GMT-0500 (Central Daylight Time),"Classic 8/8 7:10PM, 9 Games",4000,43785401,0,0,0,12,,,,,,,,,,,,,,,https://dkn.gs/sports/images/mlb/players/50/781485.png,,,,,,,8/8/2026,,,,,,,,,,,,,,,,,,,,,,,,,,
Porter Hodge,RP,CHC,Classic,Sat Aug 08 2026 01:00:00 GMT-0500 (Central Daylight Time),"Classic 8/8 7:10PM, 9 Games",4000,43785402,0,0,0,12,,,,,,,,,,,,,,,https://dkn.gs/sports/images/mlb/players/50/694409.png,,,,,,,8/8/2026,,,,,,,,,,,,,,,,,,,,,,,,,,
Michael Grove,RP,TB,Classic,Sat Aug 08 2026 01:00:00 GMT-0500 (Central Daylight Time),"Classic 8/8 7:10PM, 9 Games",4000,43785403,0,0,0,12,,,,,,,,,,,,,,,https://dkn.gs/sports/images/mlb/players/50/111900.png,,,,,,,8/8/2026,,,,,,,,,,,,,,,,,,,,,,,,,,
Trent Thornton,RP,CHC,Classic,Sat Aug 08 2026 01:00:00 GMT-0500 (Central Daylight Time),"Classic 8/8 7:10PM, 9 Games",4000,43785404,0,0,0,12,,,,,,,,,,,,,,,https://dkn.gs/sports/images/mlb/players/50/32024.png,,,,,,,8/8/2026,,,,,,,,,,,,,,,,,,,,,,,,,,
Andres Munoz,RP,SEA,Classic,Sat Aug 08 2026 01:00:00 GMT-0500 (Central Daylight Time),"Classic 8/8 7:10PM, 9 Games",4000,43785405,0,0,0,12,,,,,,,,,,,,,,,https://dkn.gs/sports/images/mlb/players/50/32633.png,,,,,,,8/8/2026,,,,,,,,,,,,,,,,,,,,,,,,,,
Nolan Kingham,RP,TEX,Classic,Sat Aug 08 2026 01:00:00 GMT-0500 (Central Daylight Time),"Classic 8/8 7:10PM, 9 Games",4000,43785406,0,0,0,12,,,,,,,,,,,,,,,https://dkn.gs/sports/images/mlb/teams/50/29891.png,,,,,,,8/8/2026,,,,,,,,,,,,,,,,,,,,,,,,,,
Jacob Webb,RP,CHC,Classic,Sat Aug 08 2026 01:00:00 GMT-0500 (Central Daylight Time),"Classic 8/8 7:10PM, 9 Games",4000,43785407,0,0,0,12,,,,,,,,,,,,,,,https://dkn.gs/sports/images/mlb/players/50/32279.png,,,,,,,8/8/2026,,,,,,,,,,,,,,,,,,,,,,,,,,
Alex Hoppe,RP,BAL,Classic,Sat Aug 08 2026 01:00:00 GMT-0500 (Central Daylight Time),"Classic 8/8 7:10PM, 9 Games",4000,43785408,0,0,0,12,,,,,,,,,,,,,,,https://dkn.gs/sports/images/mlb/players/50/888552.png,,,,,,,8/8/2026,,,,,,,,,,,,,,,,,,,,,,,,,,
Tyler Gilbert,RP,CWS,Classic,Sat Aug 08 2026 01:00:00 GMT-0500 (Central Daylight Time),"Classic 8/8 7:10PM, 9 Games",4000,43785409,0,0,0,12,,,,,,,,,,,,,,,https://dkn.gs/sports/images/mlb/players/50/477007.png,,,,,,,8/8/2026,,,,,,,,,,,,,,,,,,,,,,,,,,
Jaden Hill,RP,COL,Classic,Sat Aug 08 2026 01:00:00 GMT-0500 (Central Daylight Time),"Classic 8/8 7:10PM, 9 Games",4000,43785410,0,0,0,12,,,,,,,,,,,,,,,https://dkn.gs/sports/images/mlb/players/50/581978.png,,,,,,,8/8/2026,,,,,,,,,,,,,,,,,,,,,,,,,,
Riley O'Brien,SP,STL,Classic,Sat Aug 08 2026 01:00:00 GMT-0500 (Central Daylight Time),"Classic 8/8 7:10PM, 9 Games",4000,43785411,0,0,0,12,,,,,,,,,,,,,,,https://dkn.gs/sports/images/mlb/players/50/470292.png,,,,,,,8/8/2026,,,,,,,,,,,,,,,,,,,,,,,,,,
Tyler Schweitzer,RP,CWS,Classic,Sat Aug 08 2026 01:00:00 GMT-0500 (Central Daylight Time),"Classic 8/8 7:10PM, 9 Games",4000,43785412,0,0,0,12,,,,,,,,,,,,,,,https://dkn.gs/sports/images/mlb/teams/50/29970.png,,,,,,,8/8/2026,,,,,,,,,,,,,,,,,,,,,,,,,,
Jalen Beeks,RP,TEX,Classic,Sat Aug 08 2026 01:00:00 GMT-0500 (Central Daylight Time),"Classic 8/8 7:10PM, 9 Games",4000,43785413,0,0,0,12,,,,,,,,,,,,,,,https://dkn.gs/sports/images/mlb/players/50/31731.png,,,,,,,8/8/2026,,,,,,,,,,,,,,,,,,,,,,,,,,
Ryan Helsley,RP,BAL,Classic,Sat Aug 08 2026 01:00:00 GMT-0500 (Central Daylight Time),"Classic 8/8 7:10PM, 9 Games",4000,43785414,0,0,0,12,,,,,,,,,,,,,,,https://dkn.gs/sports/images/mlb/players/50/32424.png,,,,,,,8/8/2026,,,,,,,,,,,,,,,,,,,,,,,,,,
Taylor Rashi,RP,MIN,Classic,Sat Aug 08 2026 01:00:00 GMT-0500 (Central Daylight Time),"Classic 8/8 7:10PM, 9 Games",4000,43785415,0,0,0,12,,,,,,,,,,,,,,,https://dkn.gs/sports/images/mlb/teams/50/29909.png,,,,,,,8/8/2026,,,,,,,,,,,,,,,,,,,,,,,,,,
George Soriano,RP,STL,Classic,Sat Aug 08 2026 01:00:00 GMT-0500 (Central Daylight Time),"Classic 8/8 7:10PM, 9 Games",4000,43785416,0,0,0,12,,,,,,,,,,,,,,,https://dkn.gs/sports/images/mlb/players/50/684494.png,,,,,,,8/8/2026,,,,,,,,,,,,,,,,,,,,,,,,,,
Andrew Kittredge,RP,BAL,Classic,Sat Aug 08 2026 01:00:00 GMT-0500 (Central Daylight Time),"Classic 8/8 7:10PM, 9 Games",4000,43785417,0,0,0,12,,,,,,,,,,,,,,,https://dkn.gs/sports/images/mlb/players/50/31725.png,,,,,,,8/8/2026,,,,,,,,,,,,,,,,,,,,,,,,,,
Matt Svanson,RP,STL,Classic,Sat Aug 08 2026 01:00:00 GMT-0500 (Central Daylight Time),"Classic 8/8 7:10PM, 9 Games",4000,43785418,0,0,0,12,,,,,,,,,,,,,,,https://dkn.gs/sports/images/mlb/players/50/723256.png,,,,,,,8/8/2026,,,,,,,,,,,,,,,,,,,,,,,,,,
Carlos Duran,RP,KC,Classic,Sat Aug 08 2026 01:00:00 GMT-0500 (Central Daylight Time),"Classic 8/8 7:10PM, 9 Games",4000,43785419,0,0,0,12,,,,,,,,,,,,,,,https://dkn.gs/sports/images/mlb/players/50/626032.png,,,,,,,8/8/2026,,,,,,,,,,,,,,,,,,,,,,,,,,
Kody Funderburk,RP,MIN,Classic,Sat Aug 08 2026 01:00:00 GMT-0500 (Central Daylight Time),"Classic 8/8 7:10PM, 9 Games",4000,43785420,0,0,0,12,,,,,,,,,,,,,,,https://dkn.gs/sports/images/mlb/players/50/634726.png,,,,,,,8/8/2026,,,,,,,,,,,,,,,,,,,,,,,,,,
Hunter Harvey,RP,CHC,Classic,Sat Aug 08 2026 01:00:00 GMT-0500 (Central Daylight Time),"Classic 8/8 7:10PM, 9 Games",4000,43785421,0,0,0,12,,,,,,,,,,,,,,,https://dkn.gs/sports/images/mlb/players/50/31398.png,,,,,,,8/8/2026,,,,,,,,,,,,,,,,,,,,,,,,,,
Jose Cuas,RP,KC,Classic,Sat Aug 08 2026 01:00:00 GMT-0500 (Central Daylight Time),"Classic 8/8 7:10PM, 9 Games",4000,43785422,0,0,0,12,,,,,,,,,,,,,,,https://dkn.gs/sports/images/mlb/players/50/634932.png,,,,,,,8/8/2026,,,,,,,,,,,,,,,,,,,,,,,,,,
Brock Stewart,RP,LAD,Classic,Sat Aug 08 2026 01:00:00 GMT-0500 (Central Daylight Time),"Classic 8/8 7:10PM, 9 Games",4000,43785423,0,0,0,12,,,,,,,,,,,,,,,https://dkn.gs/sports/images/mlb/players/50/31967.png,,,,,,,8/8/2026,,,,,,,,,,,,,,,,,,,,,,,,,,
Joel Kuhnel,RP,MIL,Classic,Sat Aug 08 2026 01:00:00 GMT-0500 (Central Daylight Time),"Classic 8/8 7:10PM, 9 Games",4000,43785424,0,0,0,12,,,,,,,,,,,,,,,https://dkn.gs/sports/images/mlb/players/50/32531.png,,,,,,,8/8/2026,,,,,,,,,,,,,,,,,,,,,,,,,,
Grant Wolfram,RP,BAL,Classic,Sat Aug 08 2026 01:00:00 GMT-0500 (Central Daylight Time),"Classic 8/8 7:10PM, 9 Games",4000,43785425,0,0,0,12,,,,,,,,,,,,,,,https://dkn.gs/sports/images/mlb/players/50/779743.png,,,,,,,8/8/2026,,,,,,,,,,,,,,,,,,,,,,,,,,
Hoby Milner,RP,CHC,Classic,Sat Aug 08 2026 01:00:00 GMT-0500 (Central Daylight Time),"Classic 8/8 7:10PM, 9 Games",4000,43785426,0,0,0,12,,,,,,,,,,,,,,,https://dkn.gs/sports/images/mlb/players/50/31722.png,,,,,,,8/8/2026,,,,,,,,,,,,,,,,,,,,,,,,,,
Bryan King,RP,HOU,Classic,Sat Aug 08 2026 01:00:00 GMT-0500 (Central Daylight Time),"Classic 8/8 7:10PM, 9 Games",4000,43785427,0,0,0,12,,,,,,,,,,,,,,,https://dkn.gs/sports/images/mlb/players/50/780059.png,,,,,,,8/8/2026,,,,,,,,,,,,,,,,,,,,,,,,,,
Sean Newcomb,RP,CWS,Classic,Sat Aug 08 2026 01:00:00 GMT-0500 (Central Daylight Time),"Classic 8/8 7:10PM, 9 Games",4000,43785428,0,0,0,12,,,,,,,,,,,,,,,https://dkn.gs/sports/images/mlb/players/50/32243.png,,,,,,,8/8/2026,,,,,,,,,,,,,,,,,,,,,,,,,,
Craig Yoho,RP,CLE,Classic,Sat Aug 08 2026 01:00:00 GMT-0500 (Central Daylight Time),"Classic 8/8 7:10PM, 9 Games",4000,43785429,0,0,0,12,,,,,,,,,,,,,,,https://dkn.gs/sports/images/mlb/players/50/783315.png,,,,,,,8/8/2026,,,,,,,,,,,,,,,,,,,,,,,,,,
Nate Pearson,RP,KC,Classic,Sat Aug 08 2026 01:00:00 GMT-0500 (Central Daylight Time),"Classic 8/8 7:10PM, 9 Games",4000,43785430,0,0,0,12,,,,,,,,,,,,,,,https://dkn.gs/sports/images/mlb/players/50/111474.png,,,,,,,8/8/2026,,,,,,,,,,,,,,,,,,,,,,,,,,
Alex Lange,RP,KC,Classic,Sat Aug 08 2026 01:00:00 GMT-0500 (Central Daylight Time),"Classic 8/8 7:10PM, 9 Games",4000,43785431,0,0,0,12,,,,,,,,,,,,,,,https://dkn.gs/sports/images/mlb/players/50/111674.png,,,,,,,8/8/2026,,,,,,,,,,,,,,,,,,,,,,,,,,
Cade Smith,RP,CLE,Classic,Sat Aug 08 2026 01:00:00 GMT-0500 (Central Daylight Time),"Classic 8/8 7:10PM, 9 Games",4000,43785432,0,0,0,12,,,,,,,,,,,,,,,https://dkn.gs/sports/images/mlb/players/50/635357.png,,,,,,,8/8/2026,,,,,,,,,,,,,,,,,,,,,,,,,,
Jeremiah Estrada,RP,SD,Classic,Sat Aug 08 2026 01:00:00 GMT-0500 (Central Daylight Time),"Classic 8/8 7:10PM, 9 Games",4000,43785433,0,0,0,12,,,,,,,,,,,,,,,https://dkn.gs/sports/images/mlb/players/50/668990.png,,,,,,,8/8/2026,,,,,,,,,,,,,,,,,,,,,,,,,,
Kevin Ginkel,RP,ARI,Classic,Sat Aug 08 2026 01:00:00 GMT-0500 (Central Daylight Time),"Classic 8/8 7:10PM, 9 Games",4000,43785434,0,0,0,12,,,,,,,,,,,,,,,https://dkn.gs/sports/images/mlb/players/50/32161.png,,,,,,,8/8/2026,,,,,,,,,,,,,,,,,,,,,,,,,,
Brennan Bernardino,RP,COL,Classic,Sat Aug 08 2026 01:00:00 GMT-0500 (Central Daylight Time),"Classic 8/8 7:10PM, 9 Games",4000,43785435,0,0,0,12,,,,,,,,,,,,,,,https://dkn.gs/sports/images/mlb/players/50/658928.png,,,,,,,8/8/2026,,,,,,,,,,,,,,,,,,,,,,,,,,
Jakob Junis,RP,TEX,Classic,Sat Aug 08 2026 01:00:00 GMT-0500 (Central Daylight Time),"Classic 8/8 7:10PM, 9 Games",4000,43785436,0,0,0,12,,,,,,,,,,,,,,,https://dkn.gs/sports/images/mlb/players/50/32108.png,,,,,,,8/8/2026,,,,,,,,,,,,,,,,,,,,,,,,,,
Matt Gage,RP,SF,Classic,Sat Aug 08 2026 01:00:00 GMT-0500 (Central Daylight Time),"Classic 8/8 7:10PM, 9 Games",4000,43785437,0,0,0,12,,,,,,,,,,,,,,,https://dkn.gs/sports/images/mlb/players/50/637205.png,,,,,,,8/8/2026,,,,,,,,,,,,,,,,,,,,,,,,,,
Bradgley Rodriguez,RP,SD,Classic,Sat Aug 08 2026 01:00:00 GMT-0500 (Central Daylight Time),"Classic 8/8 7:10PM, 9 Games",4000,43785438,0,0,0,12,,,,,,,,,,,,,,,https://dkn.gs/sports/images/mlb/players/50/830521.png,,,,,,,8/8/2026,,,,,,,,,,,,,,,,,,,,,,,,,,
Jason Adam,RP,SD,Classic,Sat Aug 08 2026 01:00:00 GMT-0500 (Central Daylight Time),"Classic 8/8 7:10PM, 9 Games",4000,43785439,0,0,0,12,,,,,,,,,,,,,,,https://dkn.gs/sports/images/mlb/players/50/32006.png,,,,,,,8/8/2026,,,,,,,,,,,,,,,,,,,,,,,,,,
Cody Laweryson,RP,MIN,Classic,Sat Aug 08 2026 01:00:00 GMT-0500 (Central Daylight Time),"Classic 8/8 7:10PM, 9 Games",4000,43785440,0,0,0,12,,,,,,,,,,,,,,,https://dkn.gs/sports/images/mlb/players/50/638073.png,,,,,,,8/8/2026,,,,,,,,,,,,,,,,,,,,,,,,,,
Kyle Hurt,RP,LAD,Classic,Sat Aug 08 2026 01:00:00 GMT-0500 (Central Daylight Time),"Classic 8/8 7:10PM, 9 Games",4000,43785441,0,0,0,12,,,,,,,,,,,,,,,https://dkn.gs/sports/images/mlb/players/50/494833.png,,,,,,,8/8/2026,,,,,,,,,,,,,,,,,,,,,,,,,,
Craig Kimbrel,RP,TB,Classic,Sat Aug 08 2026 01:00:00 GMT-0500 (Central Daylight Time),"Classic 8/8 7:10PM, 9 Games",4000,43785442,0,0,0,12,,,,,,,,,,,,,,,https://dkn.gs/sports/images/mlb/players/50/32316.png,,,,,,,8/8/2026,,,,,,,,,,,,,,,,,,,,,,,,,,
Lucas Erceg,RP,KC,Classic,Sat Aug 08 2026 01:00:00 GMT-0500 (Central Daylight Time),"Classic 8/8 7:10PM, 9 Games",4000,43785443,0,0,0,12,,,,,,,,,,,,,,,https://dkn.gs/sports/images/mlb/players/50/110962.png,,,,,,,8/8/2026,,,,,,,,,,,,,,,,,,,,,,,,,,
Bailey Horn,RP,DET,Classic,Sat Aug 08 2026 01:00:00 GMT-0500 (Central Daylight Time),"Classic 8/8 7:10PM, 9 Games",4000,43785444,0,0,0,12,,,,,,,,,,,,,,,https://dkn.gs/sports/images/mlb/players/50/498324.png,,,,,,,8/8/2026,,,,,,,,,,,,,,,,,,,,,,,,,,
Rico Garcia,RP,BAL,Classic,Sat Aug 08 2026 01:00:00 GMT-0500 (Central Daylight Time),"Classic 8/8 7:10PM, 9 Games",4000,43785445,0,0,0,12,,,,,,,,,,,,,,,https://dkn.gs/sports/images/mlb/players/50/32662.png,,,,,,,8/8/2026,,,,,,,,,,,,,,,,,,,,,,,,,,
Will Klein,RP,LAD,Classic,Sat Aug 08 2026 01:00:00 GMT-0500 (Central Daylight Time),"Classic 8/8 7:10PM, 9 Games",4000,43785446,0,0,0,12,,,,,,,,,,,,,,,https://dkn.gs/sports/images/mlb/players/50/638599.png,,,,,,,8/8/2026,,,,,,,,,,,,,,,,,,,,,,,,,,
Taylor Rogers,RP,MIN,Classic,Sat Aug 08 2026 01:00:00 GMT-0500 (Central Daylight Time),"Classic 8/8 7:10PM, 9 Games",4000,43785447,0,0,0,12,,,,,,,,,,,,,,,https://dkn.gs/sports/images/mlb/players/50/32352.png,,,,,,,8/8/2026,,,,,,,,,,,,,,,,,,,,,,,,,,
Carter Baumler,RP,TEX,Classic,Sat Aug 08 2026 01:00:00 GMT-0500 (Central Daylight Time),"Classic 8/8 7:10PM, 9 Games",4000,43785448,0,0,0,12,,,,,,,,,,,,,,,https://dkn.gs/sports/images/mlb/players/50/497507.png,,,,,,,8/8/2026,,,,,,,,,,,,,,,,,,,,,,,,,,
Juan Mejia,RP,COL,Classic,Sat Aug 08 2026 01:00:00 GMT-0500 (Central Daylight Time),"Classic 8/8 7:10PM, 9 Games",4000,43785449,0,0,0,12,,,,,,,,,,,,,,,https://dkn.gs/sports/images/mlb/players/50/747741.png,,,,,,,8/8/2026,,,,,,,,,,,,,,,,,,,,,,,,,,
Anthony Molina,RP,SF,Classic,Sat Aug 08 2026 01:00:00 GMT-0500 (Central Daylight Time),"Classic 8/8 7:10PM, 9 Games",4000,43785450,0,0,0,12,,,,,,,,,,,,,,,https://dkn.gs/sports/images/mlb/players/50/638865.png,,,,,,,8/8/2026,,,,,,,,,,,,,,,,,,,,,,,,,,
Eric Orze,RP,MIN,Classic,Sat Aug 08 2026 01:00:00 GMT-0500 (Central Daylight Time),"Classic 8/8 7:10PM, 9 Games",4000,43785451,0,0,0,12,,,,,,,,,,,,,,,https://dkn.gs/sports/images/mlb/players/50/635390.png,,,,,,,8/8/2026,,,,,,,,,,,,,,,,,,,,,,,,,,
TJ Shook,RP,COL,Classic,Sat Aug 08 2026 01:00:00 GMT-0500 (Central Daylight Time),"Classic 8/8 7:10PM, 9 Games",4000,43785452,0,0,0,12,,,,,,,,,,,,,,,https://dkn.gs/sports/images/mlb/teams/50/29957.png,,,,,,,8/8/2026,,,,,,,,,,,,,,,,,,,,,,,,,,
Yuki Matsui,RP,SD,Classic,Sat Aug 08 2026 01:00:00 GMT-0500 (Central Daylight Time),"Classic 8/8 7:10PM, 9 Games",4000,43785453,0,0,0,12,,,,,,,,,,,,,,,https://dkn.gs/sports/images/mlb/players/50/112839.png,,,,,,,8/8/2026,,,,,,,,,,,,,,,,,,,,,,,,,,
Josh Simpson,RP,SEA,Classic,Sat Aug 08 2026 01:00:00 GMT-0500 (Central Daylight Time),"Classic 8/8 7:10PM, 9 Games",4000,43785454,0,0,0,12,,,,,,,,,,,,,,,https://dkn.gs/sports/images/mlb/players/50/684506.png,,,,,,,8/8/2026,,,,,,,,,,,,,,,,,,,,,,,,,,
Cameron Foster,RP,BAL,Classic,Sat Aug 08 2026 01:00:00 GMT-0500 (Central Daylight Time),"Classic 8/8 7:10PM, 9 Games",4000,43785455,0,0,0,12,,,,,,,,,,,,,,,https://dkn.gs/sports/images/mlb/players/50/877603.png,,,,,,,8/8/2026,,,,,,,,,,,,,,,,,,,,,,,,,,
Josh Walker,RP,BAL,Classic,Sat Aug 08 2026 01:00:00 GMT-0500 (Central Daylight Time),"Classic 8/8 7:10PM, 9 Games",4000,43785456,0,0,0,12,,,,,,,,,,,,,,,https://dkn.gs/sports/images/mlb/players/50/626083.png,,,,,,,8/8/2026,,,,,,,,,,,,,,,,,,,,,,,,,,
Robby Ahlstrom,RP,TEX,Classic,Sat Aug 08 2026 01:00:00 GMT-0500 (Central Daylight Time),"Classic 8/8 7:10PM, 9 Games",4000,43785457,0,0,0,12,,,,,,,,,,,,,,,https://dkn.gs/sports/images/mlb/players/50/779742.png,,,,,,,8/8/2026,,,,,,,,,,,,,,,,,,,,,,,,,,
Jayden Murray,RP,CHC,Classic,Sat Aug 08 2026 01:00:00 GMT-0500 (Central Daylight Time),"Classic 8/8 7:10PM, 9 Games",4000,43785458,0,0,0,12,,,,,,,,,,,,,,,https://dkn.gs/sports/images/mlb/players/50/659494.png,,,,,,,8/8/2026,,,,,,,,,,,,,,,,,,,,,,,,,,
Kyle Finnegan,RP,DET,Classic,Sat Aug 08 2026 01:00:00 GMT-0500 (Central Daylight Time),"Classic 8/8 7:10PM, 9 Games",4000,43785459,0,0,0,12,,,,,,,,,,,,,,,https://dkn.gs/sports/images/mlb/players/50/459391.png,,,,,,,8/8/2026,,,,,,,,,,,,,,,,,,,,,,,,,,
Luis Gastelum,RP,STL,Classic,Sat Aug 08 2026 01:00:00 GMT-0500 (Central Daylight Time),"Classic 8/8 7:10PM, 9 Games",4000,43785460,0,0,0,12,,,,,,,,,,,,,,,https://dkn.gs/sports/images/mlb/teams/50/29851.png,,,,,,,8/8/2026,,,,,,,,,,,,,,,,,,,,,,,,,,
Justin Bruihl,RP,STL,Classic,Sat Aug 08 2026 01:00:00 GMT-0500 (Central Daylight Time),"Classic 8/8 7:10PM, 9 Games",4000,43785461,0,0,0,12,,,,,,,,,,,,,,,https://dkn.gs/sports/images/mlb/players/50/592834.png,,,,,,,8/8/2026,,,,,,,,,,,,,,,,,,,,,,,,,,
Juan Burgos,RP,ARI,Classic,Sat Aug 08 2026 01:00:00 GMT-0500 (Central Daylight Time),"Classic 8/8 7:10PM, 9 Games",4000,43785462,0,0,0,12,,,,,,,,,,,,,,,https://dkn.gs/sports/images/mlb/players/50/779865.png,,,,,,,8/8/2026,,,,,,,,,,,,,,,,,,,,,,,,,,
Sam Hentges,RP,SF,Classic,Sat Aug 08 2026 01:00:00 GMT-0500 (Central Daylight Time),"Classic 8/8 7:10PM, 9 Games",4000,43785463,0,0,0,12,,,,,,,,,,,,,,,https://dkn.gs/sports/images/mlb/players/50/69374.png,,,,,,,8/8/2026,,,,,,,,,,,,,,,,,,,,,,,,,,
Ben Peoples,RP,TEX,Classic,Sat Aug 08 2026 01:00:00 GMT-0500 (Central Daylight Time),"Classic 8/8 7:10PM, 9 Games",4000,43785464,0,0,0,12,,,,,,,,,,,,,,,https://dkn.gs/sports/images/mlb/teams/50/29891.png,,,,,,,8/8/2026,,,,,,,,,,,,,,,,,,,,,,,,,,
Codi Heuer,RP,BAL,Classic,Sat Aug 08 2026 01:00:00 GMT-0500 (Central Daylight Time),"Classic 8/8 7:10PM, 9 Games",4000,43785465,0,0,0,12,,,,,,,,,,,,,,,https://dkn.gs/sports/images/mlb/players/50/476601.png,,,,,,,8/8/2026,,,,,,,,,,,,,,,,,,,,,,,,,,
Angel Zerpa,RP,MIL,Classic,Sat Aug 08 2026 01:00:00 GMT-0500 (Central Daylight Time),"Classic 8/8 7:10PM, 9 Games",4000,43785466,0,0,0,12,,,,,,,,,,,,,,,https://dkn.gs/sports/images/mlb/players/50/528175.png,,,,,,,8/8/2026,,,,,,,,,,,,,,,,,,,,,,,,,,
Shelby Miller,RP,CHC,Classic,Sat Aug 08 2026 01:00:00 GMT-0500 (Central Daylight Time),"Classic 8/8 7:10PM, 9 Games",4000,43785467,0,0,0,12,,,,,,,,,,,,,,,https://dkn.gs/sports/images/mlb/players/50/31516.png,,,,,,,8/8/2026,,,,,,,,,,,,,,,,,,,,,,,,,,
Colin Selby,RP,BAL,Classic,Sat Aug 08 2026 01:00:00 GMT-0500 (Central Daylight Time),"Classic 8/8 7:10PM, 9 Games",4000,43785468,0,0,0,12,,,,,,,,,,,,,,,https://dkn.gs/sports/images/mlb/players/50/684628.png,,,,,,,8/8/2026,,,,,,,,,,,,,,,,,,,,,,,,,,
Sean Guenther,RP,DET,Classic,Sat Aug 08 2026 01:00:00 GMT-0500 (Central Daylight Time),"Classic 8/8 7:10PM, 9 Games",4000,43785469,0,0,0,12,,,,,,,,,,,,,,,https://dkn.gs/sports/images/mlb/players/50/591358.png,,,,,,,8/8/2026,,,,,,,,,,,,,,,,,,,,,,,,,,
Jordan Leasure,RP,CWS,Classic,Sat Aug 08 2026 01:00:00 GMT-0500 (Central Daylight Time),"Classic 8/8 7:10PM, 9 Games",4000,43785470,0,0,0,12,,,,,,,,,,,,,,,https://dkn.gs/sports/images/mlb/players/50/700345.png,,,,,,,8/8/2026,,,,,,,,,,,,,,,,,,,,,,,,,,
Riley Martin,RP,CHC,Classic,Sat Aug 08 2026 01:00:00 GMT-0500 (Central Daylight Time),"Classic 8/8 7:10PM, 9 Games",4000,43785471,0,0,0,12,,,,,,,,,,,,,,,https://dkn.gs/sports/images/mlb/players/50/779665.png,,,,,,,8/8/2026,,,,,,,,,,,,,,,,,,,,,,,,,,
Chris Murphy,RP,CWS,Classic,Sat Aug 08 2026 01:00:00 GMT-0500 (Central Daylight Time),"Classic 8/8 7:10PM, 9 Games",4000,43785472,0,0,0,12,,,,,,,,,,,,,,,https://dkn.gs/sports/images/mlb/players/50/472031.png,,,,,,,8/8/2026,,,,,,,,,,,,,,,,,,,,,,,,,,
Tyler Davis,RP,CWS,Classic,Sat Aug 08 2026 01:00:00 GMT-0500 (Central Daylight Time),"Classic 8/8 7:10PM, 9 Games",4000,43785473,0,0,0,12,,,,,,,,,,,,,,,https://dkn.gs/sports/images/mlb/teams/50/29970.png,,,,,,,8/8/2026,,,,,,,,,,,,,,,,,,,,,,,,,,
Ryan Thompson,RP,ARI,Classic,Sat Aug 08 2026 01:00:00 GMT-0500 (Central Daylight Time),"Classic 8/8 7:10PM, 9 Games",4000,43785474,0,0,0,12,,,,,,,,,,,,,,,https://dkn.gs/sports/images/mlb/players/50/476120.png,,,,,,,8/8/2026,,,,,,,,,,,,,,,,,,,,,,,,,,
Anthony Nunez,RP,BAL,Classic,Sat Aug 08 2026 01:00:00 GMT-0500 (Central Daylight Time),"Classic 8/8 7:10PM, 9 Games",4000,43785475,0,0,0,12,,,,,,,,,,,,,,,https://dkn.gs/sports/images/mlb/players/50/917259.png,,,,,,,8/8/2026,,,,,,,,,,,,,,,,,,,,,,,,,,
Robert Garcia,RP,TEX,Classic,Sat Aug 08 2026 01:00:00 GMT-0500 (Central Daylight Time),"Classic 8/8 7:10PM, 9 Games",4000,43785476,0,0,0,12,,,,,,,,,,,,,,,https://dkn.gs/sports/images/mlb/players/50/699352.png,,,,,,,8/8/2026,,,,,,,,,,,,,,,,,,,,,,,,,,
Miguel Ullola,SP,HOU,Classic,Sat Aug 08 2026 01:00:00 GMT-0500 (Central Daylight Time),"Classic 8/8 7:10PM, 9 Games",4000,43785477,0,0,0,12,,,,,,,,,,,,,,,https://dkn.gs/sports/images/mlb/players/50/669781.png,,,,,,,8/8/2026,,,,,,,,,,,,,,,,,,,,,,,,,,
Travis Adams,RP,MIN,Classic,Sat Aug 08 2026 01:00:00 GMT-0500 (Central Daylight Time),"Classic 8/8 7:10PM, 9 Games",4000,43785478,0,0,0,12,,,,,,,,,,,,,,,https://dkn.gs/sports/images/mlb/players/50/849985.png,,,,,,,8/8/2026,,,,,,,,,,,,,,,,,,,,,,,,,,
Daniel Palencia,RP,CHC,Classic,Sat Aug 08 2026 01:00:00 GMT-0500 (Central Daylight Time),"Classic 8/8 7:10PM, 9 Games",4000,43785479,0,0,0,12,,,,,,,,,,,,,,,https://dkn.gs/sports/images/mlb/players/50/634740.png,,,,,,,8/8/2026,,,,,,,,,,,,,,,,,,,,,,,,,,
Matt Festa,RP,CLE,Classic,Sat Aug 08 2026 01:00:00 GMT-0500 (Central Daylight Time),"Classic 8/8 7:10PM, 9 Games",4000,43785480,0,0,0,12,,,,,,,,,,,,,,,https://dkn.gs/sports/images/mlb/players/50/31605.png,,,,,,,8/8/2026,,,,,,,,,,,,,,,,,,,,,,,,,,
Luke Little,RP,KC,Classic,Sat Aug 08 2026 01:00:00 GMT-0500 (Central Daylight Time),"Classic 8/8 7:10PM, 9 Games",4000,43785481,0,0,0,12,,,,,,,,,,,,,,,https://dkn.gs/sports/images/mlb/players/50/736217.png,,,,,,,8/8/2026,,,,,,,,,,,,,,,,,,,,,,,,,,
Huascar Brazoban,RP,CWS,Classic,Sat Aug 08 2026 01:00:00 GMT-0500 (Central Daylight Time),"Classic 8/8 7:10PM, 9 Games",4000,43785482,0,0,0,12,,,,,,,,,,,,,,,https://dkn.gs/sports/images/mlb/players/50/636680.png,,,,,,,8/8/2026,,,,,,,,,,,,,,,,,,,,,,,,,,
Colin Holderman,RP,CLE,Classic,Sat Aug 08 2026 01:00:00 GMT-0500 (Central Daylight Time),"Classic 8/8 7:10PM, 9 Games",4000,43785483,0,0,0,12,,,,,,,,,,,,,,,https://dkn.gs/sports/images/mlb/players/50/635389.png,,,,,,,8/8/2026,,,,,,,,,,,,,,,,,,,,,,,,,,
Reiver Sanmartin,RP,SF,Classic,Sat Aug 08 2026 01:00:00 GMT-0500 (Central Daylight Time),"Classic 8/8 7:10PM, 9 Games",4000,43785484,0,0,0,12,,,,,,,,,,,,,,,https://dkn.gs/sports/images/mlb/players/50/113071.png,,,,,,,8/8/2026,,,,,,,,,,,,,,,,,,,,,,,,,,
Peyton Gray,RP,TEX,Classic,Sat Aug 08 2026 01:00:00 GMT-0500 (Central Daylight Time),"Classic 8/8 7:10PM, 9 Games",4000,43785485,0,0,0,12,,,,,,,,,,,,,,,https://dkn.gs/sports/images/mlb/teams/50/29891.png,,,,,,,8/8/2026,,,,,,,,,,,,,,,,,,,,,,,,,,
Max Rajcic,RP,STL,Classic,Sat Aug 08 2026 01:00:00 GMT-0500 (Central Daylight Time),"Classic 8/8 7:10PM, 9 Games",4000,43785486,0,0,0,12,,,,,,,,,,,,,,,https://dkn.gs/sports/images/mlb/players/50/779977.png,,,,,,,8/8/2026,,,,,,,,,,,,,,,,,,,,,,,,,,
Josh Hader,RP,HOU,Classic,Sat Aug 08 2026 01:00:00 GMT-0500 (Central Daylight Time),"Classic 8/8 7:10PM, 9 Games",4000,43785487,0,0,0,12,,,,,,,,,,,,,,,https://dkn.gs/sports/images/mlb/players/50/31587.png,,,,,,,8/8/2026,,,,,,,,,,,,,,,,,,,,,,,,,,
Alex Cook,RP,TB,Classic,Sat Aug 08 2026 01:00:00 GMT-0500 (Central Daylight Time),"Classic 8/8 7:10PM, 9 Games",4000,43785488,0,0,0,12,,,,,,,,,,,,,,,https://dkn.gs/sports/images/mlb/players/50/779812.png,,,,,,,8/8/2026,,,,,,,,,,,,,,,,,,,,,,,,,,
Alex Vesia,RP,LAD,Classic,Sat Aug 08 2026 01:00:00 GMT-0500 (Central Daylight Time),"Classic 8/8 7:10PM, 9 Games",4000,43785489,0,0,0,12,,,,,,,,,,,,,,,https://dkn.gs/sports/images/mlb/players/50/476289.png,,,,,,,8/8/2026,,,,,,,,,,,,,,,,,,,,,,,,,,
Eli Morgan,RP,KC,Classic,Sat Aug 08 2026 01:00:00 GMT-0500 (Central Daylight Time),"Classic 8/8 7:10PM, 9 Games",4000,43785490,0,0,0,12,,,,,,,,,,,,,,,https://dkn.gs/sports/images/mlb/players/50/110764.png,,,,,,,8/8/2026,,,,,,,,,,,,,,,,,,,,,,,,,,
Nolan Hoffman,RP,KC,Classic,Sat Aug 08 2026 01:00:00 GMT-0500 (Central Daylight Time),"Classic 8/8 7:10PM, 9 Games",4000,43785491,0,0,0,12,,,,,,,,,,,,,,,https://dkn.gs/sports/images/mlb/players/50/698888.png,,,,,,,8/8/2026,,,,,,,,,,,,,,,,,,,,,,,,,,
Dan Altavilla,RP,MIN,Classic,Sat Aug 08 2026 01:00:00 GMT-0500 (Central Daylight Time),"Classic 8/8 7:10PM, 9 Games",4000,43785492,0,0,0,12,,,,,,,,,,,,,,,https://dkn.gs/sports/images/mlb/players/50/31582.png,,,,,,,8/8/2026,,,,,,,,,,,,,,,,,,,,,,,,,,
Paul Sewald,RP,ARI,Classic,Sat Aug 08 2026 01:00:00 GMT-0500 (Central Daylight Time),"Classic 8/8 7:10PM, 9 Games",4000,43785493,0,0,0,12,,,,,,,,,,,,,,,https://dkn.gs/sports/images/mlb/players/50/31801.png,,,,,,,8/8/2026,,,,,,,,,,,,,,,,,,,,,,,,,,
Beau Brieske,RP,DET,Classic,Sat Aug 08 2026 01:00:00 GMT-0500 (Central Daylight Time),"Classic 8/8 7:10PM, 9 Games",4000,43785494,0,0,0,12,,,,,,,,,,,,,,,https://dkn.gs/sports/images/mlb/players/50/635312.png,,,,,,,8/8/2026,,,,,,,,,,,,,,,,,,,,,,,,,,
Tyler Ferguson,RP,CHC,Classic,Sat Aug 08 2026 01:00:00 GMT-0500 (Central Daylight Time),"Classic 8/8 7:10PM, 9 Games",4000,43785495,0,0,0,12,,,,,,,,,,,,,,,https://dkn.gs/sports/images/mlb/players/50/476356.png,,,,,,,8/8/2026,,,,,,,,,,,,,,,,,,,,,,,,,,
Connor Seabold,RP,KC,Classic,Sat Aug 08 2026 01:00:00 GMT-0500 (Central Daylight Time),"Classic 8/8 7:10PM, 9 Games",4000,43785496,0,0,0,12,,,,,,,,,,,,,,,https://dkn.gs/sports/images/mlb/players/50/112142.png,,,,,,,8/8/2026,,,,,,,,,,,,,,,,,,,,,,,,,,
Jose A. Ferrer,RP,SEA,Classic,Sat Aug 08 2026 01:00:00 GMT-0500 (Central Daylight Time),"Classic 8/8 7:10PM, 9 Games",4000,43785497,0,0,0,12,,,,,,,,,,,,,,,https://dkn.gs/sports/images/mlb/players/50/684438.png,,,,,,,8/8/2026,,,,,,,,,,,,,,,,,,,,,,,,,,
Randy Rodriguez,RP,SF,Classic,Sat Aug 08 2026 01:00:00 GMT-0500 (Central Daylight Time),"Classic 8/8 7:10PM, 9 Games",4000,43785498,0,0,0,12,,,,,,,,,,,,,,,https://dkn.gs/sports/images/mlb/players/50/614812.png,,,,,,,8/8/2026,,,,,,,,,,,,,,,,,,,,,,,,,,
A.J. Puk,RP,ARI,Classic,Sat Aug 08 2026 01:00:00 GMT-0500 (Central Daylight Time),"Classic 8/8 7:10PM, 9 Games",4000,43785499,0,0,0,12,,,,,,,,,,,,,,,https://dkn.gs/sports/images/mlb/players/50/32658.png,,,,,,,8/8/2026,,,,,,,,,,,,,,,,,,,,,,,,,,
Nick Mears,RP,KC,Classic,Sat Aug 08 2026 01:00:00 GMT-0500 (Central Daylight Time),"Classic 8/8 7:10PM, 9 Games",4000,43785500,0,0,0,12,,,,,,,,,,,,,,,https://dkn.gs/sports/images/mlb/players/50/476653.png,,,,,,,8/8/2026,,,,,,,,,,,,,,,,,,,,,,,,,,
JoJo Romero,RP,MIL,Classic,Sat Aug 08 2026 01:00:00 GMT-0500 (Central Daylight Time),"Classic 8/8 7:10PM, 9 Games",4000,43785501,0,0,0,12,,,,,,,,,,,,,,,https://dkn.gs/sports/images/mlb/players/50/112148.png,,,,,,,8/8/2026,,,,,,,,,,,,,,,,,,,,,,,,,,
Garrett Cleavinger,RP,TB,Classic,Sat Aug 08 2026 01:00:00 GMT-0500 (Central Daylight Time),"Classic 8/8 7:10PM, 9 Games",4000,43785502,0,0,0,12,,,,,,,,,,,,,,,https://dkn.gs/sports/images/mlb/players/50/457323.png,,,,,,,8/8/2026,,,,,,,,,,,,,,,,,,,,,,,,,,
Aaron Bummer,RP,KC,Classic,Sat Aug 08 2026 01:00:00 GMT-0500 (Central Daylight Time),"Classic 8/8 7:10PM, 9 Games",4000,43785503,0,0,0,12,,,,,,,,,,,,,,,https://dkn.gs/sports/images/mlb/players/50/31651.png,,,,,,,8/8/2026,,,,,,,,,,,,,,,,,,,,,,,,,,
Jack Dreyer,RP,LAD,Classic,Sat Aug 08 2026 01:00:00 GMT-0500 (Central Daylight Time),"Classic 8/8 7:10PM, 9 Games",4000,43785504,0,0,0,12,,,,,,,,,,,,,,,https://dkn.gs/sports/images/mlb/players/50/701064.png,,,,,,,8/8/2026,,,,,,,,,,,,,,,,,,,,,,,,,,
Rob Zastryzny,RP,MIL,Classic,Sat Aug 08 2026 01:00:00 GMT-0500 (Central Daylight Time),"Classic 8/8 7:10PM, 9 Games",4000,43785505,0,0,0,12,,,,,,,,,,,,,,,https://dkn.gs/sports/images/mlb/players/50/111657.png,,,,,,,8/8/2026,,,,,,,,,,,,,,,,,,,,,,,,,,
Shawn Armstrong,RP,CLE,Classic,Sat Aug 08 2026 01:00:00 GMT-0500 (Central Daylight Time),"Classic 8/8 7:10PM, 9 Games",4000,43785506,0,0,0,12,,,,,,,,,,,,,,,https://dkn.gs/sports/images/mlb/players/50/31408.png,,,,,,,8/8/2026,,,,,,,,,,,,,,,,,,,,,,,,,,
Kevin Kelly,RP,TB,Classic,Sat Aug 08 2026 01:00:00 GMT-0500 (Central Daylight Time),"Classic 8/8 7:10PM, 9 Games",4000,43785507,0,0,0,12,,,,,,,,,,,,,,,https://dkn.gs/sports/images/mlb/players/50/637030.png,,,,,,,8/8/2026,,,,,,,,,,,,,,,,,,,,,,,,,,
Cole Winn,RP,TEX,Classic,Sat Aug 08 2026 01:00:00 GMT-0500 (Central Daylight Time),"Classic 8/8 7:10PM, 9 Games",4000,43785508,0,0,0,12,,,,,,,,,,,,,,,https://dkn.gs/sports/images/mlb/players/50/111367.png,,,,,,,8/8/2026,,,,,,,,,,,,,,,,,,,,,,,,,,
Ryan Zeferjahn,RP,CHC,Classic,Sat Aug 08 2026 01:00:00 GMT-0500 (Central Daylight Time),"Classic 8/8 7:10PM, 9 Games",4000,43785509,0,0,0,12,,,,,,,,,,,,,,,https://dkn.gs/sports/images/mlb/players/50/698885.png,,,,,,,8/8/2026,,,,,,,,,,,,,,,,,,,,,,,,,,
Blake Treinen,RP,LAD,Classic,Sat Aug 08 2026 01:00:00 GMT-0500 (Central Daylight Time),"Classic 8/8 7:10PM, 9 Games",4000,43785510,0,0,0,12,,,,,,,,,,,,,,,https://dkn.gs/sports/images/mlb/players/50/32632.png,,,,,,,8/8/2026,,,,,,,,,,,,,,,,,,,,,,,,,,
Drey Jameson,RP,ARI,Classic,Sat Aug 08 2026 01:00:00 GMT-0500 (Central Daylight Time),"Classic 8/8 7:10PM, 9 Games",4000,43785511,0,0,0,12,,,,,,,,,,,,,,,https://dkn.gs/sports/images/mlb/players/50/470096.png,,,,,,,8/8/2026,,,,,,,,,,,,,,,,,,,,,,,,,,
Caleb Ferguson,RP,STL,Classic,Sat Aug 08 2026 01:00:00 GMT-0500 (Central Daylight Time),"Classic 8/8 7:10PM, 9 Games",4000,43785512,0,0,0,12,,,,,,,,,,,,,,,https://dkn.gs/sports/images/mlb/players/50/32730.png,,,,,,,8/8/2026,,,,,,,,,,,,,,,,,,,,,,,,,,
Gavin Collyer,RP,TEX,Classic,Sat Aug 08 2026 01:00:00 GMT-0500 (Central Daylight Time),"Classic 8/8 7:10PM, 9 Games",4000,43785513,0,0,0,12,,,,,,,,,,,,,,,https://dkn.gs/sports/images/mlb/teams/50/29891.png,,,,,,,8/8/2026,,,,,,,,,,,,,,,,,,,,,,,,,,
Bryan Abreu,RP,HOU,Classic,Sat Aug 08 2026 01:00:00 GMT-0500 (Central Daylight Time),"Classic 8/8 7:10PM, 9 Games",4000,43785514,0,0,0,12,,,,,,,,,,,,,,,https://dkn.gs/sports/images/mlb/players/50/32033.png,,,,,,,8/8/2026,,,,,,,,,,,,,,,,,,,,,,,,,,
Casey Schmitt,3B,SF,Classic,Sat Aug 08 2026 01:00:00 GMT-0500 (Central Daylight Time),"Classic 8/8 7:10PM, 9 Games",3900,43784921,0,0,0,11.7,,,,,,,,,,,,,,,https://dkn.gs/sports/images/mlb/players/50/495673.png,,,,,,,8/8/2026,,,,,,,,,,,,,,,,,,,,,,,,,,
Vinnie Pasquantino,1B,KC,Classic,Sat Aug 08 2026 01:00:00 GMT-0500 (Central Daylight Time),"Classic 8/8 7:10PM, 9 Games",3900,43784922,0,0,0,11.7,,,,,,,,,,,,,,,https://dkn.gs/sports/images/mlb/players/50/475914.png,,,,,,,8/8/2026,,,,,,,,,,,,,,,,,,,,,,,,,,
Samuel Basallo,C,BAL,Classic,Sat Aug 08 2026 01:00:00 GMT-0500 (Central Daylight Time),"Classic 8/8 7:10PM, 9 Games",3900,43784923,0,0,0,11.7,,,,,,,,,,,,,,,https://dkn.gs/sports/images/mlb/players/50/694407.png,,,,,,,8/8/2026,,,,,,,,,,,,,,,,,,,,,,,,,,
Eduardo Valencia,C,DET,Classic,Sat Aug 08 2026 01:00:00 GMT-0500 (Central Daylight Time),"Classic 8/8 7:10PM, 9 Games",3800,43784741,0,0,0,11.4,,,,,,,,,,,,,,,https://dkn.gs/sports/images/mlb/players/50/945408.png,,,,,,,8/8/2026,,,,,,,,,,,,,,,,,,,,,,,,,,
Will Smith,C,LAD,Classic,Sat Aug 08 2026 01:00:00 GMT-0500 (Central Daylight Time),"Classic 8/8 7:10PM, 9 Games",3800,43784924,0,0,0,11.4,,,,,,,,,,,,,,,https://dkn.gs/sports/images/mlb/players/50/32725.png,,,,,,,8/8/2026,,,,,,,,,,,,,,,,,,,,,,,,,,
Gary Sanchez,C,MIL,Classic,Sat Aug 08 2026 01:00:00 GMT-0500 (Central Daylight Time),"Classic 8/8 7:10PM, 9 Games",3700,43784744,0,0,0,11.1,,,,,,,,,,,,,,,https://dkn.gs/sports/images/mlb/players/50/32479.png,,,,,,,8/8/2026,,,,,,,,,,,,,,,,,,,,,,,,,,
Justin Foscue,2B,TEX,Classic,Sat Aug 08 2026 01:00:00 GMT-0500 (Central Daylight Time),"Classic 8/8 7:10PM, 9 Games",3700,43784750,0,0,0,11.1,,,,,,,,,,,,,,,https://dkn.gs/sports/images/mlb/players/50/494688.png,,,,,,,8/8/2026,,,,,,,,,,,,,,,,,,,,,,,,,,
Dalton Rushing,C,LAD,Classic,Sat Aug 08 2026 01:00:00 GMT-0500 (Central Daylight Time),"Classic 8/8 7:10PM, 9 Games",3700,43784925,0,0,0,11.1,,,,,,,,,,,,,,,https://dkn.gs/sports/images/mlb/players/50/669783.png,,,,,,,8/8/2026,,,,,,,,,,,,,,,,,,,,,,,,,,
Trevor Larnach,OF,MIN,Classic,Sat Aug 08 2026 01:00:00 GMT-0500 (Central Daylight Time),"Classic 8/8 7:10PM, 9 Games",3600,43784754,0,0,0,10.8,,,,,,,,,,,,,,,https://dkn.gs/sports/images/mlb/players/50/111036.png,,,,,,,8/8/2026,,,,,,,,,,,,,,,,,,,,,,,,,,
Kyle Teel,C,CWS,Classic,Sat Aug 08 2026 01:00:00 GMT-0500 (Central Daylight Time),"Classic 8/8 7:10PM, 9 Games",3600,43784926,0,0,0,10.8,,,,,,,,,,,,,,,https://dkn.gs/sports/images/mlb/players/50/721191.png,,,,,,,8/8/2026,,,,,,,,,,,,,,,,,,,,,,,,,,
Carson Kelly,C,CHC,Classic,Sat Aug 08 2026 01:00:00 GMT-0500 (Central Daylight Time),"Classic 8/8 7:10PM, 9 Games",3400,43784766,0,0,0,10.2,,,,,,,,,,,,,,,https://dkn.gs/sports/images/mlb/players/50/32117.png,,,,,,,8/8/2026,Carson Kelly,KC,2.38,0,12/30/1899,0,0,0,0,0,0,0,,,,,0,0,0,0,Yes,-1.5,9.5,,https://www.freeiconspng.com/img/1934,
Ildemaro Vargas,1B/2B,ARI,Classic,Sat Aug 08 2026 01:00:00 GMT-0500 (Central Daylight Time),"Classic 8/8 7:10PM, 9 Games",3400,43784772,0,0,0,10.2,,,,,,,,,,,,,,,https://dkn.gs/sports/images/mlb/players/50/32132.png,,,,,,,8/8/2026,,,,,,,,,,,,,,,,,,,,,,,,,,
Samad Taylor,OF,SD,Classic,Sat Aug 08 2026 01:00:00 GMT-0500 (Central Daylight Time),"Classic 8/8 7:10PM, 9 Games",3400,43784927,0,0,0,10.2,,,,,,,,,,,,,,,https://dkn.gs/sports/images/mlb/players/50/575777.png,,,,,,,8/8/2026,,,,,,,,,,,,,,,,,,,,,,,,,,
Ben Williamson,2B/SS,TB,Classic,Sat Aug 08 2026 01:00:00 GMT-0500 (Central Daylight Time),"Classic 8/8 7:10PM, 9 Games",3300,43784775,0,0,0,9.9,,,,,,,,,,,,,,,https://dkn.gs/sports/images/mlb/players/50/723690.png,,,,,,,8/8/2026,,,,,,,,,,,,,,,,,,,,,,,,,,
Nathaniel Lowe,1B,CLE,Classic,Sat Aug 08 2026 01:00:00 GMT-0500 (Central Daylight Time),"Classic 8/8 7:10PM, 9 Games",3300,43784778,0,0,0,9.9,,,,,,,,,,,,,,,https://dkn.gs/sports/images/mlb/players/50/31744.png,,,,,,,8/8/2026,,,,,,,,,,,,,,,,,,,,,,,,,,
Matt Chapman,3B,SF,Classic,Sat Aug 08 2026 01:00:00 GMT-0500 (Central Daylight Time),"Classic 8/8 7:10PM, 9 Games",3300,43784928,0,0,0,9.9,,,,,,,,,,,,,,,https://dkn.gs/sports/images/mlb/players/50/32651.png,,,,,,,8/8/2026,,,,,,,,,,,,,,,,,,,,,,,,,,
Kerry Carpenter,OF,DET,Classic,Sat Aug 08 2026 01:00:00 GMT-0500 (Central Daylight Time),"Classic 8/8 7:10PM, 9 Games",3300,43784929,0,0,0,9.9,,,,,,,,,,,,,,,https://dkn.gs/sports/images/mlb/players/50/476266.png,,,,,,,8/8/2026,,,,,,,,,,,,,,,,,,,,,,,,,,
Kike Hernandez,3B/OF,LAD,Classic,Sat Aug 08 2026 01:00:00 GMT-0500 (Central Daylight Time),"Classic 8/8 7:10PM, 9 Games",3200,43784791,0,0,0,9.6,,,,,,,,,,,,,,,https://dkn.gs/sports/images/mlb/players/50/32696.png,,,,,,,8/8/2026,,,,,,,,,,,,,,,,,,,,,,,,,,
Brenton Doyle,OF,CWS,Classic,Sat Aug 08 2026 01:00:00 GMT-0500 (Central Daylight Time),"Classic 8/8 7:10PM, 9 Games",3200,43784793,0,0,0,9.6,,,,,,,,,,,,,,,https://dkn.gs/sports/images/mlb/players/50/459781.png,,,,,,,8/8/2026,,,,,,,,,,,,,,,,,,,,,,,,,,
Connor Norby,1B/3B,COL,Classic,Sat Aug 08 2026 01:00:00 GMT-0500 (Central Daylight Time),"Classic 8/8 7:10PM, 9 Games",3200,43784930,0,0,0,9.6,,,,,,,,,,,,,,,https://dkn.gs/sports/images/mlb/players/50/582164.png,,,,,,,8/8/2026,,,,,,,,,,,,,,,,,,,,,,,,,,
Jake Fraley,OF,TB,Classic,Sat Aug 08 2026 01:00:00 GMT-0500 (Central Daylight Time),"Classic 8/8 7:10PM, 9 Games",3200,43784932,0,0,0,9.6,,,,,,,,,,,,,,,https://dkn.gs/sports/images/mlb/players/50/31624.png,,,,,,,8/8/2026,,,,,,,,,,,,,,,,,,,,,,,,,,
Tyler Tolbert,SS,KC,Classic,Sat Aug 08 2026 01:00:00 GMT-0500 (Central Daylight Time),"Classic 8/8 7:10PM, 9 Games",3100,43784803,0,0,0,9.3,,,,,,,,,,,,,,,https://dkn.gs/sports/images/mlb/players/50/636146.png,,,,,,,8/8/2026,,,,,,,,,,,,,,,,,,,,,,,,,,
Nick Fortes,C,TB,Classic,Sat Aug 08 2026 01:00:00 GMT-0500 (Central Daylight Time),"Classic 8/8 7:10PM, 9 Games",3100,43784807,0,0,0,9.3,,,,,,,,,,,,,,,https://dkn.gs/sports/images/mlb/players/50/506818.png,,,,,,,8/8/2026,,,,,,,,,,,,,,,,,,,,,,,,,,
Jose Fernandez,1B/3B,ARI,Classic,Sat Aug 08 2026 01:00:00 GMT-0500 (Central Daylight Time),"Classic 8/8 7:10PM, 9 Games",3100,43784933,0,0,0,9.3,,,,,,,,,,,,,,,https://dkn.gs/sports/images/mlb/players/50/580076.png,,,,,,,8/8/2026,,,,,,,,,,,,,,,,,,,,,,,,,,
Gavin Lux,OF,TB,Classic,Sat Aug 08 2026 01:00:00 GMT-0500 (Central Daylight Time),"Classic 8/8 7:10PM, 9 Games",3100,43784935,0,0,0,9.3,,,,,,,,,,,,,,,https://dkn.gs/sports/images/mlb/players/50/32720.png,,,,,,,8/8/2026,,,,,,,,,,,,,,,,,,,,,,,,,,
Nelson Velazquez,OF,STL,Classic,Sat Aug 08 2026 01:00:00 GMT-0500 (Central Daylight Time),"Classic 8/8 7:10PM, 9 Games",3000,43784812,0,0,0,9,,,,,,,,,,,,,,,https://dkn.gs/sports/images/mlb/players/50/111676.png,12/30/1899,n/a,n/a,n/a,n/a,n/a,8/8/2026,,,,,,,,,,,,,,,,,,,,,,,,,,
Joey Bart,C,CWS,Classic,Sat Aug 08 2026 01:00:00 GMT-0500 (Central Daylight Time),"Classic 8/8 7:10PM, 9 Games",3000,43784820,0,0,0,9,,,,,,,,,,,,,,,https://dkn.gs/sports/images/mlb/players/50/112438.png,,,,,,,8/8/2026,,,,,,,,,,,,,,,,,,,,,,,,,,
Jhonny Pereda,C,SEA,Classic,Sat Aug 08 2026 01:00:00 GMT-0500 (Central Daylight Time),"Classic 8/8 7:10PM, 9 Games",3000,43784821,0,0,0,9,,,,,,,,,,,,,,,https://dkn.gs/sports/images/mlb/players/50/111654.png,,,,,,,8/8/2026,,,,,,,,,,,,,,,,,,,,,,,,,,
Hao-Yu Lee,2B/3B,DET,Classic,Sat Aug 08 2026 01:00:00 GMT-0500 (Central Daylight Time),"Classic 8/8 7:10PM, 9 Games",3000,43784823,0,0,0,9,,,,,,,,,,,,,,,https://dkn.gs/sports/images/mlb/players/50/639885.png,,,,,,,8/8/2026,,,,,,,,,,,,,,,,,,,,,,,,,,
Jonathan India,2B,KC,Classic,Sat Aug 08 2026 01:00:00 GMT-0500 (Central Daylight Time),"Classic 8/8 7:10PM, 9 Games",3000,43784936,0,0,0,9,,,,,,,,,,,,,,,https://dkn.gs/sports/images/mlb/players/50/111759.png,,,,,,,8/8/2026,,,,,,,,,,,,,,,,,,,,,,,,,,
Miguel Andujar,3B/OF,SD,Classic,Sat Aug 08 2026 01:00:00 GMT-0500 (Central Daylight Time),"Classic 8/8 7:10PM, 9 Games",3000,43784937,0,0,0,9,,,,,,,,,,,,,,,https://dkn.gs/sports/images/mlb/players/50/32542.png,,,,,,,8/8/2026,,,,,,,,,,,,,,,,,,,,,,,,,,
Shay Whitcomb,3B/SS,HOU,Classic,Sat Aug 08 2026 01:00:00 GMT-0500 (Central Daylight Time),"Classic 8/8 7:10PM, 9 Games",3000,43784939,0,0,0,9,,,,,,,,,,,,,,,https://dkn.gs/sports/images/mlb/players/50/594702.png,,,,,,,8/8/2026,,,,,,,,,,,,,,,,,,,,,,,,,,
Braxton Fulford,C,COL,Classic,Sat Aug 08 2026 01:00:00 GMT-0500 (Central Daylight Time),"Classic 8/8 7:10PM, 9 Games",3000,43784941,0,0,0,9,,,,,,,,,,,,,,,https://dkn.gs/sports/images/mlb/players/50/636838.png,,,,,,,8/8/2026,,,,,,,,,,,,,,,,,,,,,,,,,,
Paul DeJong,2B/3B,DET,Classic,Sat Aug 08 2026 01:00:00 GMT-0500 (Central Daylight Time),"Classic 8/8 7:10PM, 9 Games",3000,43784942,0,0,0,9,,,,,,,,,,,,,,,https://dkn.gs/sports/images/mlb/players/50/32417.png,,,,,,,8/8/2026,,,,,,,,,,,,,,,,,,,,,,,,,,
Brandon Lockridge,OF,MIL,Classic,Sat Aug 08 2026 01:00:00 GMT-0500 (Central Daylight Time),"Classic 8/8 7:10PM, 9 Games",2900,43784828,0,0,0,8.7,,,,,,,,,,,,,,,https://dkn.gs/sports/images/mlb/players/50/476312.png,,,,,,,8/8/2026,,,,,,,,,,,,,,,,,,,,,,,,,,
Tyrone Taylor,OF,CHC,Classic,Sat Aug 08 2026 01:00:00 GMT-0500 (Central Daylight Time),"Classic 8/8 7:10PM, 9 Games",2900,43784830,0,0,0,8.7,,,,,,,,,,,,,,,https://dkn.gs/sports/images/mlb/players/50/31589.png,,,,,,,8/8/2026,,,,,,,,,,,,,,,,,,,,,,,,,,
Randal Grichuk,OF,CWS,Classic,Sat Aug 08 2026 01:00:00 GMT-0500 (Central Daylight Time),"Classic 8/8 7:10PM, 9 Games",2900,43784834,0,0,0,8.7,,,,,,,,,,,,,,,https://dkn.gs/sports/images/mlb/players/50/31935.png,,,,,,,8/8/2026,,,,,,,,,,,,,,,,,,,,,,,,,,
J.P. Crawford,3B/SS,SEA,Classic,Sat Aug 08 2026 01:00:00 GMT-0500 (Central Daylight Time),"Classic 8/8 7:10PM, 9 Games",2900,43784944,0,0,0,8.7,,,,,,,,,,,,,,,https://dkn.gs/sports/images/mlb/players/50/31543.png,,,,,,,8/8/2026,,,,,,,,,,,,,,,,,,,,,,,,,,
Sal Frelick,OF,MIL,Classic,Sat Aug 08 2026 01:00:00 GMT-0500 (Central Daylight Time),"Classic 8/8 7:10PM, 9 Games",2900,43784946,0,0,0,8.7,,,,,,,,,,,,,,,https://dkn.gs/sports/images/mlb/players/50/587686.png,,,,,,,8/8/2026,,,,,,,,,,,,,,,,,,,,,,,,,,
Nolan Gorman,3B,STL,Classic,Sat Aug 08 2026 01:00:00 GMT-0500 (Central Daylight Time),"Classic 8/8 7:10PM, 9 Games",2900,43784947,0,0,0,8.7,,,,,,,,,,,,,,,https://dkn.gs/sports/images/mlb/players/50/112272.png,,,,,,,8/8/2026,,,,,,,,,,,,,,,,,,,,,,,,,,
Jordan Lawlar,OF,ARI,Classic,Sat Aug 08 2026 01:00:00 GMT-0500 (Central Daylight Time),"Classic 8/8 7:10PM, 9 Games",2900,43784948,0,0,0,8.7,,,,,,,,,,,,,,,https://dkn.gs/sports/images/mlb/players/50/587672.png,,,,,,,8/8/2026,,,,,,,,,,,,,,,,,,,,,,,,,,
Adrian Del Castillo,C,ARI,Classic,Sat Aug 08 2026 01:00:00 GMT-0500 (Central Daylight Time),"Classic 8/8 7:10PM, 9 Games",2900,43784949,0,0,0,8.7,,,,,,,,,,,,,,,https://dkn.gs/sports/images/mlb/players/50/581984.png,,,,,,,8/8/2026,,,,,,,,,,,,,,,,,,,,,,,,,,
Jeremiah Jackson,2B,BAL,Classic,Sat Aug 08 2026 01:00:00 GMT-0500 (Central Daylight Time),"Classic 8/8 7:10PM, 9 Games",2800,43784843,0,0,0,8.4,,,,,,,,,,,,,,,https://dkn.gs/sports/images/mlb/players/50/110601.png,,,,,,,8/8/2026,,,,,,,,,,,,,,,,,,,,,,,,,,
Luke Raley,OF,SEA,Classic,Sat Aug 08 2026 01:00:00 GMT-0500 (Central Daylight Time),"Classic 8/8 7:10PM, 9 Games",2800,43784950,0,0,0,8.4,,,,,,,,,,,,,,,https://dkn.gs/sports/images/mlb/players/50/111046.png,,,,,,,8/8/2026,,,,,,,,,,,,,,,,,,,,,,,,,,
Mitch Garver,C,SEA,Classic,Sat Aug 08 2026 01:00:00 GMT-0500 (Central Daylight Time),"Classic 8/8 7:10PM, 9 Games",2800,43784951,0,0,0,8.4,,,,,,,,,,,,,,,https://dkn.gs/sports/images/mlb/players/50/32364.png,,,,,,,8/8/2026,,,,,,,,,,,,,,,,,,,,,,,,,,
Ramon Urias,3B,STL,Classic,Sat Aug 08 2026 01:00:00 GMT-0500 (Central Daylight Time),"Classic 8/8 7:10PM, 9 Games",2800,43784952,0,0,0,8.4,,,,,,,,,,,,,,,https://dkn.gs/sports/images/mlb/players/50/69438.png,,,,,,,8/8/2026,,,,,,,,,,,,,,,,,,,,,,,,,,
Hyeseong Kim,2B,LAD,Classic,Sat Aug 08 2026 01:00:00 GMT-0500 (Central Daylight Time),"Classic 8/8 7:10PM, 9 Games",2800,43784953,0,0,0,8.4,,,,,,,,,,,,,,,https://dkn.gs/sports/images/mlb/players/50/486318.png,,,,,,,8/8/2026,,,,,,,,,,,,,,,,,,,,,,,,,,
Jake Meyers,OF,HOU,Classic,Sat Aug 08 2026 01:00:00 GMT-0500 (Central Daylight Time),"Classic 8/8 7:10PM, 9 Games",2800,43784954,0,0,0,8.4,,,,,,,,,,,,,,,https://dkn.gs/sports/images/mlb/players/50/476279.png,,,,,,,8/8/2026,,,,,,,,,,,,,,,,,,,,,,,,,,
Wenceel Perez,OF,DET,Classic,Sat Aug 08 2026 01:00:00 GMT-0500 (Central Daylight Time),"Classic 8/8 7:10PM, 9 Games",2800,43784955,0,0,0,8.4,,,,,,,,,,,,,,,https://dkn.gs/sports/images/mlb/players/50/459790.png,,,,,,,8/8/2026,,,,,,,,,,,,,,,,,,,,,,,,,,
Matt Vierling,OF,DET,Classic,Sat Aug 08 2026 01:00:00 GMT-0500 (Central Daylight Time),"Classic 8/8 7:10PM, 9 Games",2800,43784956,0,0,0,8.4,,,,,,,,,,,,,,,https://dkn.gs/sports/images/mlb/players/50/476297.png,,,,,,,8/8/2026,,,,,,,,,,,,,,,,,,,,,,,,,,
Sterlin Thompson,OF,COL,Classic,Sat Aug 08 2026 01:00:00 GMT-0500 (Central Daylight Time),"Classic 8/8 7:10PM, 9 Games",2800,43784957,0,0,0,8.4,,,,,,,,,,,,,,,https://dkn.gs/sports/images/mlb/players/50/658777.png,,,,,,,8/8/2026,,,,,,,,,,,,,,,,,,,,,,,,,,
Lourdes Gurriel Jr.,OF,ARI,Classic,Sat Aug 08 2026 01:00:00 GMT-0500 (Central Daylight Time),"Classic 8/8 7:10PM, 9 Games",2800,43784958,0,0,0,8.4,,,,,,,,,,,,,,,https://dkn.gs/sports/images/mlb/players/50/31977.png,,,,,,,8/8/2026,,,,,,,,,,,,,,,,,,,,,,,,,,
Alejandro Osuna,OF,TEX,Classic,Sat Aug 08 2026 01:00:00 GMT-0500 (Central Daylight Time),"Classic 8/8 7:10PM, 9 Games",2700,43784849,0,0,0,8.1,,,,,,,,,,,,,,,https://dkn.gs/sports/images/mlb/players/50/638329.png,,,,,,,8/8/2026,,,,,,,,,,,,,,,,,,,,,,,,,,
Tyler O'Neill,OF,BAL,Classic,Sat Aug 08 2026 01:00:00 GMT-0500 (Central Daylight Time),"Classic 8/8 7:10PM, 9 Games",2700,43784851,0,0,0,8.1,,,,,,,,,,,,,,,https://dkn.gs/sports/images/mlb/players/50/32371.png,,,,,,,8/8/2026,,,,,,,,,,,,,,,,,,,,,,,,,,
Jesus Rodriguez,C/OF,SF,Classic,Sat Aug 08 2026 01:00:00 GMT-0500 (Central Daylight Time),"Classic 8/8 7:10PM, 9 Games",2700,43784959,0,0,0,8.1,,,,,,,,,,,,,,,https://dkn.gs/sports/images/mlb/players/50/698899.png,,,,,,,8/8/2026,,,,,,,,,,,,,,,,,,,,,,,,,,
Blake Perkins,OF,CLE,Classic,Sat Aug 08 2026 01:00:00 GMT-0500 (Central Daylight Time),"Classic 8/8 7:10PM, 9 Games",2700,43784961,0,0,0,8.1,,,,,,,,,,,,,,,https://dkn.gs/sports/images/mlb/players/50/110898.png,,,,,,,8/8/2026,,,,,,,,,,,,,,,,,,,,,,,,,,
Matt Shaw,OF,CHC,Classic,Sat Aug 08 2026 01:00:00 GMT-0500 (Central Daylight Time),"Classic 8/8 7:10PM, 9 Games",2700,43784962,0,0,0,8.1,,,,,,,,,,,,,,,https://dkn.gs/sports/images/mlb/players/50/721198.png,,,,,,,8/8/2026,,,,,,,,,,,,,,,,,,,,,,,,,,
Tyler Black,OF,MIL,Classic,Sat Aug 08 2026 01:00:00 GMT-0500 (Central Daylight Time),"Classic 8/8 7:10PM, 9 Games",2700,43784963,0,0,0,8.1,,,,,,,,,,,,,,,https://dkn.gs/sports/images/mlb/players/50/587685.png,,,,,,,8/8/2026,,,,,,,,,,,,,,,,,,,,,,,,,,
Kyle Manzardo,1B,CLE,Classic,Sat Aug 08 2026 01:00:00 GMT-0500 (Central Daylight Time),"Classic 8/8 7:10PM, 9 Games",2700,43784964,0,0,0,8.1,,,,,,,,,,,,,,,https://dkn.gs/sports/images/mlb/players/50/582176.png,,,,,,,8/8/2026,,,,,,,,,,,,,,,,,,,,,,,,,,
Ryan Vilade,1B/OF,TB,Classic,Sat Aug 08 2026 01:00:00 GMT-0500 (Central Daylight Time),"Classic 8/8 7:10PM, 9 Games",2600,43784853,0,0,0,7.8,,,,,,,,,,,,,,,https://dkn.gs/sports/images/mlb/players/50/112499.png,,,,,,,8/8/2026,,,,,,,,,,,,,,,,,,,,,,,,,,
Freddy Fermin,C,SD,Classic,Sat Aug 08 2026 01:00:00 GMT-0500 (Central Daylight Time),"Classic 8/8 7:10PM, 9 Games",2600,43784855,0,0,0,7.8,,,,,,,,,,,,,,,https://dkn.gs/sports/images/mlb/players/50/476888.png,,,,,,,8/8/2026,,,,,,,,,,,,,,,,,,,,,,,,,,
Joey Ortiz,3B/SS,MIL,Classic,Sat Aug 08 2026 01:00:00 GMT-0500 (Central Daylight Time),"Classic 8/8 7:10PM, 9 Games",2600,43784856,0,0,0,7.8,,,,,,,,,,,,,,,https://dkn.gs/sports/images/mlb/players/50/478565.png,,,,,,,8/8/2026,,,,,,,,,,,,,,,,,,,,,,,,,,
Edouard Julien,2B,COL,Classic,Sat Aug 08 2026 01:00:00 GMT-0500 (Central Daylight Time),"Classic 8/8 7:10PM, 9 Games",2600,43784859,0,0,0,7.8,,,,,,,,,,,,,,,https://dkn.gs/sports/images/mlb/players/50/474654.png,,,,,,,8/8/2026,,,,,,,,,,,,,,,,,,,,,,,,,,
Alex Call,OF,LAD,Classic,Sat Aug 08 2026 01:00:00 GMT-0500 (Central Daylight Time),"Classic 8/8 7:10PM, 9 Games",2600,43784860,0,0,0,7.8,,,,,,,,,,,,,,,https://dkn.gs/sports/images/mlb/players/50/476373.png,,,,,,,8/8/2026,,,,,,,,,,,,,,,,,,,,,,,,,,
James Triantos,2B/3B,CHC,Classic,Sat Aug 08 2026 01:00:00 GMT-0500 (Central Daylight Time),"Classic 8/8 7:10PM, 9 Games",2600,43784862,0,0,0,7.8,,,,,,,,,,,,,,,https://dkn.gs/sports/images/mlb/players/50/582172.png,,,,,,,8/8/2026,,,,,,,,,,,,,,,,,,,,,,,,,,
Matt Wallner,OF,MIN,Classic,Sat Aug 08 2026 01:00:00 GMT-0500 (Central Daylight Time),"Classic 8/8 7:10PM, 9 Games",2600,43784965,0,0,0,7.8,,,,,,,,,,,,,,,https://dkn.gs/sports/images/mlb/players/50/459832.png,,,,,,,8/8/2026,,,,,,,,,,,,,,,,,,,,,,,,,,
Danny Jansen,C,TEX,Classic,Sat Aug 08 2026 01:00:00 GMT-0500 (Central Daylight Time),"Classic 8/8 7:10PM, 9 Games",2600,43784966,0,0,0,7.8,,,,,,,,,,,,,,,https://dkn.gs/sports/images/mlb/players/50/32003.png,,,,,,,8/8/2026,,,,,,,,,,,,,,,,,,,,,,,,,,
Tommy Troy,OF,ARI,Classic,Sat Aug 08 2026 01:00:00 GMT-0500 (Central Daylight Time),"Classic 8/8 7:10PM, 9 Games",2600,43784967,0,0,0,7.8,,,,,,,,,,,,,,,https://dkn.gs/sports/images/mlb/teams/50/29934.png,,,,,,,8/8/2026,,,,,,,,,,,,,,,,,,,,,,,,,,
Patrick Bailey,C,CLE,Classic,Sat Aug 08 2026 01:00:00 GMT-0500 (Central Daylight Time),"Classic 8/8 7:10PM, 9 Games",2500,43784864,0,0,0,7.5,,,,,,,,,,,,,,,https://dkn.gs/sports/images/mlb/players/50/494663.png,,,,,,,8/8/2026,,,,,,,,,,,,,,,,,,,,,,,,,,
Weston Wilson,3B/OF,SEA,Classic,Sat Aug 08 2026 01:00:00 GMT-0500 (Central Daylight Time),"Classic 8/8 7:10PM, 9 Games",2500,43784866,0,0,0,7.5,,,,,,,,,,,,,,,https://dkn.gs/sports/images/mlb/players/50/476610.png,,,,,,,8/8/2026,,,,,,,,,,,,,,,,,,,,,,,,,,
Tyler Locklear,1B,ARI,Classic,Sat Aug 08 2026 01:00:00 GMT-0500 (Central Daylight Time),"Classic 8/8 7:10PM, 9 Games",2500,43784868,0,0,0,7.5,,,,,,,,,,,,,,,https://dkn.gs/sports/images/mlb/players/50/658823.png,,,,,,,8/8/2026,,,,,,,,,,,,,,,,,,,,,,,,,,
Miguel Rojas,2B/SS,LAD,Classic,Sat Aug 08 2026 01:00:00 GMT-0500 (Central Daylight Time),"Classic 8/8 7:10PM, 9 Games",2500,43784871,0,0,0,7.5,,,,,,,,,,,,,,,https://dkn.gs/sports/images/mlb/players/50/32765.png,,,,,,,8/8/2026,,,,,,,,,,,,,,,,,,,,,,,,,,
Luke Maile,C,KC,Classic,Sat Aug 08 2026 01:00:00 GMT-0500 (Central Daylight Time),"Classic 8/8 7:10PM, 9 Games",2500,43784873,0,0,0,7.5,,,,,,,,,,,,,,,https://dkn.gs/sports/images/mlb/players/50/31955.png,,,,,,,8/8/2026,,,,,,,,,,,,,,,,,,,,,,,,,,
Marcelo Mayer,SS,SF,Classic,Sat Aug 08 2026 01:00:00 GMT-0500 (Central Daylight Time),"Classic 8/8 7:10PM, 9 Games",2500,43784968,0,0,0,7.5,,,,,,,,,,,,,,,https://dkn.gs/sports/images/mlb/players/50/587674.png,,,,,,,8/8/2026,,,,,,,,,,,,,,,,,,,,,,,,,,
Akil Baddoo,OF,MIL,Classic,Sat Aug 08 2026 01:00:00 GMT-0500 (Central Daylight Time),"Classic 8/8 7:10PM, 9 Games",2500,43784969,0,0,0,7.5,,,,,,,,,,,,,,,https://dkn.gs/sports/images/mlb/players/50/111044.png,,,,,,,8/8/2026,,,,,,,,,,,,,,,,,,,,,,,,,,
Joey Loperfido,OF,HOU,Classic,Sat Aug 08 2026 01:00:00 GMT-0500 (Central Daylight Time),"Classic 8/8 7:10PM, 9 Games",2500,43784970,0,0,0,7.5,,,,,,,,,,,,,,,https://dkn.gs/sports/images/mlb/players/50/636858.png,,,,,,,8/8/2026,,,,,,,,,,,,,,,,,,,,,,,,,,
Parker Meadows,OF,DET,Classic,Sat Aug 08 2026 01:00:00 GMT-0500 (Central Daylight Time),"Classic 8/8 7:10PM, 9 Games",2500,43784971,0,0,0,7.5,,,,,,,,,,,,,,,https://dkn.gs/sports/images/mlb/players/50/110846.png,,,,,,,8/8/2026,,,,,,,,,,,,,,,,,,,,,,,,,,
Brooks Baldwin,OF,CWS,Classic,Sat Aug 08 2026 01:00:00 GMT-0500 (Central Daylight Time),"Classic 8/8 7:10PM, 9 Games",2500,43784972,0,0,0,7.5,,,,,,,,,,,,,,,https://dkn.gs/sports/images/mlb/players/50/781549.png,,,,,,,8/8/2026,,,,,,,,,,,,,,,,,,,,,,,,,,
David Fry,OF,CLE,Classic,Sat Aug 08 2026 01:00:00 GMT-0500 (Central Daylight Time),"Classic 8/8 7:10PM, 9 Games",2500,43784973,0,0,0,7.5,,,,,,,,,,,,,,,https://dkn.gs/sports/images/mlb/players/50/476612.png,,,,,,,8/8/2026,,,,,,,,,,,,,,,,,,,,,,,,,,
Jase Bowen,OF,SD,Classic,Sat Aug 08 2026 01:00:00 GMT-0500 (Central Daylight Time),"Classic 8/8 7:10PM, 9 Games",2400,43784874,0,0,0,7.2,,,,,,,,,,,,,,,https://dkn.gs/sports/images/mlb/players/50/637827.png,,,,,,,8/8/2026,,,,,,,,,,,,,,,,,,,,,,,,,,
Alex Jackson,1B/C,MIN,Classic,Sat Aug 08 2026 01:00:00 GMT-0500 (Central Daylight Time),"Classic 8/8 7:10PM, 9 Games",2400,43784876,0,0,0,7.2,,,,,,,,,,,,,,,https://dkn.gs/sports/images/mlb/players/50/32246.png,,,,,,,8/8/2026,,,,,,,,,,,,,,,,,,,,,,,,,,
Jorge Barrosa,OF,ARI,Classic,Sat Aug 08 2026 01:00:00 GMT-0500 (Central Daylight Time),"Classic 8/8 7:10PM, 9 Games",2400,43784882,0,0,0,7.2,,,,,,,,,,,,,,,https://dkn.gs/sports/images/mlb/players/50/634928.png,,,,,,,8/8/2026,,,,,,,,,,,,,,,,,,,,,,,,,,
Hunter Feduccia,C,LAD,Classic,Sat Aug 08 2026 01:00:00 GMT-0500 (Central Daylight Time),"Classic 8/8 7:10PM, 9 Games",2400,43784884,0,0,0,7.2,,,,,,,,,,,,,,,https://dkn.gs/sports/images/mlb/players/50/556174.png,,,,,,,8/8/2026,,,,,,,,,,,,,,,,,,,,,,,,,,
Christian Vazquez,C,HOU,Classic,Sat Aug 08 2026 01:00:00 GMT-0500 (Central Daylight Time),"Classic 8/8 7:10PM, 9 Games",2400,43784885,0,0,0,7.2,,,,,,,,,,,,,,,https://dkn.gs/sports/images/mlb/players/50/31505.png,,,,,,,8/8/2026,,,,,,,,,,,,,,,,,,,,,,,,,,
Ben Malgeri,OF,DET,Classic,Sat Aug 08 2026 01:00:00 GMT-0500 (Central Daylight Time),"Classic 8/8 7:10PM, 9 Games",2400,43784886,0,0,0,7.2,,,,,,,,,,,,,,,https://dkn.gs/sports/images/mlb/teams/50/29871.png,,,,,,,8/8/2026,,,,,,,,,,,,,,,,,,,,,,,,,,
Victor Bericoto,OF,SF,Classic,Sat Aug 08 2026 01:00:00 GMT-0500 (Central Daylight Time),"Classic 8/8 7:10PM, 9 Games",2400,43784974,0,0,0,7.2,,,,,,,,,,,,,,,https://dkn.gs/sports/images/mlb/teams/50/29945.png,,,,,,,8/8/2026,,,,,,,,,,,,,,,,,,,,,,,,,,
Victor Scott II,OF,STL,Classic,Sat Aug 08 2026 01:00:00 GMT-0500 (Central Daylight Time),"Classic 8/8 7:10PM, 9 Games",2400,43784975,0,0,0,7.2,,,,,,,,,,,,,,,https://dkn.gs/sports/images/mlb/players/50/659432.png,,,,,,,8/8/2026,,,,,,,,,,,,,,,,,,,,,,,,,,
Blaze Alexander,3B,BAL,Classic,Sat Aug 08 2026 01:00:00 GMT-0500 (Central Daylight Time),"Classic 8/8 7:10PM, 9 Games",2400,43784976,0,0,0,7.2,,,,,,,,,,,,,,,https://dkn.gs/sports/images/mlb/players/50/112686.png,,,,,,,8/8/2026,,,,,,,,,,,,,,,,,,,,,,,,,,
Kyle Higashioka,C,TEX,Classic,Sat Aug 08 2026 01:00:00 GMT-0500 (Central Daylight Time),"Classic 8/8 7:10PM, 9 Games",2400,43784977,0,0,0,7.2,,,,,,,,,,,,,,,https://dkn.gs/sports/images/mlb/players/50/32547.png,,,,,,,8/8/2026,,,,,,,,,,,,,,,,,,,,,,,,,,
Gage Workman,2B/3B,SD,Classic,Sat Aug 08 2026 01:00:00 GMT-0500 (Central Daylight Time),"Classic 8/8 7:10PM, 9 Games",2300,43784887,0,0,0,6.9,,,,,,,,,,,,,,,https://dkn.gs/sports/images/mlb/players/50/494724.png,,,,,,,8/8/2026,,,,,,,,,,,,,,,,,,,,,,,,,,
Petey Halpin,OF,CLE,Classic,Sat Aug 08 2026 01:00:00 GMT-0500 (Central Daylight Time),"Classic 8/8 7:10PM, 9 Games",2300,43784889,0,0,0,6.9,,,,,,,,,,,,,,,https://dkn.gs/sports/images/mlb/players/50/495655.png,,,,,,,8/8/2026,,,,,,,,,,,,,,,,,,,,,,,,,,
Starling Marte,OF,KC,Classic,Sat Aug 08 2026 01:00:00 GMT-0500 (Central Daylight Time),"Classic 8/8 7:10PM, 9 Games",2300,43784890,0,0,0,6.9,,,,,,,,,,,,,,,https://dkn.gs/sports/images/mlb/players/50/32141.png,,,,,,,8/8/2026,,,,,,,,,,,,,,,,,,,,,,,,,,
Victor Robles,OF,SEA,Classic,Sat Aug 08 2026 01:00:00 GMT-0500 (Central Daylight Time),"Classic 8/8 7:10PM, 9 Games",2300,43784891,0,0,0,6.9,,,,,,,,,,,,,,,https://dkn.gs/sports/images/mlb/players/50/32817.png,,,,,,,8/8/2026,,,,,,,,,,,,,,,,,,,,,,,,,,
Luisangel Acuna,SS,CWS,Classic,Sat Aug 08 2026 01:00:00 GMT-0500 (Central Daylight Time),"Classic 8/8 7:10PM, 9 Games",2300,43784892,0,0,0,6.9,,,,,,,,,,,,,,,https://dkn.gs/sports/images/mlb/players/50/479060.png,,,,,,,8/8/2026,,,,,,,,,,,,,,,,,,,,,,,,,,
James Outman,OF,DET,Classic,Sat Aug 08 2026 01:00:00 GMT-0500 (Central Daylight Time),"Classic 8/8 7:10PM, 9 Games",2300,43784893,0,0,0,6.9,,,,,,,,,,,,,,,https://dkn.gs/sports/images/mlb/players/50/552215.png,,,,,,,8/8/2026,,,,,,,,,,,,,,,,,,,,,,,,,,
Buddy Kennedy,3B,SF,Classic,Sat Aug 08 2026 01:00:00 GMT-0500 (Central Daylight Time),"Classic 8/8 7:10PM, 9 Games",2300,43784894,0,0,0,6.9,,,,,,,,,,,,,,,https://dkn.gs/sports/images/mlb/players/50/478714.png,,,,,,,8/8/2026,,,,,,,,,,,,,,,,,,,,,,,,,,
Yohel Pozo,C,BAL,Classic,Sat Aug 08 2026 01:00:00 GMT-0500 (Central Daylight Time),"Classic 8/8 7:10PM, 9 Games",2300,43784895,0,0,0,6.9,,,,,,,,,,,,,,,https://dkn.gs/sports/images/mlb/players/50/594803.png,,,,,,,8/8/2026,,,,,,,,,,,,,,,,,,,,,,,,,,
Kahlil Watson,OF,CLE,Classic,Sat Aug 08 2026 01:00:00 GMT-0500 (Central Daylight Time),"Classic 8/8 7:10PM, 9 Games",2300,43784978,0,0,0,6.9,,,,,,,,,,,,,,,https://dkn.gs/sports/images/mlb/players/50/587684.png,,,,,,,8/8/2026,,,,,,,,,,,,,,,,,,,,,,,,,,
Bo Naylor,C,MIL,Classic,Sat Aug 08 2026 01:00:00 GMT-0500 (Central Daylight Time),"Classic 8/8 7:10PM, 9 Games",2300,43784979,0,0,0,6.9,,,,,,,,,,,,,,,https://dkn.gs/sports/images/mlb/players/50/110770.png,,,,,,,8/8/2026,,,,,,,,,,,,,,,,,,,,,,,,,,
Ryan Ward,OF,LAD,Classic,Sat Aug 08 2026 01:00:00 GMT-0500 (Central Daylight Time),"Classic 8/8 7:10PM, 9 Games",2300,43784980,0,0,0,6.9,,,,,,,,,,,,,,,https://dkn.gs/sports/images/mlb/players/50/595183.png,,,,,,,8/8/2026,,,,,,,,,,,,,,,,,,,,,,,,,,
Angel Genao,2B,CLE,Classic,Sat Aug 08 2026 01:00:00 GMT-0500 (Central Daylight Time),"Classic 8/8 7:10PM, 9 Games",2200,43784896,0,0,0,6.6,0.5264545455,0.0914,0.2632,0.3468,0.1051,0.6503,,,,,,0.252,,,https://dkn.gs/sports/images/mlb/players/50/658776.png,n/a,CLE @ CWS,Guardians @ White Sox,Rate Field,outdoor,FOX,8/8/2026,,,,,,,,,,,,,,,,,,,,,,,,,,
Jimmy Crooks,C,STL,Classic,Sat Aug 08 2026 01:00:00 GMT-0500 (Central Daylight Time),"Classic 8/8 7:10PM, 9 Games",2200,43784898,0,0,0,6.6,,,,,,,,,,,,,,,https://dkn.gs/sports/images/mlb/players/50/698881.png,,,,,,,8/8/2026,,,,,,,,,,,,,,,,,,,,,,,,,,
Nick Allen,SS,HOU,Classic,Sat Aug 08 2026 01:00:00 GMT-0500 (Central Daylight Time),"Classic 8/8 7:10PM, 9 Games",2200,43784900,0,0,0,6.6,,,,,,,,,,,,,,,https://dkn.gs/sports/images/mlb/players/50/111186.png,,,,,,,8/8/2026,,,,,,,,,,,,,,,,,,,,,,,,,,
Cam Cauley,2B/OF,TEX,Classic,Sat Aug 08 2026 01:00:00 GMT-0500 (Central Daylight Time),"Classic 8/8 7:10PM, 9 Games",2200,43784901,0,0,0,6.6,,,,,,,,,,,,,,,https://dkn.gs/sports/images/mlb/teams/50/29891.png,,,,,,,8/8/2026,,,,,,,,,,,,,,,,,,,,,,,,,,
Eddys Leonard,SS,SF,Classic,Sat Aug 08 2026 01:00:00 GMT-0500 (Central Daylight Time),"Classic 8/8 7:10PM, 9 Games",2200,43784903,0,0,0,6.6,,,,,,,,,,,,,,,https://dkn.gs/sports/images/mlb/players/50/595182.png,,,,,,,8/8/2026,,,,,,,,,,,,,,,,,,,,,,,,,,
Will Wilson,2B/3B,SEA,Classic,Sat Aug 08 2026 01:00:00 GMT-0500 (Central Daylight Time),"Classic 8/8 7:10PM, 9 Games",2200,43784981,0,0,0,6.6,,,,,,,,,,,,,,,https://dkn.gs/sports/images/mlb/players/50/459692.png,,,,,,,8/8/2026,,,,,,,,,,,,,,,,,,,,,,,,,,
Ramon Laureano,OF,SD,Classic,Sat Aug 08 2026 01:00:00 GMT-0500 (Central Daylight Time),"Classic 8/8 7:10PM, 9 Games",2200,43784983,0,0,0,6.6,,,,,,,,,,,,,,,https://dkn.gs/sports/images/mlb/players/50/31492.png,,,,,,,8/8/2026,,,,,,,,,,,,,,,,,,,,,,,,,,
Mason McCoy,2B/SS,SD,Classic,Sat Aug 08 2026 01:00:00 GMT-0500 (Central Daylight Time),"Classic 8/8 7:10PM, 9 Games",2200,43784984,0,0,0,6.6,,,,,,,,,,,,,,,https://dkn.gs/sports/images/mlb/players/50/459736.png,,,,,,,8/8/2026,,,,,,,,,,,,,,,,,,,,,,,,,,
Zach Cole,OF,HOU,Classic,Sat Aug 08 2026 01:00:00 GMT-0500 (Central Daylight Time),"Classic 8/8 7:10PM, 9 Games",2200,43784986,0,0,0,6.6,,,,,,,,,,,,,,,https://dkn.gs/sports/images/mlb/players/50/702300.png,,,,,,,8/8/2026,,,,,,,,,,,,,,,,,,,,,,,,,,
Jacob Melton,OF,TB,Classic,Sat Aug 08 2026 01:00:00 GMT-0500 (Central Daylight Time),"Classic 8/8 7:10PM, 9 Games",2200,43784987,0,0,0,6.6,,,,,,,,,,,,,,,https://dkn.gs/sports/images/mlb/players/50/658785.png,,,,,,,8/8/2026,,,,,,,,,,,,,,,,,,,,,,,,,,
Tristan Gray,SS,MIN,Classic,Sat Aug 08 2026 01:00:00 GMT-0500 (Central Daylight Time),"Classic 8/8 7:10PM, 9 Games",2100,43784904,0,0,0,6.3,,,,,,,,,,,,,,,https://dkn.gs/sports/images/mlb/players/50/476307.png,,,,,,,8/8/2026,,,,,,,,,,,,,,,,,,,,,,,,,,
Rob Refsnyder,OF,SEA,Classic,Sat Aug 08 2026 01:00:00 GMT-0500 (Central Daylight Time),"Classic 8/8 7:10PM, 9 Games",2100,43784988,0,0,0,6.3,,,,,,,,,,,,,,,https://dkn.gs/sports/images/mlb/players/50/112659.png,,,,,,,8/8/2026,,,,,,,,,,,,,,,,,,,,,,,,,,
Alex Freeland,2B,LAD,Classic,Sat Aug 08 2026 01:00:00 GMT-0500 (Central Daylight Time),"Classic 8/8 7:10PM, 9 Games",2100,43784989,0,0,0,6.3,,,,,,,,,,,,,,,https://dkn.gs/sports/images/mlb/players/50/701865.png,,,,,,,8/8/2026,,,,,,,,,,,,,,,,,,,,,,,,,,
Trey Sweeney,SS,DET,Classic,Sat Aug 08 2026 01:00:00 GMT-0500 (Central Daylight Time),"Classic 8/8 7:10PM, 9 Games",2100,43784990,0,0,0,6.3,,,,,,,,,,,,,,,https://dkn.gs/sports/images/mlb/players/50/587688.png,,,,,,,8/8/2026,,,,,,,,,,,,,,,,,,,,,,,,,,
CJ Kayfus,1B/OF,CLE,Classic,Sat Aug 08 2026 01:00:00 GMT-0500 (Central Daylight Time),"Classic 8/8 7:10PM, 9 Games",2100,43784991,0,0,0,6.3,,,,,,,,,,,,,,,https://dkn.gs/sports/images/mlb/players/50/783205.png,,,,,,,8/8/2026,,,,,,,,,,,,,,,,,,,,,,,,,,
Cooper Ingle,OF,CLE,Classic,Sat Aug 08 2026 01:00:00 GMT-0500 (Central Daylight Time),"Classic 8/8 7:10PM, 9 Games",2100,43784993,0,0,0,6.3,,,,,,,,,,,,,,,https://dkn.gs/sports/images/mlb/players/50/779863.png,,,,,,,8/8/2026,,,,,,,,,,,,,,,,,,,,,,,,,,
Alan Roden,OF,MIN,Classic,Sat Aug 08 2026 01:00:00 GMT-0500 (Central Daylight Time),"Classic 8/8 7:10PM, 9 Games",2000,43784908,0,0,0,6,,,,,,,,,,,,,,,https://dkn.gs/sports/images/mlb/players/50/658841.png,,,,,,,8/8/2026,,,,,,,,,,,,,,,,,,,,,,,,,,
Leo Rivas,3B,SEA,Classic,Sat Aug 08 2026 01:00:00 GMT-0500 (Central Daylight Time),"Classic 8/8 7:10PM, 9 Games",2000,43784909,0,0,0,6,,,,,,,,,,,,,,,https://dkn.gs/sports/images/mlb/players/50/110590.png,,,,,,,8/8/2026,,,,,,,,,,,,,,,,,,,,,,,,,,
Cesar Prieto,2B/3B,STL,Classic,Sat Aug 08 2026 01:00:00 GMT-0500 (Central Daylight Time),"Classic 8/8 7:10PM, 9 Games",2000,43784912,0,0,0,6,,,,,,,,,,,,,,,https://dkn.gs/sports/images/mlb/players/50/638088.png,,,,,,,8/8/2026,,,,,,,,,,,,,,,,,,,,,,,,,,
Austin Wynns,C,TEX,Classic,Sat Aug 08 2026 01:00:00 GMT-0500 (Central Daylight Time),"Classic 8/8 7:10PM, 9 Games",2000,43784914,0,0,0,6,,,,,,,,,,,,,,,https://dkn.gs/sports/images/mlb/players/50/31432.png,,,,,,,8/8/2026,,,,,,,,,,,,,,,,,,,,,,,,,,
Christian Franklin,OF,BAL,Classic,Sat Aug 08 2026 01:00:00 GMT-0500 (Central Daylight Time),"Classic 8/8 7:10PM, 9 Games",2000,43784915,0,0,0,6,,,,,,,,,,,,,,,https://dkn.gs/sports/images/mlb/players/50/582221.png,,,,,,,8/8/2026,,,,,,,,,,,,,,,,,,,,,,,,,,
Harrison Bader,OF,SF,Classic,Sat Aug 08 2026 01:00:00 GMT-0500 (Central Daylight Time),"Classic 8/8 7:10PM, 9 Games",2000,43784994,0,0,0,6,,,,,,,,,,,,,,,https://dkn.gs/sports/images/mlb/players/50/32384.png,,,,,,,8/8/2026,,,,,,,,,,,,,,,,,,,,,,,,,,
Jonah Cox,OF,SF,Classic,Sat Aug 08 2026 01:00:00 GMT-0500 (Central Daylight Time),"Classic 8/8 7:10PM, 9 Games",2000,43784995,0,0,0,6,,,,,,,,,,,,,,,https://dkn.gs/sports/images/mlb/players/50/777748.png,,,,,,,8/8/2026,,,,,,,,,,,,,,,,,,,,,,,,,,
Jeferson Quero,C,MIL,Classic,Sat Aug 08 2026 01:00:00 GMT-0500 (Central Daylight Time),"Classic 8/8 7:10PM, 9 Games",2000,43784996,0,0,0,6,,,,,,,,,,,,,,,https://dkn.gs/sports/images/mlb/players/50/581856.png,,,,,,,8/8/2026,,,,,,,,,,,,,,,,,,,,,,,,,,
Thomas Saggese,2B/OF,STL,Classic,Sat Aug 08 2026 01:00:00 GMT-0500 (Central Daylight Time),"Classic 8/8 7:10PM, 9 Games",2000,43784997,0,0,0,6,,,,,,,,,,,,,,,https://dkn.gs/sports/images/mlb/players/50/637025.png,,,,,,,8/8/2026,,,,,,,,,,,,,,,,,,,,,,,,,,
Kenny Piper,C,TB,Classic,Sat Aug 08 2026 01:00:00 GMT-0500 (Central Daylight Time),"Classic 8/8 7:10PM, 9 Games",2000,43784999,0,0,0,6,,,,,,,,,,,,,,,https://dkn.gs/sports/images/mlb/teams/50/29880.png,,,,,,,8/8/2026,,,,,,,,,,,,,,,,,,,,,,,,,,
Emmanuel Rodriguez,OF,MIN,Classic,Sat Aug 08 2026 01:00:00 GMT-0500 (Central Daylight Time),"Classic 8/8 7:10PM, 9 Games",2000,43785000,0,0,0,6,,,,,,,,,,,,,,,https://dkn.gs/sports/images/mlb/players/50/578409.png,,,,,,,8/8/2026,,,,,,,,,,,,,,,,,,,,,,,,,,
Reed Trimble,OF,BAL,Classic,Sat Aug 08 2026 01:00:00 GMT-0500 (Central Daylight Time),"Classic 8/8 7:10PM, 9 Games",2000,43785001,0,0,0,6,,,,,,,,,,,,,,,https://dkn.gs/sports/images/mlb/players/50/582177.png,,,,,,,8/8/2026,,,,,,,,,,,,,,,,,,,,,,,,,,
Leo Bernal,C,STL,Classic,Sat Aug 08 2026 01:00:00 GMT-0500 (Central Daylight Time),"Classic 8/8 7:10PM, 9 Games",2000,43785002,0,0,0,6,,,,,,,,,,,,,,,https://dkn.gs/sports/images/mlb/players/50/678691.png,,,,,,,8/8/2026,,,,,,,,,,,,,,,,,,,,,,,,,,
Jadher Areinamo,2B/SS,TB,Classic,Sat Aug 08 2026 01:00:00 GMT-0500 (Central Daylight Time),"Classic 8/8 7:10PM, 9 Games",2000,43785003,0,0,0,6,,,,,,,,,,,,,,,https://dkn.gs/sports/images/mlb/players/50/638645.png,,,,,,,8/8/2026,,,,,,,,,,,,,,,,,,,,,,,,,,
Brennen Davis,OF,SEA,Classic,Sat Aug 08 2026 01:00:00 GMT-0500 (Central Daylight Time),"Classic 8/8 7:10PM, 9 Games",2000,43785005,0,0,0,6,,,,,,,,,,,,,,,https://dkn.gs/sports/images/mlb/players/50/111677.png,,,,,,,8/8/2026,,,,,,,,,,,,,,,,,,,,,,,,,,
Hendry Mendez,OF,MIN,Classic,Sat Aug 08 2026 01:00:00 GMT-0500 (Central Daylight Time),"Classic 8/8 7:10PM, 9 Games",2000,43785006,0,0,0,6,,,,,,,,,,,,,,,https://dkn.gs/sports/images/mlb/players/50/595346.png,,,,,,,8/8/2026,,,,,,,,,,,,,,,,,,,,,,,,,,
Thayron Liranzo,C,DET,Classic,Sat Aug 08 2026 01:00:00 GMT-0500 (Central Daylight Time),"Classic 8/8 7:10PM, 9 Games",2000,43785007,0,0,0,6,,,,,,,,,,,,,,,https://dkn.gs/sports/images/mlb/players/50/732161.png,,,,,,,8/8/2026,,,,,,,,,,,,,,,,,,,,,,,,,,
Joshua Baez,OF,STL,Classic,Sat Aug 08 2026 01:00:00 GMT-0500 (Central Daylight Time),"Classic 8/8 7:10PM, 9 Games",2000,43785008,0,0,0,6,,,,,,,,,,,,,,,https://dkn.gs/sports/images/mlb/players/50/582144.png,,,,,,,8/8/2026,,,,,,,,,,,,,,,,,,,,,,,,,,
Tyler Austin,1B/OF,CHC,Classic,Sat Aug 08 2026 01:00:00 GMT-0500 (Central Daylight Time),"Classic 8/8 7:10PM, 9 Games",2000,43785009,0,0,0,6,,,,,,,,,,,,,,,https://dkn.gs/sports/images/mlb/players/50/31545.png,,,,,,,8/8/2026,,,,,,,,,,,,,,,,,,,,,,,,,,
Carlos Correa,SS,HOU,Classic,Sat Aug 08 2026 01:00:00 GMT-0500 (Central Daylight Time),"Classic 8/8 7:10PM, 9 Games",2000,43785011,0,0,0,6,,,,,,,,,,,,,,,https://dkn.gs/sports/images/mlb/players/50/31983.png,,,,,,,8/8/2026,,,,,,,,,,,,,,,,,,,,,,,,,,
Kris Bryant,3B/OF,COL,Classic,Sat Aug 08 2026 01:00:00 GMT-0500 (Central Daylight Time),"Classic 8/8 7:10PM, 9 Games",2000,43785012,0,0,0,6,,,,,,,,,,,,,,,https://dkn.gs/sports/images/mlb/players/50/32366.png,,,,,,,8/8/2026,,,,,,,,,,,,,,,,,,,,,,,,,,
Tyler Fitzgerald,2B/OF,LAD,Classic,Sat Aug 08 2026 01:00:00 GMT-0500 (Central Daylight Time),"Classic 8/8 7:10PM, 9 Games",2000,43785014,0,0,0,6,,,,,,,,,,,,,,,https://dkn.gs/sports/images/mlb/players/50/479253.png,,,,,,,8/8/2026,,,,,,,,,,,,,,,,,,,,,,,,,,
Patrick Wisdom,1B/3B,SEA,Classic,Sat Aug 08 2026 01:00:00 GMT-0500 (Central Daylight Time),"Classic 8/8 7:10PM, 9 Games",2000,43785016,0,0,0,6,,,,,,,,,,,,,,,https://dkn.gs/sports/images/mlb/players/50/31865.png,,,,,,,8/8/2026,,,,,,,,,,,,,,,,,,,,,,,,,,
Alek Thomas,OF,LAD,Classic,Sat Aug 08 2026 01:00:00 GMT-0500 (Central Daylight Time),"Classic 8/8 7:10PM, 9 Games",2000,43785018,0,0,0,6,,,,,,,,,,,,,,,https://dkn.gs/sports/images/mlb/players/50/112685.png,,,,,,,8/8/2026,,,,,,,,,,,,,,,,,,,,,,,,,,
Heston Kjerstad,OF,BAL,Classic,Sat Aug 08 2026 01:00:00 GMT-0500 (Central Daylight Time),"Classic 8/8 7:10PM, 9 Games",2000,43785019,0,0,0,6,,,,,,,,,,,,,,,https://dkn.gs/sports/images/mlb/players/50/494648.png,,,,,,,8/8/2026,,,,,,,,,,,,,,,,,,,,,,,,,,
Chad Stevens,2B/3B,COL,Classic,Sat Aug 08 2026 01:00:00 GMT-0500 (Central Daylight Time),"Classic 8/8 7:10PM, 9 Games",2000,43785020,0,0,0,6,,,,,,,,,,,,,,,https://dkn.gs/sports/images/mlb/teams/50/29957.png,,,,,,,8/8/2026,,,,,,,,,,,,,,,,,,,,,,,,,,
LuJames Groover,1B,ARI,Classic,Sat Aug 08 2026 01:00:00 GMT-0500 (Central Daylight Time),"Classic 8/8 7:10PM, 9 Games",2000,43785022,0,0,0,6,,,,,,,,,,,,,,,https://dkn.gs/sports/images/mlb/players/50/721181.png,,,,,,,8/8/2026,,,,,,,,,,,,,,,,,,,,,,,,,,
Zach Dezenzo,OF,HOU,Classic,Sat Aug 08 2026 01:00:00 GMT-0500 (Central Daylight Time),"Classic 8/8 7:10PM, 9 Games",2000,43785023,0,0,0,6,,,,,,,,,,,,,,,https://dkn.gs/sports/images/mlb/players/50/702971.png,,,,,,,8/8/2026,,,,,,,,,,,,,,,,,,,,,,,,,,
Daniel Schneemann,3B/OF,CLE,Classic,Sat Aug 08 2026 01:00:00 GMT-0500 (Central Daylight Time),"Classic 8/8 7:10PM, 9 Games",2000,43785024,0,0,0,6,,,,,,,,,,,,,,,https://dkn.gs/sports/images/mlb/players/50/477427.png,,,,,,,8/8/2026,,,,,,,,,,,,,,,,,,,,,,,,,,
Zac Veen,OF,COL,Classic,Sat Aug 08 2026 01:00:00 GMT-0500 (Central Daylight Time),"Classic 8/8 7:10PM, 9 Games",2000,43785026,0,0,0,6,,,,,,,,,,,,,,,https://dkn.gs/sports/images/mlb/players/50/494686.png,,,,,,,8/8/2026,,,,,,,,,,,,,,,,,,,,,,,,,,
Adael Amador,2B,COL,Classic,Sat Aug 08 2026 01:00:00 GMT-0500 (Central Daylight Time),"Classic 8/8 7:10PM, 9 Games",2000,43785027,0,0,0,6,,,,,,,,,,,,,,,https://dkn.gs/sports/images/mlb/players/50/578406.png,,,,,,,8/8/2026,,,,,,,,,,,,,,,,,,,,,,,,,,
Lucas Spence,OF,HOU,Classic,Sat Aug 08 2026 01:00:00 GMT-0500 (Central Daylight Time),"Classic 8/8 7:10PM, 9 Games",2000,43785028,0,0,0,6,,,,,,,,,,,,,,,https://dkn.gs/sports/images/mlb/teams/50/29882.png,,,,,,,8/8/2026,,,,,,,,,,,,,,,,,,,,,,,,,,
Logan O'Hoppe,C,TEX,Classic,Sat Aug 08 2026 01:00:00 GMT-0500 (Central Daylight Time),"Classic 8/8 7:10PM, 9 Games",2000,43785029,0,0,0,6,,,,,,,,,,,,,,,https://dkn.gs/sports/images/mlb/players/50/499289.png,,,,,,,8/8/2026,,,,,,,,,,,,,,,,,,,,,,,,,,
Brice Matthews,OF,HOU,Classic,Sat Aug 08 2026 01:00:00 GMT-0500 (Central Daylight Time),"Classic 8/8 7:10PM, 9 Games",2000,43785030,0,0,0,6,,,,,,,,,,,,,,,https://dkn.gs/sports/images/mlb/players/50/721216.png,,,,,,,8/8/2026,,,,,,,,,,,,,,,,,,,,,,,,,,
Kyler Fedko,OF,MIN,Classic,Sat Aug 08 2026 01:00:00 GMT-0500 (Central Daylight Time),"Classic 8/8 7:10PM, 9 Games",2000,43785031,0,0,0,6,,,,,,,,,,,,,,,https://dkn.gs/sports/images/mlb/players/50/700468.png,,,,,,,8/8/2026,,,,,,,,,,,,,,,,,,,,,,,,,,
Connor Joe,1B/OF,SEA,Classic,Sat Aug 08 2026 01:00:00 GMT-0500 (Central Daylight Time),"Classic 8/8 7:10PM, 9 Games",2000,43785032,0,0,0,6,,,,,,,,,,,,,,,https://dkn.gs/sports/images/mlb/players/50/32738.png,,,,,,,8/8/2026,,,,,,,,,,,,,,,,,,,,,,,,,,
Rece Hinds,OF,BAL,Classic,Sat Aug 08 2026 01:00:00 GMT-0500 (Central Daylight Time),"Classic 8/8 7:10PM, 9 Games",2000,43785034,0,0,0,6,,,,,,,,,,,,,,,https://dkn.gs/sports/images/mlb/players/50/459764.png,,,,,,,8/8/2026,,,,,,,,,,,,,,,,,,,,,,,,,,
Collin Price,C,HOU,Classic,Sat Aug 08 2026 01:00:00 GMT-0500 (Central Daylight Time),"Classic 8/8 7:10PM, 9 Games",2000,43785035,0,0,0,6,,,,,,,,,,,,,,,https://dkn.gs/sports/images/mlb/players/50/700649.png,,,,,,,8/8/2026,,,,,,,,,,,,,,,,,,,,,,,,,,
Junior Perez,OF,CWS,Classic,Sat Aug 08 2026 01:00:00 GMT-0500 (Central Daylight Time),"Classic 8/8 7:10PM, 9 Games",2000,43785036,0,0,0,6,,,,,,,,,,,,,,,https://dkn.gs/sports/images/mlb/players/50/459882.png,,,,,,,8/8/2026,,,,,,,,,,,,,,,,,,,,,,,,,,
Michael Helman,OF,TEX,Classic,Sat Aug 08 2026 01:00:00 GMT-0500 (Central Daylight Time),"Classic 8/8 7:10PM, 9 Games",2000,43785037,0,0,0,6,,,,,,,,,,,,,,,https://dkn.gs/sports/images/mlb/players/50/478598.png,,,,,,,8/8/2026,,,,,,,,,,,,,,,,,,,,,,,,,,
Edgar Quero,C,CWS,Classic,Sat Aug 08 2026 01:00:00 GMT-0500 (Central Daylight Time),"Classic 8/8 7:10PM, 9 Games",2000,43785038,0,0,0,6,,,,,,,,,,,,,,,https://dkn.gs/sports/images/mlb/players/50/595178.png,12/30/1899,n/a,n/a,n/a,n/a,n/a,8/8/2026,,,,,,,,,,,,,,,,,,,,,,,,,,
Chadwick Tromp,C,BAL,Classic,Sat Aug 08 2026 01:00:00 GMT-0500 (Central Daylight Time),"Classic 8/8 7:10PM, 9 Games",2000,43785039,0,0,0,6,,,,,,,,,,,,,,,https://dkn.gs/sports/images/mlb/players/50/476174.png,,,,,,,8/8/2026,,,,,,,,,,,,,,,,,,,,,,,,,,
Will Wagner,2B,SD,Classic,Sat Aug 08 2026 01:00:00 GMT-0500 (Central Daylight Time),"Classic 8/8 7:10PM, 9 Games",2000,43785040,0,0,0,6,,,,,,,,,,,,,,,https://dkn.gs/sports/images/mlb/players/50/685087.png,,,,,,,8/8/2026,,,,,,,,,,,,,,,,,,,,,,,,,,
Carson Williams,2B/SS,TB,Classic,Sat Aug 08 2026 01:00:00 GMT-0500 (Central Daylight Time),"Classic 8/8 7:10PM, 9 Games",2000,43785041,0,0,0,6,,,,,,,,,,,,,,,https://dkn.gs/sports/images/mlb/players/50/587700.png,,,,,,,8/8/2026,,,,,,,,,,,,,,,,,,,,,,,,,,
Rikuu Nishida,OF,CWS,Classic,Sat Aug 08 2026 01:00:00 GMT-0500 (Central Daylight Time),"Classic 8/8 7:10PM, 9 Games",2000,43785043,0,0,0,6,,,,,,,,,,,,,,,https://dkn.gs/sports/images/mlb/teams/50/29970.png,,,,,,,8/8/2026,,,,,,,,,,,,,,,,,,,,,,,,,,
Ryan Mountcastle,1B,BAL,Classic,Sat Aug 08 2026 01:00:00 GMT-0500 (Central Daylight Time),"Classic 8/8 7:10PM, 9 Games",2000,43785044,0,0,0,6,,,,,,,,,,,,,,,https://dkn.gs/sports/images/mlb/players/50/110436.png,,,,,,,8/8/2026,,,,,,,,,,,,,,,,,,,,,,,,,,
Tanner Murray,3B/OF,CWS,Classic,Sat Aug 08 2026 01:00:00 GMT-0500 (Central Daylight Time),"Classic 8/8 7:10PM, 9 Games",2000,43785045,0,0,0,6,,,,,,,,,,,,,,,https://dkn.gs/sports/images/mlb/players/50/638216.png,,,,,,,8/8/2026,,,,,,,,,,,,,,,,,,,,,,,,,,
Matthew Lugo,OF,KC,Classic,Sat Aug 08 2026 01:00:00 GMT-0500 (Central Daylight Time),"Classic 8/8 7:10PM, 9 Games",2000,43785047,0,0,0,6,,,,,,,,,,,,,,,https://dkn.gs/sports/images/mlb/players/50/459742.png,,,,,,,8/8/2026,,,,,,,,,,,,,,,,,,,,,,,,,,
Cody Freeman,2B,TEX,Classic,Sat Aug 08 2026 01:00:00 GMT-0500 (Central Daylight Time),"Classic 8/8 7:10PM, 9 Games",2000,43785048,0,0,0,6,,,,,,,,,,,,,,,https://dkn.gs/sports/images/mlb/players/50/477662.png,,,,,,,8/8/2026,,,,,,,,,,,,,,,,,,,,,,,,,,
Eliezer Alfonzo,C,LAD,Classic,Sat Aug 08 2026 01:00:00 GMT-0500 (Central Daylight Time),"Classic 8/8 7:10PM, 9 Games",2000,43785049,0,0,0,6,,,,,,,,,,,,,,,https://dkn.gs/sports/images/mlb/teams/50/29931.png,,,,,,,8/8/2026,,,,,,,,,,,,,,,,,,,,,,,,,,
Ryan Ritter,2B,COL,Classic,Sat Aug 08 2026 01:00:00 GMT-0500 (Central Daylight Time),"Classic 8/8 7:10PM, 9 Games",2000,43785050,0,0,0,6,,,,,,,,,,,,,,,https://dkn.gs/sports/images/mlb/players/50/656366.png,,,,,,,8/8/2026,,,,,,,,,,,,,,,,,,,,,,,,,,
Blake Hunt,C,SD,Classic,Sat Aug 08 2026 01:00:00 GMT-0500 (Central Daylight Time),"Classic 8/8 7:10PM, 9 Games",2000,43785051,0,0,0,6,,,,,,,,,,,,,,,https://dkn.gs/sports/images/mlb/players/50/513740.png,,,,,,,8/8/2026,,,,,,,,,,,,,,,,,,,,,,,,,,
Raynel Delgado,2B/3B,HOU,Classic,Sat Aug 08 2026 01:00:00 GMT-0500 (Central Daylight Time),"Classic 8/8 7:10PM, 9 Games",2000,43785052,0,0,0,6,,,,,,,,,,,,,,,https://dkn.gs/sports/images/mlb/players/50/110773.png,,,,,,,8/8/2026,,,,,,,,,,,,,,,,,,,,,,,,,,
Justin Dean,OF,CHC,Classic,Sat Aug 08 2026 01:00:00 GMT-0500 (Central Daylight Time),"Classic 8/8 7:10PM, 9 Games",2000,43785054,0,0,0,6,,,,,,,,,,,,,,,https://dkn.gs/sports/images/mlb/players/50/459718.png,,,,,,,8/8/2026,,,,,,,,,,,,,,,,,,,,,,,,,,
Gabriel Gonzalez,OF,MIN,Classic,Sat Aug 08 2026 01:00:00 GMT-0500 (Central Daylight Time),"Classic 8/8 7:10PM, 9 Games",2000,43785055,0,0,0,6,,,,,,,,,,,,,,,https://dkn.gs/sports/images/mlb/players/50/626151.png,,,,,,,8/8/2026,,,,,,,,,,,,,,,,,,,,,,,,,,
Trei Cruz,OF,DET,Classic,Sat Aug 08 2026 01:00:00 GMT-0500 (Central Daylight Time),"Classic 8/8 7:10PM, 9 Games",2000,43785056,0,0,0,6,,,,,,,,,,,,,,,https://dkn.gs/sports/images/mlb/players/50/494715.png,,,,,,,8/8/2026,,,,,,,,,,,,,,,,,,,,,,,,,,
Kevin Alcantara,OF,CHC,Classic,Sat Aug 08 2026 01:00:00 GMT-0500 (Central Daylight Time),"Classic 8/8 7:10PM, 9 Games",2000,43785057,0,0,0,6,,,,,,,,,,,,,,,https://dkn.gs/sports/images/mlb/players/50/459839.png,,,,,,,8/8/2026,,,,,,,,,,,,,,,,,,,,,,,,,,
Ryan Bliss,2B,SEA,Classic,Sat Aug 08 2026 01:00:00 GMT-0500 (Central Daylight Time),"Classic 8/8 7:10PM, 9 Games",2000,43785058,0,0,0,6,,,,,,,,,,,,,,,https://dkn.gs/sports/images/mlb/players/50/581976.png,,,,,,,8/8/2026,,,,,,,,,,,,,,,,,,,,,,,,,,
Rodolfo Duran,C,SD,Classic,Sat Aug 08 2026 01:00:00 GMT-0500 (Central Daylight Time),"Classic 8/8 7:10PM, 9 Games",2000,43785059,0,0,0,6,,,,,,,,,,,,,,,https://dkn.gs/sports/images/mlb/players/50/470248.png,,,,,,,8/8/2026,,,,,,,,,,,,,,,,,,,,,,,,,,
Jace Jung,3B,DET,Classic,Sat Aug 08 2026 01:00:00 GMT-0500 (Central Daylight Time),"Classic 8/8 7:10PM, 9 Games",2000,43785060,0,0,0,6,,,,,,,,,,,,,,,https://dkn.gs/sports/images/mlb/players/50/658780.png,,,,,,,8/8/2026,,,,,,,,,,,,,,,,,,,,,,,,,,
Oliver Dunn,3B/SS,TB,Classic,Sat Aug 08 2026 01:00:00 GMT-0500 (Central Daylight Time),"Classic 8/8 7:10PM, 9 Games",2000,43785061,0,0,0,6,,,,,,,,,,,,,,,https://dkn.gs/sports/images/mlb/players/50/700963.png,,,,,,,8/8/2026,,,,,,,,,,,,,,,,,,,,,,,,,,
Ben Brown,CPT,CHC,Showdown Captain Mode,Sat Aug 08 2026 01:00:00 GMT-0500 (Central Daylight Time),Showdown Captain Mode 8/8 7:10PM (CHC @ KC),17100,43786571,0,0,0,51.3,,,,,,,,,,,,,,,https://dkn.gs/sports/images/mlb/players/50/659602.png,,,,,,,8/8/2026,,,,,,,,,,,,,,,,,,,,,,,,,,
Ben Brown,RP,CHC,Showdown Captain Mode,Sat Aug 08 2026 01:00:00 GMT-0500 (Central Daylight Time),Showdown Captain Mode 8/8 7:10PM (CHC @ KC),11400,43786473,0,0,0,34.2,,,,,,,,,,,,,,,https://dkn.gs/sports/images/mlb/players/50/659602.png,,,,,,,8/8/2026,,,,,,,,,,,,,,,,,,,,,,,,,,
Kevin Gausman,CPT,CHC,Showdown Captain Mode,Sat Aug 08 2026 01:00:00 GMT-0500 (Central Daylight Time),Showdown Captain Mode 8/8 7:10PM (CHC @ KC),17100,43786572,0,0,0,51.3,,,,,,,,,,,,,,,https://dkn.gs/sports/images/mlb/players/50/32428.png,,,,,,,8/8/2026,,,,,,,,,,,,,,,,,,,,,,,,,,
Kevin Gausman,SP,CHC,Showdown Captain Mode,Sat Aug 08 2026 01:00:00 GMT-0500 (Central Daylight Time),Showdown Captain Mode 8/8 7:10PM (CHC @ KC),11400,43786474,0,0,0,34.2,,,,,,,,,,,,,,,https://dkn.gs/sports/images/mlb/players/50/32428.png,,,,,,,8/8/2026,,,,,,,,,,,,,,,,,,,,,,,,,,
Michael Wacha,CPT,KC,Showdown Captain Mode,Sat Aug 08 2026 01:00:00 GMT-0500 (Central Daylight Time),Showdown Captain Mode 8/8 7:10PM (CHC @ KC),16800,43786573,0,0,0,50.4,,,,,,,,,,,,,,,https://dkn.gs/sports/images/mlb/players/50/32344.png,,,,,,,8/8/2026,,,,,,,,,,,,,,,,,,,,,,,,,,
Michael Wacha,SP,KC,Showdown Captain Mode,Sat Aug 08 2026 01:00:00 GMT-0500 (Central Daylight Time),Showdown Captain Mode 8/8 7:10PM (CHC @ KC),11200,43786475,0,0,0,33.6,,,,,,,,,,,,,,,https://dkn.gs/sports/images/mlb/players/50/32344.png,,,,,,,8/8/2026,,,,,,,,,,,,,,,,,,,,,,,,,,
Justin Steele,CPT,CHC,Showdown Captain Mode,Sat Aug 08 2026 01:00:00 GMT-0500 (Central Daylight Time),Showdown Captain Mode 8/8 7:10PM (CHC @ KC),16200,43786574,0,0,0,48.6,,,,,,,,,,,,,,,https://dkn.gs/sports/images/mlb/players/50/69408.png,,,,,,,8/8/2026,,,,,,,,,,,,,,,,,,,,,,,,,,
Justin Steele,SP,CHC,Showdown Captain Mode,Sat Aug 08 2026 01:00:00 GMT-0500 (Central Daylight Time),Showdown Captain Mode 8/8 7:10PM (CHC @ KC),10800,43786476,0,0,0,32.4,,,,,,,,,,,,,,,https://dkn.gs/sports/images/mlb/players/50/69408.png,,,,,,,8/8/2026,,,,,,,,,,,,,,,,,,,,,,,,,,
Shota Imanaga,CPT,CHC,Showdown Captain Mode,Sat Aug 08 2026 01:00:00 GMT-0500 (Central Daylight Time),Showdown Captain Mode 8/8 7:10PM (CHC @ KC),16200,43786575,0,0,0,48.6,,,,,,,,,,,,,,,https://dkn.gs/sports/images/mlb/players/50/494345.png,,,,,,,8/8/2026,,,,,,,,,,,,,,,,,,,,,,,,,,
Shota Imanaga,SP,CHC,Showdown Captain Mode,Sat Aug 08 2026 01:00:00 GMT-0500 (Central Daylight Time),Showdown Captain Mode 8/8 7:10PM (CHC @ KC),10800,43786477,0,0,0,32.4,,,,,,,,,,,,,,,https://dkn.gs/sports/images/mlb/players/50/494345.png,,,,,,,8/8/2026,,,,,,,,,,,,,,,,,,,,,,,,,,
Cade Horton,CPT,CHC,Showdown Captain Mode,Sat Aug 08 2026 01:00:00 GMT-0500 (Central Daylight Time),Showdown Captain Mode 8/8 7:10PM (CHC @ KC),16200,43786576,0,0,0,48.6,,,,,,,,,,,,,,,https://dkn.gs/sports/images/mlb/players/50/658762.png,,,,,,,8/8/2026,,,,,,,,,,,,,,,,,,,,,,,,,,
Cade Horton,SP,CHC,Showdown Captain Mode,Sat Aug 08 2026 01:00:00 GMT-0500 (Central Daylight Time),Showdown Captain Mode 8/8 7:10PM (CHC @ KC),10800,43786478,0,0,0,32.4,,,,,,,,,,,,,,,https://dkn.gs/sports/images/mlb/players/50/658762.png,,,,,,,8/8/2026,,,,,,,,,,,,,,,,,,,,,,,,,,
Edward Cabrera,CPT,CHC,Showdown Captain Mode,Sat Aug 08 2026 01:00:00 GMT-0500 (Central Daylight Time),Showdown Captain Mode 8/8 7:10PM (CHC @ KC),16200,43786577,0,0,0,48.6,,,,,,,,,,,,,,,https://dkn.gs/sports/images/mlb/players/50/112594.png,,,,,,,8/8/2026,,,,,,,,,,,,,,,,,,,,,,,,,,
Edward Cabrera,SP,CHC,Showdown Captain Mode,Sat Aug 08 2026 01:00:00 GMT-0500 (Central Daylight Time),Showdown Captain Mode 8/8 7:10PM (CHC @ KC),10800,43786479,0,0,0,32.4,,,,,,,,,,,,,,,https://dkn.gs/sports/images/mlb/players/50/112594.png,,,,,,,8/8/2026,,,,,,,,,,,,,,,,,,,,,,,,,,
Matthew Boyd,CPT,CHC,Showdown Captain Mode,Sat Aug 08 2026 01:00:00 GMT-0500 (Central Daylight Time),Showdown Captain Mode 8/8 7:10PM (CHC @ KC),16200,43786578,0,0,0,48.6,,,,,,,,,,,,,,,https://dkn.gs/sports/images/mlb/players/50/31846.png,,,,,,,8/8/2026,,,,,,,,,,,,,,,,,,,,,,,,,,
Matthew Boyd,SP,CHC,Showdown Captain Mode,Sat Aug 08 2026 01:00:00 GMT-0500 (Central Daylight Time),Showdown Captain Mode 8/8 7:10PM (CHC @ KC),10800,43786480,0,0,0,32.4,,,,,,,,,,,,,,,https://dkn.gs/sports/images/mlb/players/50/31846.png,,,,,,,8/8/2026,,,,,,,,,,,,,,,,,,,,,,,,,,
Randy Dobnak,CPT,KC,Showdown Captain Mode,Sat Aug 08 2026 01:00:00 GMT-0500 (Central Daylight Time),Showdown Captain Mode 8/8 7:10PM (CHC @ KC),15900,43786579,0,0,0,47.7,,,,,,,,,,,,,,,https://dkn.gs/sports/images/mlb/players/50/32425.png,,,,,,,8/8/2026,,,,,,,,,,,,,,,,,,,,,,,,,,
Randy Dobnak,RP,KC,Showdown Captain Mode,Sat Aug 08 2026 01:00:00 GMT-0500 (Central Daylight Time),Showdown Captain Mode 8/8 7:10PM (CHC @ KC),10600,43786481,0,0,0,31.8,,,,,,,,,,,,,,,https://dkn.gs/sports/images/mlb/players/50/32425.png,,,,,,,8/8/2026,,,,,,,,,,,,,,,,,,,,,,,,,,
Cole Ragans,CPT,KC,Showdown Captain Mode,Sat Aug 08 2026 01:00:00 GMT-0500 (Central Daylight Time),Showdown Captain Mode 8/8 7:10PM (CHC @ KC),15600,43786580,0,0,0,46.8,,,,,,,,,,,,,,,https://dkn.gs/sports/images/mlb/players/50/111359.png,,,,,,,8/8/2026,,,,,,,,,,,,,,,,,,,,,,,,,,
Cole Ragans,SP,KC,Showdown Captain Mode,Sat Aug 08 2026 01:00:00 GMT-0500 (Central Daylight Time),Showdown Captain Mode 8/8 7:10PM (CHC @ KC),10400,43786482,0,0,0,31.2,,,,,,,,,,,,,,,https://dkn.gs/sports/images/mlb/players/50/111359.png,,,,,,,8/8/2026,,,,,,,,,,,,,,,,,,,,,,,,,,
Noah Cameron,CPT,KC,Showdown Captain Mode,Sat Aug 08 2026 01:00:00 GMT-0500 (Central Daylight Time),Showdown Captain Mode 8/8 7:10PM (CHC @ KC),15300,43786581,0,0,0,45.9,,,,,,,,,,,,,,,https://dkn.gs/sports/images/mlb/players/50/708522.png,,,,,,,8/8/2026,,,,,,,,,,,,,,,,,,,,,,,,,,
Noah Cameron,SP,KC,Showdown Captain Mode,Sat Aug 08 2026 01:00:00 GMT-0500 (Central Daylight Time),Showdown Captain Mode 8/8 7:10PM (CHC @ KC),10200,43786483,0,0,0,30.6,,,,,,,,,,,,,,,https://dkn.gs/sports/images/mlb/players/50/708522.png,,,,,,,8/8/2026,,,,,,,,,,,,,,,,,,,,,,,,,,
Colin Rea,CPT,CHC,Showdown Captain Mode,Sat Aug 08 2026 01:00:00 GMT-0500 (Central Daylight Time),Showdown Captain Mode 8/8 7:10PM (CHC @ KC),15300,43786582,0,0,0,45.9,,,,,,,,,,,,,,,https://dkn.gs/sports/images/mlb/players/50/111644.png,,,,,,,8/8/2026,,,,,,,,,,,,,,,,,,,,,,,,,,
Colin Rea,RP,CHC,Showdown Captain Mode,Sat Aug 08 2026 01:00:00 GMT-0500 (Central Daylight Time),Showdown Captain Mode 8/8 7:10PM (CHC @ KC),10200,43786484,0,0,0,30.6,,,,,,,,,,,,,,,https://dkn.gs/sports/images/mlb/players/50/111644.png,,,,,,,8/8/2026,,,,,,,,,,,,,,,,,,,,,,,,,,
Ethan Roberts,CPT,CHC,Showdown Captain Mode,Sat Aug 08 2026 01:00:00 GMT-0500 (Central Daylight Time),Showdown Captain Mode 8/8 7:10PM (CHC @ KC),15300,43786583,0,0,0,45.9,,,,,,,,,,,,,,,https://dkn.gs/sports/images/mlb/players/50/614776.png,,,,,,,8/8/2026,,,,,,,,,,,,,,,,,,,,,,,,,,
Ethan Roberts,RP,CHC,Showdown Captain Mode,Sat Aug 08 2026 01:00:00 GMT-0500 (Central Daylight Time),Showdown Captain Mode 8/8 7:10PM (CHC @ KC),10200,43786485,0,0,0,30.6,,,,,,,,,,,,,,,https://dkn.gs/sports/images/mlb/players/50/614776.png,,,,,,,8/8/2026,,,,,,,,,,,,,,,,,,,,,,,,,,
Jordan Wicks,CPT,CHC,Showdown Captain Mode,Sat Aug 08 2026 01:00:00 GMT-0500 (Central Daylight Time),Showdown Captain Mode 8/8 7:10PM (CHC @ KC),15300,43786584,0,0,0,45.9,,,,,,,,,,,,,,,https://dkn.gs/sports/images/mlb/players/50/587676.png,,,,,,,8/8/2026,,,,,,,,,,,,,,,,,,,,,,,,,,
Jordan Wicks,SP,CHC,Showdown Captain Mode,Sat Aug 08 2026 01:00:00 GMT-0500 (Central Daylight Time),Showdown Captain Mode 8/8 7:10PM (CHC @ KC),10200,43786486,0,0,0,30.6,,,,,,,,,,,,,,,https://dkn.gs/sports/images/mlb/players/50/587676.png,,,,,,,8/8/2026,,,,,,,,,,,,,,,,,,,,,,,,,,
Aaron Civale,CPT,CHC,Showdown Captain Mode,Sat Aug 08 2026 01:00:00 GMT-0500 (Central Daylight Time),Showdown Captain Mode 8/8 7:10PM (CHC @ KC),15300,43786585,0,0,0,45.9,,,,,,,,,,,,,,,https://dkn.gs/sports/images/mlb/players/50/31784.png,,,,,,,8/8/2026,,,,,,,,,,,,,,,,,,,,,,,,,,
Aaron Civale,RP,CHC,Showdown Captain Mode,Sat Aug 08 2026 01:00:00 GMT-0500 (Central Daylight Time),Showdown Captain Mode 8/8 7:10PM (CHC @ KC),10200,43786487,0,0,0,30.6,,,,,,,,,,,,,,,https://dkn.gs/sports/images/mlb/players/50/31784.png,,,,,,,8/8/2026,,,,,,,,,,,,,,,,,,,,,,,,,,
Javier Assad,CPT,CHC,Showdown Captain Mode,Sat Aug 08 2026 01:00:00 GMT-0500 (Central Daylight Time),Showdown Captain Mode 8/8 7:10PM (CHC @ KC),15300,43786586,0,0,0,45.9,,,,,,,,,,,,,,,https://dkn.gs/sports/images/mlb/players/50/637097.png,,,,,,,8/8/2026,,,,,,,,,,,,,,,,,,,,,,,,,,
Javier Assad,SP,CHC,Showdown Captain Mode,Sat Aug 08 2026 01:00:00 GMT-0500 (Central Daylight Time),Showdown Captain Mode 8/8 7:10PM (CHC @ KC),10200,43786488,0,0,0,30.6,,,,,,,,,,,,,,,https://dkn.gs/sports/images/mlb/players/50/637097.png,,,,,,,8/8/2026,,,,,,,,,,,,,,,,,,,,,,,,,,
David Peterson,CPT,CHC,Showdown Captain Mode,Sat Aug 08 2026 01:00:00 GMT-0500 (Central Daylight Time),Showdown Captain Mode 8/8 7:10PM (CHC @ KC),15300,43786587,0,0,0,45.9,,,,,,,,,,,,,,,https://dkn.gs/sports/images/mlb/players/50/112055.png,,,,,,,8/8/2026,,,,,,,,,,,,,,,,,,,,,,,,,,
David Peterson,SP,CHC,Showdown Captain Mode,Sat Aug 08 2026 01:00:00 GMT-0500 (Central Daylight Time),Showdown Captain Mode 8/8 7:10PM (CHC @ KC),10200,43786489,0,0,0,30.6,,,,,,,,,,,,,,,https://dkn.gs/sports/images/mlb/players/50/112055.png,,,,,,,8/8/2026,,,,,,,,,,,,,,,,,,,,,,,,,,
Braxton Garrett,CPT,CHC,Showdown Captain Mode,Sat Aug 08 2026 01:00:00 GMT-0500 (Central Daylight Time),Showdown Captain Mode 8/8 7:10PM (CHC @ KC),15000,43786588,0,0,0,45,,,,,,,,,,,,,,,https://dkn.gs/sports/images/mlb/players/50/112592.png,,,,,,,8/8/2026,,,,,,,,,,,,,,,,,,,,,,,,,,
Braxton Garrett,SP,CHC,Showdown Captain Mode,Sat Aug 08 2026 01:00:00 GMT-0500 (Central Daylight Time),Showdown Captain Mode 8/8 7:10PM (CHC @ KC),10000,43786490,0,0,0,30,,,,,,,,,,,,,,,https://dkn.gs/sports/images/mlb/players/50/112592.png,,,,,,,8/8/2026,,,,,,,,,,,,,,,,,,,,,,,,,,
Connor Thomas,CPT,KC,Showdown Captain Mode,Sat Aug 08 2026 01:00:00 GMT-0500 (Central Daylight Time),Showdown Captain Mode 8/8 7:10PM (CHC @ KC),15000,43786589,0,0,0,45,,,,,,,,,,,,,,,https://dkn.gs/sports/images/mlb/players/50/636156.png,,,,,,,8/8/2026,,,,,,,,,,,,,,,,,,,,,,,,,,
Connor Thomas,RP,KC,Showdown Captain Mode,Sat Aug 08 2026 01:00:00 GMT-0500 (Central Daylight Time),Showdown Captain Mode 8/8 7:10PM (CHC @ KC),10000,43786491,0,0,0,30,,,,,,,,,,,,,,,https://dkn.gs/sports/images/mlb/players/50/636156.png,,,,,,,8/8/2026,,,,,,,,,,,,,,,,,,,,,,,,,,
Mason Black,CPT,KC,Showdown Captain Mode,Sat Aug 08 2026 01:00:00 GMT-0500 (Central Daylight Time),Showdown Captain Mode 8/8 7:10PM (CHC @ KC),15000,43786590,0,0,0,45,,,,,,,,,,,,,,,https://dkn.gs/sports/images/mlb/players/50/582147.png,,,,,,,8/8/2026,,,,,,,,,,,,,,,,,,,,,,,,,,
Mason Black,RP,KC,Showdown Captain Mode,Sat Aug 08 2026 01:00:00 GMT-0500 (Central Daylight Time),Showdown Captain Mode 8/8 7:10PM (CHC @ KC),10000,43786492,0,0,0,30,,,,,,,,,,,,,,,https://dkn.gs/sports/images/mlb/players/50/582147.png,,,,,,,8/8/2026,,,,,,,,,,,,,,,,,,,,,,,,,,
Alec Marsh,CPT,KC,Showdown Captain Mode,Sat Aug 08 2026 01:00:00 GMT-0500 (Central Daylight Time),Showdown Captain Mode 8/8 7:10PM (CHC @ KC),15000,43786591,0,0,0,45,,,,,,,,,,,,,,,https://dkn.gs/sports/images/mlb/players/50/514795.png,,,,,,,8/8/2026,,,,,,,,,,,,,,,,,,,,,,,,,,
Alec Marsh,SP,KC,Showdown Captain Mode,Sat Aug 08 2026 01:00:00 GMT-0500 (Central Daylight Time),Showdown Captain Mode 8/8 7:10PM (CHC @ KC),10000,43786493,0,0,0,30,,,,,,,,,,,,,,,https://dkn.gs/sports/images/mlb/players/50/514795.png,,,,,,,8/8/2026,,,,,,,,,,,,,,,,,,,,,,,,,,
Ben Kudrna,CPT,KC,Showdown Captain Mode,Sat Aug 08 2026 01:00:00 GMT-0500 (Central Daylight Time),Showdown Captain Mode 8/8 7:10PM (CHC @ KC),15000,43786592,0,0,0,45,,,,,,,,,,,,,,,https://dkn.gs/sports/images/mlb/players/50/582165.png,,,,,,,8/8/2026,,,,,,,,,,,,,,,,,,,,,,,,,,
Ben Kudrna,SP,KC,Showdown Captain Mode,Sat Aug 08 2026 01:00:00 GMT-0500 (Central Daylight Time),Showdown Captain Mode 8/8 7:10PM (CHC @ KC),10000,43786494,0,0,0,30,,,,,,,,,,,,,,,https://dkn.gs/sports/images/mlb/players/50/582165.png,,,,,,,8/8/2026,,,,,,,,,,,,,,,,,,,,,,,,,,
Stephen Kolek,CPT,KC,Showdown Captain Mode,Sat Aug 08 2026 01:00:00 GMT-0500 (Central Daylight Time),Showdown Captain Mode 8/8 7:10PM (CHC @ KC),15000,43786593,0,0,0,45,,,,,,,,,,,,,,,https://dkn.gs/sports/images/mlb/players/50/706434.png,,,,,,,8/8/2026,,,,,,,,,,,,,,,,,,,,,,,,,,
Stephen Kolek,RP,KC,Showdown Captain Mode,Sat Aug 08 2026 01:00:00 GMT-0500 (Central Daylight Time),Showdown Captain Mode 8/8 7:10PM (CHC @ KC),10000,43786495,0,0,0,30,,,,,,,,,,,,,,,https://dkn.gs/sports/images/mlb/players/50/706434.png,,,,,,,8/8/2026,,,,,,,,,,,,,,,,,,,,,,,,,,
Ryan Bergert,CPT,KC,Showdown Captain Mode,Sat Aug 08 2026 01:00:00 GMT-0500 (Central Daylight Time),Showdown Captain Mode 8/8 7:10PM (CHC @ KC),15000,43786594,0,0,0,45,,,,,,,,,,,,,,,https://dkn.gs/sports/images/mlb/players/50/776705.png,,,,,,,8/8/2026,,,,,,,,,,,,,,,,,,,,,,,,,,
Ryan Bergert,RP,KC,Showdown Captain Mode,Sat Aug 08 2026 01:00:00 GMT-0500 (Central Daylight Time),Showdown Captain Mode 8/8 7:10PM (CHC @ KC),10000,43786496,0,0,0,30,,,,,,,,,,,,,,,https://dkn.gs/sports/images/mlb/players/50/776705.png,,,,,,,8/8/2026,,,,,,,,,,,,,,,,,,,,,,,,,,
Luinder Avila,CPT,KC,Showdown Captain Mode,Sat Aug 08 2026 01:00:00 GMT-0500 (Central Daylight Time),Showdown Captain Mode 8/8 7:10PM (CHC @ KC),15000,43786595,0,0,0,45,,,,,,,,,,,,,,,https://dkn.gs/sports/images/mlb/players/50/708527.png,,,,,,,8/8/2026,,,,,,,,,,,,,,,,,,,,,,,,,,
Luinder Avila,RP,KC,Showdown Captain Mode,Sat Aug 08 2026 01:00:00 GMT-0500 (Central Daylight Time),Showdown Captain Mode 8/8 7:10PM (CHC @ KC),10000,43786497,0,0,0,30,,,,,,,,,,,,,,,https://dkn.gs/sports/images/mlb/players/50/708527.png,,,,,,,8/8/2026,,,,,,,,,,,,,,,,,,,,,,,,,,
Mitch Spence,CPT,KC,Showdown Captain Mode,Sat Aug 08 2026 01:00:00 GMT-0500 (Central Daylight Time),Showdown Captain Mode 8/8 7:10PM (CHC @ KC),15000,43786596,0,0,0,45,,,,,,,,,,,,,,,https://dkn.gs/sports/images/mlb/players/50/634890.png,,,,,,,8/8/2026,,,,,,,,,,,,,,,,,,,,,,,,,,
Mitch Spence,RP,KC,Showdown Captain Mode,Sat Aug 08 2026 01:00:00 GMT-0500 (Central Daylight Time),Showdown Captain Mode 8/8 7:10PM (CHC @ KC),10000,43786498,0,0,0,30,,,,,,,,,,,,,,,https://dkn.gs/sports/images/mlb/players/50/634890.png,,,,,,,8/8/2026,,,,,,,,,,,,,,,,,,,,,,,,,,
Daniel Lynch IV,CPT,KC,Showdown Captain Mode,Sat Aug 08 2026 01:00:00 GMT-0500 (Central Daylight Time),Showdown Captain Mode 8/8 7:10PM (CHC @ KC),15000,43786597,0,0,0,45,,,,,,,,,,,,,,,https://dkn.gs/sports/images/mlb/players/50/110907.png,,,,,,,8/8/2026,,,,,,,,,,,,,,,,,,,,,,,,,,
Daniel Lynch IV,RP,KC,Showdown Captain Mode,Sat Aug 08 2026 01:00:00 GMT-0500 (Central Daylight Time),Showdown Captain Mode 8/8 7:10PM (CHC @ KC),10000,43786499,0,0,0,30,,,,,,,,,,,,,,,https://dkn.gs/sports/images/mlb/players/50/110907.png,,,,,,,8/8/2026,,,,,,,,,,,,,,,,,,,,,,,,,,
Maikel Garcia,CPT,KC,Showdown Captain Mode,Sat Aug 08 2026 01:00:00 GMT-0500 (Central Daylight Time),Showdown Captain Mode 8/8 7:10PM (CHC @ KC),11100,43786563,0,0,0,33.3,,,,,,,,,,,,,,,https://dkn.gs/sports/images/mlb/players/50/614824.png,,,,,,,8/8/2026,,,,,,,,,,,,,,,,,,,,,,,,,,
Maikel Garcia,3B/SS,KC,Showdown Captain Mode,Sat Aug 08 2026 01:00:00 GMT-0500 (Central Daylight Time),Showdown Captain Mode 8/8 7:10PM (CHC @ KC),7400,43786465,0,0,0,22.2,,,,,,,,,,,,,,,https://dkn.gs/sports/images/mlb/players/50/614824.png,,,,,,,8/8/2026,,,,,,,,,,,,,,,,,,,,,,,,,,
Vinnie Pasquantino,CPT,KC,Showdown Captain Mode,Sat Aug 08 2026 01:00:00 GMT-0500 (Central Daylight Time),Showdown Captain Mode 8/8 7:10PM (CHC @ KC),9900,43786564,0,0,0,29.7,,,,,,,,,,,,,,,https://dkn.gs/sports/images/mlb/players/50/475914.png,,,,,,,8/8/2026,,,,,,,,,,,,,,,,,,,,,,,,,,
Vinnie Pasquantino,1B,KC,Showdown Captain Mode,Sat Aug 08 2026 01:00:00 GMT-0500 (Central Daylight Time),Showdown Captain Mode 8/8 7:10PM (CHC @ KC),6600,43786466,0,0,0,19.8,,,,,,,,,,,,,,,https://dkn.gs/sports/images/mlb/players/50/475914.png,,,,,,,8/8/2026,,,,,,,,,,,,,,,,,,,,,,,,,,
Carson Kelly,CPT,CHC,Showdown Captain Mode,Sat Aug 08 2026 01:00:00 GMT-0500 (Central Daylight Time),Showdown Captain Mode 8/8 7:10PM (CHC @ KC),9300,43786549,0,0,0,27.9,,,,,,,,,,,,,,,https://dkn.gs/sports/images/mlb/players/50/32117.png,,,,,,,8/8/2026,Carson Kelly,KC,2.38,0,12/30/1899,0,0,0,0,0,0,0,,,,,0,0,0,0,Yes,-1.5,9.5,,https://www.freeiconspng.com/img/1934,
Carson Kelly,C,CHC,Showdown Captain Mode,Sat Aug 08 2026 01:00:00 GMT-0500 (Central Daylight Time),Showdown Captain Mode 8/8 7:10PM (CHC @ KC),6200,43786451,0,0,0,18.6,,,,,,,,,,,,,,,https://dkn.gs/sports/images/mlb/players/50/32117.png,,,,,,,8/8/2026,Carson Kelly,KC,2.38,0,12/30/1899,0,0,0,0,0,0,0,,,,,0,0,0,0,Yes,-1.5,9.5,,https://www.freeiconspng.com/img/1934,
Tyler Tolbert,CPT,KC,Showdown Captain Mode,Sat Aug 08 2026 01:00:00 GMT-0500 (Central Daylight Time),Showdown Captain Mode 8/8 7:10PM (CHC @ KC),8100,43786552,0,0,0,24.3,,,,,,,,,,,,,,,https://dkn.gs/sports/images/mlb/players/50/636146.png,,,,,,,8/8/2026,,,,,,,,,,,,,,,,,,,,,,,,,,
Tyler Tolbert,SS,KC,Showdown Captain Mode,Sat Aug 08 2026 01:00:00 GMT-0500 (Central Daylight Time),Showdown Captain Mode 8/8 7:10PM (CHC @ KC),5400,43786454,0,0,0,16.2,,,,,,,,,,,,,,,https://dkn.gs/sports/images/mlb/players/50/636146.png,,,,,,,8/8/2026,,,,,,,,,,,,,,,,,,,,,,,,,,
Tyrone Taylor,CPT,CHC,Showdown Captain Mode,Sat Aug 08 2026 01:00:00 GMT-0500 (Central Daylight Time),Showdown Captain Mode 8/8 7:10PM (CHC @ KC),6900,43786556,0,0,0,20.7,,,,,,,,,,,,,,,https://dkn.gs/sports/images/mlb/players/50/31589.png,,,,,,,8/8/2026,,,,,,,,,,,,,,,,,,,,,,,,,,
Tyrone Taylor,OF,CHC,Showdown Captain Mode,Sat Aug 08 2026 01:00:00 GMT-0500 (Central Daylight Time),Showdown Captain Mode 8/8 7:10PM (CHC @ KC),4600,43786458,0,0,0,13.8,,,,,,,,,,,,,,,https://dkn.gs/sports/images/mlb/players/50/31589.png,,,,,,,8/8/2026,,,,,,,,,,,,,,,,,,,,,,,,,,
James Triantos,CPT,CHC,Showdown Captain Mode,Sat Aug 08 2026 01:00:00 GMT-0500 (Central Daylight Time),Showdown Captain Mode 8/8 7:10PM (CHC @ KC),6000,43786558,0,0,0,18,,,,,,,,,,,,,,,https://dkn.gs/sports/images/mlb/players/50/582172.png,,,,,,,8/8/2026,,,,,,,,,,,,,,,,,,,,,,,,,,
James Triantos,2B/3B,CHC,Showdown Captain Mode,Sat Aug 08 2026 01:00:00 GMT-0500 (Central Daylight Time),Showdown Captain Mode 8/8 7:10PM (CHC @ KC),4000,43786460,0,0,0,12,,,,,,,,,,,,,,,https://dkn.gs/sports/images/mlb/players/50/582172.png,,,,,,,8/8/2026,,,,,,,,,,,,,,,,,,,,,,,,,,
Jonathan India,CPT,KC,Showdown Captain Mode,Sat Aug 08 2026 01:00:00 GMT-0500 (Central Daylight Time),Showdown Captain Mode 8/8 7:10PM (CHC @ KC),6000,43786565,0,0,0,18,,,,,,,,,,,,,,,https://dkn.gs/sports/images/mlb/players/50/111759.png,,,,,,,8/8/2026,,,,,,,,,,,,,,,,,,,,,,,,,,
Jonathan India,2B,KC,Showdown Captain Mode,Sat Aug 08 2026 01:00:00 GMT-0500 (Central Daylight Time),Showdown Captain Mode 8/8 7:10PM (CHC @ KC),4000,43786467,0,0,0,12,,,,,,,,,,,,,,,https://dkn.gs/sports/images/mlb/players/50/111759.png,,,,,,,8/8/2026,,,,,,,,,,,,,,,,,,,,,,,,,,
Eli Morgan,CPT,KC,Showdown Captain Mode,Sat Aug 08 2026 01:00:00 GMT-0500 (Central Daylight Time),Showdown Captain Mode 8/8 7:10PM (CHC @ KC),6000,43786598,0,0,0,18,,,,,,,,,,,,,,,https://dkn.gs/sports/images/mlb/players/50/110764.png,,,,,,,8/8/2026,,,,,,,,,,,,,,,,,,,,,,,,,,
Eli Morgan,RP,KC,Showdown Captain Mode,Sat Aug 08 2026 01:00:00 GMT-0500 (Central Daylight Time),Showdown Captain Mode 8/8 7:10PM (CHC @ KC),4000,43786500,0,0,0,12,,,,,,,,,,,,,,,https://dkn.gs/sports/images/mlb/players/50/110764.png,,,,,,,8/8/2026,,,,,,,,,,,,,,,,,,,,,,,,,,
Riley Martin,CPT,CHC,Showdown Captain Mode,Sat Aug 08 2026 01:00:00 GMT-0500 (Central Daylight Time),Showdown Captain Mode 8/8 7:10PM (CHC @ KC),6000,43786599,0,0,0,18,,,,,,,,,,,,,,,https://dkn.gs/sports/images/mlb/players/50/779665.png,,,,,,,8/8/2026,,,,,,,,,,,,,,,,,,,,,,,,,,
Riley Martin,RP,CHC,Showdown Captain Mode,Sat Aug 08 2026 01:00:00 GMT-0500 (Central Daylight Time),Showdown Captain Mode 8/8 7:10PM (CHC @ KC),4000,43786501,0,0,0,12,,,,,,,,,,,,,,,https://dkn.gs/sports/images/mlb/players/50/779665.png,,,,,,,8/8/2026,,,,,,,,,,,,,,,,,,,,,,,,,,
Carlos Estevez,CPT,KC,Showdown Captain Mode,Sat Aug 08 2026 01:00:00 GMT-0500 (Central Daylight Time),Showdown Captain Mode 8/8 7:10PM (CHC @ KC),6000,43786600,0,0,0,18,,,,,,,,,,,,,,,https://dkn.gs/sports/images/mlb/players/50/32618.png,,,,,,,8/8/2026,,,,,,,,,,,,,,,,,,,,,,,,,,
Carlos Estevez,RP,KC,Showdown Captain Mode,Sat Aug 08 2026 01:00:00 GMT-0500 (Central Daylight Time),Showdown Captain Mode 8/8 7:10PM (CHC @ KC),4000,43786502,0,0,0,12,,,,,,,,,,,,,,,https://dkn.gs/sports/images/mlb/players/50/32618.png,,,,,,,8/8/2026,,,,,,,,,,,,,,,,,,,,,,,,,,
Nick Mears,CPT,KC,Showdown Captain Mode,Sat Aug 08 2026 01:00:00 GMT-0500 (Central Daylight Time),Showdown Captain Mode 8/8 7:10PM (CHC @ KC),6000,43786601,0,0,0,18,,,,,,,,,,,,,,,https://dkn.gs/sports/images/mlb/players/50/476653.png,,,,,,,8/8/2026,,,,,,,,,,,,,,,,,,,,,,,,,,
Nick Mears,RP,KC,Showdown Captain Mode,Sat Aug 08 2026 01:00:00 GMT-0500 (Central Daylight Time),Showdown Captain Mode 8/8 7:10PM (CHC @ KC),4000,43786503,0,0,0,12,,,,,,,,,,,,,,,https://dkn.gs/sports/images/mlb/players/50/476653.png,,,,,,,8/8/2026,,,,,,,,,,,,,,,,,,,,,,,,,,
Ryan Rolison,CPT,CHC,Showdown Captain Mode,Sat Aug 08 2026 01:00:00 GMT-0500 (Central Daylight Time),Showdown Captain Mode 8/8 7:10PM (CHC @ KC),6000,43786602,0,0,0,18,,,,,,,,,,,,,,,https://dkn.gs/sports/images/mlb/players/50/112497.png,,,,,,,8/8/2026,,,,,,,,,,,,,,,,,,,,,,,,,,
Ryan Rolison,RP,CHC,Showdown Captain Mode,Sat Aug 08 2026 01:00:00 GMT-0500 (Central Daylight Time),Showdown Captain Mode 8/8 7:10PM (CHC @ KC),4000,43786504,0,0,0,12,,,,,,,,,,,,,,,https://dkn.gs/sports/images/mlb/players/50/112497.png,,,,,,,8/8/2026,,,,,,,,,,,,,,,,,,,,,,,,,,
Gavin Hollowell,CPT,CHC,Showdown Captain Mode,Sat Aug 08 2026 01:00:00 GMT-0500 (Central Daylight Time),Showdown Captain Mode 8/8 7:10PM (CHC @ KC),6000,43786603,0,0,0,18,,,,,,,,,,,,,,,https://dkn.gs/sports/images/mlb/players/50/635368.png,,,,,,,8/8/2026,,,,,,,,,,,,,,,,,,,,,,,,,,
Gavin Hollowell,RP,CHC,Showdown Captain Mode,Sat Aug 08 2026 01:00:00 GMT-0500 (Central Daylight Time),Showdown Captain Mode 8/8 7:10PM (CHC @ KC),4000,43786505,0,0,0,12,,,,,,,,,,,,,,,https://dkn.gs/sports/images/mlb/players/50/635368.png,,,,,,,8/8/2026,,,,,,,,,,,,,,,,,,,,,,,,,,
Beck Way,CPT,KC,Showdown Captain Mode,Sat Aug 08 2026 01:00:00 GMT-0500 (Central Daylight Time),Showdown Captain Mode 8/8 7:10PM (CHC @ KC),6000,43786604,0,0,0,18,,,,,,,,,,,,,,,https://dkn.gs/sports/images/mlb/players/50/501848.png,,,,,,,8/8/2026,,,,,,,,,,,,,,,,,,,,,,,,,,
Beck Way,RP,KC,Showdown Captain Mode,Sat Aug 08 2026 01:00:00 GMT-0500 (Central Daylight Time),Showdown Captain Mode 8/8 7:10PM (CHC @ KC),4000,43786506,0,0,0,12,,,,,,,,,,,,,,,https://dkn.gs/sports/images/mlb/players/50/501848.png,,,,,,,8/8/2026,,,,,,,,,,,,,,,,,,,,,,,,,,
Aaron Bummer,CPT,KC,Showdown Captain Mode,Sat Aug 08 2026 01:00:00 GMT-0500 (Central Daylight Time),Showdown Captain Mode 8/8 7:10PM (CHC @ KC),6000,43786605,0,0,0,18,,,,,,,,,,,,,,,https://dkn.gs/sports/images/mlb/players/50/31651.png,,,,,,,8/8/2026,,,,,,,,,,,,,,,,,,,,,,,,,,
Aaron Bummer,RP,KC,Showdown Captain Mode,Sat Aug 08 2026 01:00:00 GMT-0500 (Central Daylight Time),Showdown Captain Mode 8/8 7:10PM (CHC @ KC),4000,43786507,0,0,0,12,,,,,,,,,,,,,,,https://dkn.gs/sports/images/mlb/players/50/31651.png,,,,,,,8/8/2026,,,,,,,,,,,,,,,,,,,,,,,,,,
Connor Seabold,CPT,KC,Showdown Captain Mode,Sat Aug 08 2026 01:00:00 GMT-0500 (Central Daylight Time),Showdown Captain Mode 8/8 7:10PM (CHC @ KC),6000,43786606,0,0,0,18,,,,,,,,,,,,,,,https://dkn.gs/sports/images/mlb/players/50/112142.png,,,,,,,8/8/2026,,,,,,,,,,,,,,,,,,,,,,,,,,
Connor Seabold,RP,KC,Showdown Captain Mode,Sat Aug 08 2026 01:00:00 GMT-0500 (Central Daylight Time),Showdown Captain Mode 8/8 7:10PM (CHC @ KC),4000,43786508,0,0,0,12,,,,,,,,,,,,,,,https://dkn.gs/sports/images/mlb/players/50/112142.png,,,,,,,8/8/2026,,,,,,,,,,,,,,,,,,,,,,,,,,
Hunter Harvey,CPT,CHC,Showdown Captain Mode,Sat Aug 08 2026 01:00:00 GMT-0500 (Central Daylight Time),Showdown Captain Mode 8/8 7:10PM (CHC @ KC),6000,43786607,0,0,0,18,,,,,,,,,,,,,,,https://dkn.gs/sports/images/mlb/players/50/31398.png,,,,,,,8/8/2026,,,,,,,,,,,,,,,,,,,,,,,,,,
Hunter Harvey,RP,CHC,Showdown Captain Mode,Sat Aug 08 2026 01:00:00 GMT-0500 (Central Daylight Time),Showdown Captain Mode 8/8 7:10PM (CHC @ KC),4000,43786509,0,0,0,12,,,,,,,,,,,,,,,https://dkn.gs/sports/images/mlb/players/50/31398.png,,,,,,,8/8/2026,,,,,,,,,,,,,,,,,,,,,,,,,,
Nolan Hoffman,CPT,KC,Showdown Captain Mode,Sat Aug 08 2026 01:00:00 GMT-0500 (Central Daylight Time),Showdown Captain Mode 8/8 7:10PM (CHC @ KC),6000,43786608,0,0,0,18,,,,,,,,,,,,,,,https://dkn.gs/sports/images/mlb/players/50/698888.png,,,,,,,8/8/2026,,,,,,,,,,,,,,,,,,,,,,,,,,
Nolan Hoffman,RP,KC,Showdown Captain Mode,Sat Aug 08 2026 01:00:00 GMT-0500 (Central Daylight Time),Showdown Captain Mode 8/8 7:10PM (CHC @ KC),4000,43786510,0,0,0,12,,,,,,,,,,,,,,,https://dkn.gs/sports/images/mlb/players/50/698888.png,,,,,,,8/8/2026,,,,,,,,,,,,,,,,,,,,,,,,,,
Lucas Erceg,CPT,KC,Showdown Captain Mode,Sat Aug 08 2026 01:00:00 GMT-0500 (Central Daylight Time),Showdown Captain Mode 8/8 7:10PM (CHC @ KC),6000,43786609,0,0,0,18,,,,,,,,,,,,,,,https://dkn.gs/sports/images/mlb/players/50/110962.png,,,,,,,8/8/2026,,,,,,,,,,,,,,,,,,,,,,,,,,
Lucas Erceg,RP,KC,Showdown Captain Mode,Sat Aug 08 2026 01:00:00 GMT-0500 (Central Daylight Time),Showdown Captain Mode 8/8 7:10PM (CHC @ KC),4000,43786511,0,0,0,12,,,,,,,,,,,,,,,https://dkn.gs/sports/images/mlb/players/50/110962.png,,,,,,,8/8/2026,,,,,,,,,,,,,,,,,,,,,,,,,,
Nate Pearson,CPT,KC,Showdown Captain Mode,Sat Aug 08 2026 01:00:00 GMT-0500 (Central Daylight Time),Showdown Captain Mode 8/8 7:10PM (CHC @ KC),6000,43786610,0,0,0,18,,,,,,,,,,,,,,,https://dkn.gs/sports/images/mlb/players/50/111474.png,,,,,,,8/8/2026,,,,,,,,,,,,,,,,,,,,,,,,,,
Nate Pearson,RP,KC,Showdown Captain Mode,Sat Aug 08 2026 01:00:00 GMT-0500 (Central Daylight Time),Showdown Captain Mode 8/8 7:10PM (CHC @ KC),4000,43786512,0,0,0,12,,,,,,,,,,,,,,,https://dkn.gs/sports/images/mlb/players/50/111474.png,,,,,,,8/8/2026,,,,,,,,,,,,,,,,,,,,,,,,,,
Trent Thornton,CPT,CHC,Showdown Captain Mode,Sat Aug 08 2026 01:00:00 GMT-0500 (Central Daylight Time),Showdown Captain Mode 8/8 7:10PM (CHC @ KC),6000,43786611,0,0,0,18,,,,,,,,,,,,,,,https://dkn.gs/sports/images/mlb/players/50/32024.png,,,,,,,8/8/2026,,,,,,,,,,,,,,,,,,,,,,,,,,
Trent Thornton,RP,CHC,Showdown Captain Mode,Sat Aug 08 2026 01:00:00 GMT-0500 (Central Daylight Time),Showdown Captain Mode 8/8 7:10PM (CHC @ KC),4000,43786513,0,0,0,12,,,,,,,,,,,,,,,https://dkn.gs/sports/images/mlb/players/50/32024.png,,,,,,,8/8/2026,,,,,,,,,,,,,,,,,,,,,,,,,,
Luke Little,CPT,KC,Showdown Captain Mode,Sat Aug 08 2026 01:00:00 GMT-0500 (Central Daylight Time),Showdown Captain Mode 8/8 7:10PM (CHC @ KC),6000,43786612,0,0,0,18,,,,,,,,,,,,,,,https://dkn.gs/sports/images/mlb/players/50/736217.png,,,,,,,8/8/2026,,,,,,,,,,,,,,,,,,,,,,,,,,
Luke Little,RP,KC,Showdown Captain Mode,Sat Aug 08 2026 01:00:00 GMT-0500 (Central Daylight Time),Showdown Captain Mode 8/8 7:10PM (CHC @ KC),4000,43786514,0,0,0,12,,,,,,,,,,,,,,,https://dkn.gs/sports/images/mlb/players/50/736217.png,,,,,,,8/8/2026,,,,,,,,,,,,,,,,,,,,,,,,,,
Phil Maton,CPT,CHC,Showdown Captain Mode,Sat Aug 08 2026 01:00:00 GMT-0500 (Central Daylight Time),Showdown Captain Mode 8/8 7:10PM (CHC @ KC),6000,43786613,0,0,0,18,,,,,,,,,,,,,,,https://dkn.gs/sports/images/mlb/players/50/31776.png,,,,,,,8/8/2026,,,,,,,,,,,,,,,,,,,,,,,,,,
Phil Maton,RP,CHC,Showdown Captain Mode,Sat Aug 08 2026 01:00:00 GMT-0500 (Central Daylight Time),Showdown Captain Mode 8/8 7:10PM (CHC @ KC),4000,43786515,0,0,0,12,,,,,,,,,,,,,,,https://dkn.gs/sports/images/mlb/players/50/31776.png,,,,,,,8/8/2026,,,,,,,,,,,,,,,,,,,,,,,,,,
Alex Lange,CPT,KC,Showdown Captain Mode,Sat Aug 08 2026 01:00:00 GMT-0500 (Central Daylight Time),Showdown Captain Mode 8/8 7:10PM (CHC @ KC),6000,43786614,0,0,0,18,,,,,,,,,,,,,,,https://dkn.gs/sports/images/mlb/players/50/111674.png,,,,,,,8/8/2026,,,,,,,,,,,,,,,,,,,,,,,,,,
Alex Lange,RP,KC,Showdown Captain Mode,Sat Aug 08 2026 01:00:00 GMT-0500 (Central Daylight Time),Showdown Captain Mode 8/8 7:10PM (CHC @ KC),4000,43786516,0,0,0,12,,,,,,,,,,,,,,,https://dkn.gs/sports/images/mlb/players/50/111674.png,,,,,,,8/8/2026,,,,,,,,,,,,,,,,,,,,,,,,,,
Porter Hodge,CPT,CHC,Showdown Captain Mode,Sat Aug 08 2026 01:00:00 GMT-0500 (Central Daylight Time),Showdown Captain Mode 8/8 7:10PM (CHC @ KC),6000,43786615,0,0,0,18,,,,,,,,,,,,,,,https://dkn.gs/sports/images/mlb/players/50/694409.png,,,,,,,8/8/2026,,,,,,,,,,,,,,,,,,,,,,,,,,
Porter Hodge,RP,CHC,Showdown Captain Mode,Sat Aug 08 2026 01:00:00 GMT-0500 (Central Daylight Time),Showdown Captain Mode 8/8 7:10PM (CHC @ KC),4000,43786517,0,0,0,12,,,,,,,,,,,,,,,https://dkn.gs/sports/images/mlb/players/50/694409.png,,,,,,,8/8/2026,,,,,,,,,,,,,,,,,,,,,,,,,,
John Schreiber,CPT,KC,Showdown Captain Mode,Sat Aug 08 2026 01:00:00 GMT-0500 (Central Daylight Time),Showdown Captain Mode 8/8 7:10PM (CHC @ KC),6000,43786616,0,0,0,18,,,,,,,,,,,,,,,https://dkn.gs/sports/images/mlb/players/50/31936.png,,,,,,,8/8/2026,,,,,,,,,,,,,,,,,,,,,,,,,,
John Schreiber,RP,KC,Showdown Captain Mode,Sat Aug 08 2026 01:00:00 GMT-0500 (Central Daylight Time),Showdown Captain Mode 8/8 7:10PM (CHC @ KC),4000,43786518,0,0,0,12,,,,,,,,,,,,,,,https://dkn.gs/sports/images/mlb/players/50/31936.png,,,,,,,8/8/2026,,,,,,,,,,,,,,,,,,,,,,,,,,
Shelby Miller,CPT,CHC,Showdown Captain Mode,Sat Aug 08 2026 01:00:00 GMT-0500 (Central Daylight Time),Showdown Captain Mode 8/8 7:10PM (CHC @ KC),6000,43786617,0,0,0,18,,,,,,,,,,,,,,,https://dkn.gs/sports/images/mlb/players/50/31516.png,,,,,,,8/8/2026,,,,,,,,,,,,,,,,,,,,,,,,,,
Shelby Miller,RP,CHC,Showdown Captain Mode,Sat Aug 08 2026 01:00:00 GMT-0500 (Central Daylight Time),Showdown Captain Mode 8/8 7:10PM (CHC @ KC),4000,43786519,0,0,0,12,,,,,,,,,,,,,,,https://dkn.gs/sports/images/mlb/players/50/31516.png,,,,,,,8/8/2026,,,,,,,,,,,,,,,,,,,,,,,,,,
Caleb Thielbar,CPT,CHC,Showdown Captain Mode,Sat Aug 08 2026 01:00:00 GMT-0500 (Central Daylight Time),Showdown Captain Mode 8/8 7:10PM (CHC @ KC),6000,43786618,0,0,0,18,,,,,,,,,,,,,,,https://dkn.gs/sports/images/mlb/players/50/112323.png,,,,,,,8/8/2026,,,,,,,,,,,,,,,,,,,,,,,,,,
Caleb Thielbar,RP,CHC,Showdown Captain Mode,Sat Aug 08 2026 01:00:00 GMT-0500 (Central Daylight Time),Showdown Captain Mode 8/8 7:10PM (CHC @ KC),4000,43786520,0,0,0,12,,,,,,,,,,,,,,,https://dkn.gs/sports/images/mlb/players/50/112323.png,,,,,,,8/8/2026,,,,,,,,,,,,,,,,,,,,,,,,,,
Hoby Milner,CPT,CHC,Showdown Captain Mode,Sat Aug 08 2026 01:00:00 GMT-0500 (Central Daylight Time),Showdown Captain Mode 8/8 7:10PM (CHC @ KC),6000,43786619,0,0,0,18,,,,,,,,,,,,,,,https://dkn.gs/sports/images/mlb/players/50/31722.png,,,,,,,8/8/2026,,,,,,,,,,,,,,,,,,,,,,,,,,
Hoby Milner,RP,CHC,Showdown Captain Mode,Sat Aug 08 2026 01:00:00 GMT-0500 (Central Daylight Time),Showdown Captain Mode 8/8 7:10PM (CHC @ KC),4000,43786521,0,0,0,12,,,,,,,,,,,,,,,https://dkn.gs/sports/images/mlb/players/50/31722.png,,,,,,,8/8/2026,,,,,,,,,,,,,,,,,,,,,,,,,,
Jayden Murray,CPT,CHC,Showdown Captain Mode,Sat Aug 08 2026 01:00:00 GMT-0500 (Central Daylight Time),Showdown Captain Mode 8/8 7:10PM (CHC @ KC),6000,43786620,0,0,0,18,,,,,,,,,,,,,,,https://dkn.gs/sports/images/mlb/players/50/659494.png,,,,,,,8/8/2026,,,,,,,,,,,,,,,,,,,,,,,,,,
Jayden Murray,RP,CHC,Showdown Captain Mode,Sat Aug 08 2026 01:00:00 GMT-0500 (Central Daylight Time),Showdown Captain Mode 8/8 7:10PM (CHC @ KC),4000,43786522,0,0,0,12,,,,,,,,,,,,,,,https://dkn.gs/sports/images/mlb/players/50/659494.png,,,,,,,8/8/2026,,,,,,,,,,,,,,,,,,,,,,,,,,
Carlos Duran,CPT,KC,Showdown Captain Mode,Sat Aug 08 2026 01:00:00 GMT-0500 (Central Daylight Time),Showdown Captain Mode 8/8 7:10PM (CHC @ KC),6000,43786621,0,0,0,18,,,,,,,,,,,,,,,https://dkn.gs/sports/images/mlb/players/50/626032.png,,,,,,,8/8/2026,,,,,,,,,,,,,,,,,,,,,,,,,,
Carlos Duran,RP,KC,Showdown Captain Mode,Sat Aug 08 2026 01:00:00 GMT-0500 (Central Daylight Time),Showdown Captain Mode 8/8 7:10PM (CHC @ KC),4000,43786523,0,0,0,12,,,,,,,,,,,,,,,https://dkn.gs/sports/images/mlb/players/50/626032.png,,,,,,,8/8/2026,,,,,,,,,,,,,,,,,,,,,,,,,,
Daniel Palencia,CPT,CHC,Showdown Captain Mode,Sat Aug 08 2026 01:00:00 GMT-0500 (Central Daylight Time),Showdown Captain Mode 8/8 7:10PM (CHC @ KC),6000,43786622,0,0,0,18,,,,,,,,,,,,,,,https://dkn.gs/sports/images/mlb/players/50/634740.png,,,,,,,8/8/2026,,,,,,,,,,,,,,,,,,,,,,,,,,
Daniel Palencia,RP,CHC,Showdown Captain Mode,Sat Aug 08 2026 01:00:00 GMT-0500 (Central Daylight Time),Showdown Captain Mode 8/8 7:10PM (CHC @ KC),4000,43786524,0,0,0,12,,,,,,,,,,,,,,,https://dkn.gs/sports/images/mlb/players/50/634740.png,,,,,,,8/8/2026,,,,,,,,,,,,,,,,,,,,,,,,,,
Jose Cuas,CPT,KC,Showdown Captain Mode,Sat Aug 08 2026 01:00:00 GMT-0500 (Central Daylight Time),Showdown Captain Mode 8/8 7:10PM (CHC @ KC),6000,43786623,0,0,0,18,,,,,,,,,,,,,,,https://dkn.gs/sports/images/mlb/players/50/634932.png,,,,,,,8/8/2026,,,,,,,,,,,,,,,,,,,,,,,,,,
Jose Cuas,RP,KC,Showdown Captain Mode,Sat Aug 08 2026 01:00:00 GMT-0500 (Central Daylight Time),Showdown Captain Mode 8/8 7:10PM (CHC @ KC),4000,43786525,0,0,0,12,,,,,,,,,,,,,,,https://dkn.gs/sports/images/mlb/players/50/634932.png,,,,,,,8/8/2026,,,,,,,,,,,,,,,,,,,,,,,,,,
Steven Cruz,CPT,KC,Showdown Captain Mode,Sat Aug 08 2026 01:00:00 GMT-0500 (Central Daylight Time),Showdown Captain Mode 8/8 7:10PM (CHC @ KC),6000,43786624,0,0,0,18,,,,,,,,,,,,,,,https://dkn.gs/sports/images/mlb/players/50/637082.png,,,,,,,8/8/2026,,,,,,,,,,,,,,,,,,,,,,,,,,
Steven Cruz,RP,KC,Showdown Captain Mode,Sat Aug 08 2026 01:00:00 GMT-0500 (Central Daylight Time),Showdown Captain Mode 8/8 7:10PM (CHC @ KC),4000,43786526,0,0,0,12,,,,,,,,,,,,,,,https://dkn.gs/sports/images/mlb/players/50/637082.png,,,,,,,8/8/2026,,,,,,,,,,,,,,,,,,,,,,,,,,
Ryan Zeferjahn,CPT,CHC,Showdown Captain Mode,Sat Aug 08 2026 01:00:00 GMT-0500 (Central Daylight Time),Showdown Captain Mode 8/8 7:10PM (CHC @ KC),6000,43786625,0,0,0,18,,,,,,,,,,,,,,,https://dkn.gs/sports/images/mlb/players/50/698885.png,,,,,,,8/8/2026,,,,,,,,,,,,,,,,,,,,,,,,,,
Ryan Zeferjahn,RP,CHC,Showdown Captain Mode,Sat Aug 08 2026 01:00:00 GMT-0500 (Central Daylight Time),Showdown Captain Mode 8/8 7:10PM (CHC @ KC),4000,43786527,0,0,0,12,,,,,,,,,,,,,,,https://dkn.gs/sports/images/mlb/players/50/698885.png,,,,,,,8/8/2026,,,,,,,,,,,,,,,,,,,,,,,,,,
Easton McGee,CPT,KC,Showdown Captain Mode,Sat Aug 08 2026 01:00:00 GMT-0500 (Central Daylight Time),Showdown Captain Mode 8/8 7:10PM (CHC @ KC),6000,43786626,0,0,0,18,,,,,,,,,,,,,,,https://dkn.gs/sports/images/mlb/players/50/678083.png,,,,,,,8/8/2026,,,,,,,,,,,,,,,,,,,,,,,,,,
Easton McGee,RP,KC,Showdown Captain Mode,Sat Aug 08 2026 01:00:00 GMT-0500 (Central Daylight Time),Showdown Captain Mode 8/8 7:10PM (CHC @ KC),4000,43786528,0,0,0,12,,,,,,,,,,,,,,,https://dkn.gs/sports/images/mlb/players/50/678083.png,,,,,,,8/8/2026,,,,,,,,,,,,,,,,,,,,,,,,,,
Tyler Ferguson,CPT,CHC,Showdown Captain Mode,Sat Aug 08 2026 01:00:00 GMT-0500 (Central Daylight Time),Showdown Captain Mode 8/8 7:10PM (CHC @ KC),6000,43786627,0,0,0,18,,,,,,,,,,,,,,,https://dkn.gs/sports/images/mlb/players/50/476356.png,,,,,,,8/8/2026,,,,,,,,,,,,,,,,,,,,,,,,,,
Tyler Ferguson,RP,CHC,Showdown Captain Mode,Sat Aug 08 2026 01:00:00 GMT-0500 (Central Daylight Time),Showdown Captain Mode 8/8 7:10PM (CHC @ KC),4000,43786529,0,0,0,12,,,,,,,,,,,,,,,https://dkn.gs/sports/images/mlb/players/50/476356.png,,,,,,,8/8/2026,,,,,,,,,,,,,,,,,,,,,,,,,,
Jacob Webb,CPT,CHC,Showdown Captain Mode,Sat Aug 08 2026 01:00:00 GMT-0500 (Central Daylight Time),Showdown Captain Mode 8/8 7:10PM (CHC @ KC),6000,43786628,0,0,0,18,,,,,,,,,,,,,,,https://dkn.gs/sports/images/mlb/players/50/32279.png,,,,,,,8/8/2026,,,,,,,,,,,,,,,,,,,,,,,,,,
Jacob Webb,RP,CHC,Showdown Captain Mode,Sat Aug 08 2026 01:00:00 GMT-0500 (Central Daylight Time),Showdown Captain Mode 8/8 7:10PM (CHC @ KC),4000,43786530,0,0,0,12,,,,,,,,,,,,,,,https://dkn.gs/sports/images/mlb/players/50/32279.png,,,,,,,8/8/2026,,,,,,,,,,,,,,,,,,,,,,,,,,
Antoine Kelly,CPT,CHC,Showdown Captain Mode,Sat Aug 08 2026 01:00:00 GMT-0500 (Central Daylight Time),Showdown Captain Mode 8/8 7:10PM (CHC @ KC),6000,43786629,0,0,0,18,,,,,,,,,,,,,,,https://dkn.gs/sports/images/mlb/players/50/459819.png,,,,,,,8/8/2026,,,,,,,,,,,,,,,,,,,,,,,,,,
Antoine Kelly,RP,CHC,Showdown Captain Mode,Sat Aug 08 2026 01:00:00 GMT-0500 (Central Daylight Time),Showdown Captain Mode 8/8 7:10PM (CHC @ KC),4000,43786531,0,0,0,12,,,,,,,,,,,,,,,https://dkn.gs/sports/images/mlb/players/50/459819.png,,,,,,,8/8/2026,,,,,,,,,,,,,,,,,,,,,,,,,,
Steven Zobac,CPT,KC,Showdown Captain Mode,Sat Aug 08 2026 01:00:00 GMT-0500 (Central Daylight Time),Showdown Captain Mode 8/8 7:10PM (CHC @ KC),6000,43786630,0,0,0,18,,,,,,,,,,,,,,,https://dkn.gs/sports/images/mlb/players/50/708528.png,,,,,,,8/8/2026,,,,,,,,,,,,,,,,,,,,,,,,,,
Steven Zobac,SP,KC,Showdown Captain Mode,Sat Aug 08 2026 01:00:00 GMT-0500 (Central Daylight Time),Showdown Captain Mode 8/8 7:10PM (CHC @ KC),4000,43786532,0,0,0,12,,,,,,,,,,,,,,,https://dkn.gs/sports/images/mlb/players/50/708528.png,,,,,,,8/8/2026,,,,,,,,,,,,,,,,,,,,,,,,,,
James McArthur,CPT,KC,Showdown Captain Mode,Sat Aug 08 2026 01:00:00 GMT-0500 (Central Daylight Time),Showdown Captain Mode 8/8 7:10PM (CHC @ KC),6000,43786631,0,0,0,18,,,,,,,,,,,,,,,https://dkn.gs/sports/images/mlb/players/50/556249.png,,,,,,,8/8/2026,,,,,,,,,,,,,,,,,,,,,,,,,,
James McArthur,RP,KC,Showdown Captain Mode,Sat Aug 08 2026 01:00:00 GMT-0500 (Central Daylight Time),Showdown Captain Mode 8/8 7:10PM (CHC @ KC),4000,43786533,0,0,0,12,,,,,,,,,,,,,,,https://dkn.gs/sports/images/mlb/players/50/556249.png,,,,,,,8/8/2026,,,,,,,,,,,,,,,,,,,,,,,,,,
Tyler Beede,CPT,CHC,Showdown Captain Mode,Sat Aug 08 2026 01:00:00 GMT-0500 (Central Daylight Time),Showdown Captain Mode 8/8 7:10PM (CHC @ KC),6000,43786632,0,0,0,18,,,,,,,,,,,,,,,https://dkn.gs/sports/images/mlb/players/50/32719.png,,,,,,,8/8/2026,,,,,,,,,,,,,,,,,,,,,,,,,,
Tyler Beede,RP,CHC,Showdown Captain Mode,Sat Aug 08 2026 01:00:00 GMT-0500 (Central Daylight Time),Showdown Captain Mode 8/8 7:10PM (CHC @ KC),4000,43786534,0,0,0,12,,,,,,,,,,,,,,,https://dkn.gs/sports/images/mlb/players/50/32719.png,,,,,,,8/8/2026,,,,,,,,,,,,,,,,,,,,,,,,,,
Luke Maile,CPT,KC,Showdown Captain Mode,Sat Aug 08 2026 01:00:00 GMT-0500 (Central Daylight Time),Showdown Captain Mode 8/8 7:10PM (CHC @ KC),5700,43786559,0,0,0,17.1,,,,,,,,,,,,,,,https://dkn.gs/sports/images/mlb/players/50/31955.png,,,,,,,8/8/2026,,,,,,,,,,,,,,,,,,,,,,,,,,
Luke Maile,C,KC,Showdown Captain Mode,Sat Aug 08 2026 01:00:00 GMT-0500 (Central Daylight Time),Showdown Captain Mode 8/8 7:10PM (CHC @ KC),3800,43786461,0,0,0,11.4,,,,,,,,,,,,,,,https://dkn.gs/sports/images/mlb/players/50/31955.png,,,,,,,8/8/2026,,,,,,,,,,,,,,,,,,,,,,,,,,
Matt Shaw,CPT,CHC,Showdown Captain Mode,Sat Aug 08 2026 01:00:00 GMT-0500 (Central Daylight Time),Showdown Captain Mode 8/8 7:10PM (CHC @ KC),5400,43786566,0,0,0,16.2,,,,,,,,,,,,,,,https://dkn.gs/sports/images/mlb/players/50/721198.png,,,,,,,8/8/2026,,,,,,,,,,,,,,,,,,,,,,,,,,
Matt Shaw,OF,CHC,Showdown Captain Mode,Sat Aug 08 2026 01:00:00 GMT-0500 (Central Daylight Time),Showdown Captain Mode 8/8 7:10PM (CHC @ KC),3600,43786468,0,0,0,10.8,,,,,,,,,,,,,,,https://dkn.gs/sports/images/mlb/players/50/721198.png,,,,,,,8/8/2026,,,,,,,,,,,,,,,,,,,,,,,,,,
Starling Marte,CPT,KC,Showdown Captain Mode,Sat Aug 08 2026 01:00:00 GMT-0500 (Central Daylight Time),Showdown Captain Mode 8/8 7:10PM (CHC @ KC),5100,43786561,0,0,0,15.3,,,,,,,,,,,,,,,https://dkn.gs/sports/images/mlb/players/50/32141.png,,,,,,,8/8/2026,,,,,,,,,,,,,,,,,,,,,,,,,,
Starling Marte,OF,KC,Showdown Captain Mode,Sat Aug 08 2026 01:00:00 GMT-0500 (Central Daylight Time),Showdown Captain Mode 8/8 7:10PM (CHC @ KC),3400,43786463,0,0,0,10.2,,,,,,,,,,,,,,,https://dkn.gs/sports/images/mlb/players/50/32141.png,,,,,,,8/8/2026,,,,,,,,,,,,,,,,,,,,,,,,,,
Justin Dean,CPT,CHC,Showdown Captain Mode,Sat Aug 08 2026 01:00:00 GMT-0500 (Central Daylight Time),Showdown Captain Mode 8/8 7:10PM (CHC @ KC),4500,43786567,0,0,0,13.5,,,,,,,,,,,,,,,https://dkn.gs/sports/images/mlb/players/50/459718.png,,,,,,,8/8/2026,,,,,,,,,,,,,,,,,,,,,,,,,,
Justin Dean,OF,CHC,Showdown Captain Mode,Sat Aug 08 2026 01:00:00 GMT-0500 (Central Daylight Time),Showdown Captain Mode 8/8 7:10PM (CHC @ KC),3000,43786469,0,0,0,9,,,,,,,,,,,,,,,https://dkn.gs/sports/images/mlb/players/50/459718.png,,,,,,,8/8/2026,,,,,,,,,,,,,,,,,,,,,,,,,,
Matthew Lugo,CPT,KC,Showdown Captain Mode,Sat Aug 08 2026 01:00:00 GMT-0500 (Central Daylight Time),Showdown Captain Mode 8/8 7:10PM (CHC @ KC),4500,43786568,0,0,0,13.5,,,,,,,,,,,,,,,https://dkn.gs/sports/images/mlb/players/50/459742.png,,,,,,,8/8/2026,,,,,,,,,,,,,,,,,,,,,,,,,,
Matthew Lugo,OF,KC,Showdown Captain Mode,Sat Aug 08 2026 01:00:00 GMT-0500 (Central Daylight Time),Showdown Captain Mode 8/8 7:10PM (CHC @ KC),3000,43786470,0,0,0,9,,,,,,,,,,,,,,,https://dkn.gs/sports/images/mlb/players/50/459742.png,,,,,,,8/8/2026,,,,,,,,,,,,,,,,,,,,,,,,,,
Tyler Austin,CPT,CHC,Showdown Captain Mode,Sat Aug 08 2026 01:00:00 GMT-0500 (Central Daylight Time),Showdown Captain Mode 8/8 7:10PM (CHC @ KC),4500,43786569,0,0,0,13.5,,,,,,,,,,,,,,,https://dkn.gs/sports/images/mlb/players/50/31545.png,,,,,,,8/8/2026,,,,,,,,,,,,,,,,,,,,,,,,,,
Tyler Austin,1B/OF,CHC,Showdown Captain Mode,Sat Aug 08 2026 01:00:00 GMT-0500 (Central Daylight Time),Showdown Captain Mode 8/8 7:10PM (CHC @ KC),3000,43786471,0,0,0,9,,,,,,,,,,,,,,,https://dkn.gs/sports/images/mlb/players/50/31545.png,,,,,,,8/8/2026,,,,,,,,,,,,,,,,,,,,,,,,,,
Kevin Alcantara,CPT,CHC,Showdown Captain Mode,Sat Aug 08 2026 01:00:00 GMT-0500 (Central Daylight Time),Showdown Captain Mode 8/8 7:10PM (CHC @ KC),4500,43786570,0,0,0,13.5,,,,,,,,,,,,,,,https://dkn.gs/sports/images/mlb/players/50/459839.png,,,,,,,8/8/2026,,,,,,,,,,,,,,,,,,,,,,,,,,
Kevin Alcantara,OF,CHC,Showdown Captain Mode,Sat Aug 08 2026 01:00:00 GMT-0500 (Central Daylight Time),Showdown Captain Mode 8/8 7:10PM (CHC @ KC),3000,43786472,0,0,0,9,,,,,,,,,,,,,,,https://dkn.gs/sports/images/mlb/players/50/459839.png,,,,,,,8/8/2026,,,,,,,,,,,,,,,,,,,,,,,,,,
Tarik Skubal,SP,LAD,Night,Sat Aug 08 2026 01:00:00 GMT-0500 (Central Daylight Time),"Night 8/8 8:10PM, 2 Games",10900,43788712,0,0,0,32.7,,,,,,,,,,,,,,,https://dkn.gs/sports/images/mlb/players/50/459787.png,,,,,,,8/8/2026,,,,,,,,,,,,,,,,,,,,,,,,,,
Tyler Glasnow,SP,LAD,Night,Sat Aug 08 2026 01:00:00 GMT-0500 (Central Daylight Time),"Night 8/8 8:10PM, 2 Games",10600,43788624,0,0,0,31.8,,,,,,,,,,,,,,,https://dkn.gs/sports/images/mlb/players/50/31670.png,,,,,,,8/8/2026,,,,,,,,,,,,,,,,,,,,,,,,,,
Logan Gilbert,SP,SEA,Night,Sat Aug 08 2026 01:00:00 GMT-0500 (Central Daylight Time),"Night 8/8 8:10PM, 2 Games",10200,43788709,0,0,0,30.6,,,,,,,,,,,,,,,https://dkn.gs/sports/images/mlb/players/50/111248.png,,,,,,,8/8/2026,,,,,,,,,,,,,,,,,,,,,,,,,,
Drew Rasmussen,SP,TB,Night,Sat Aug 08 2026 01:00:00 GMT-0500 (Central Daylight Time),"Night 8/8 8:10PM, 2 Games",9900,43788659,0,0,0,29.7,,,,,,,,,,,,,,,https://dkn.gs/sports/images/mlb/players/50/459822.png,,,,,,,8/8/2026,,,,,,,,,,,,,,,,,,,,,,,,,,
Bryce Miller,SP,SEA,Night,Sat Aug 08 2026 01:00:00 GMT-0500 (Central Daylight Time),"Night 8/8 8:10PM, 2 Games",9200,43788744,0,0,0,27.6,,,,,,,,,,,,,,,https://dkn.gs/sports/images/mlb/players/50/581991.png,,,,,,,8/8/2026,,,,,,,,,,,,,,,,,,,,,,,,,,
Bryan Woo,SP,SEA,Night,Sat Aug 08 2026 01:00:00 GMT-0500 (Central Daylight Time),"Night 8/8 8:10PM, 2 Games",9200,43788778,0,0,0,27.6,,,,,,,,,,,,,,,https://dkn.gs/sports/images/mlb/players/50/658822.png,,,,,,,8/8/2026,,,,,,,,,,,,,,,,,,,,,,,,,,
Shane McClanahan,SP,TB,Night,Sat Aug 08 2026 01:00:00 GMT-0500 (Central Daylight Time),"Night 8/8 8:10PM, 2 Games",8900,43788677,0,0,0,26.7,,,,,,,,,,,,,,,https://dkn.gs/sports/images/mlb/players/50/112739.png,,,,,,,8/8/2026,,,,,,,,,,,,,,,,,,,,,,,,,,
Corbin Burnes,SP,ARI,Night,Sat Aug 08 2026 01:00:00 GMT-0500 (Central Daylight Time),"Night 8/8 8:10PM, 2 Games",8600,43788669,0,0,0,25.8,,,,,,,,,,,,,,,https://dkn.gs/sports/images/mlb/players/50/31642.png,,,,,,,8/8/2026,,,,,,,,,,,,,,,,,,,,,,,,,,
Blake Snell,SP,LAD,Night,Sat Aug 08 2026 01:00:00 GMT-0500 (Central Daylight Time),"Night 8/8 8:10PM, 2 Games",8500,43788623,0,0,0,25.5,,,,,,,,,,,,,,,https://dkn.gs/sports/images/mlb/players/50/31694.png,,,,,,,8/8/2026,,,,,,,,,,,,,,,,,,,,,,,,,,
Emerson Hancock,SP,SEA,Night,Sat Aug 08 2026 01:00:00 GMT-0500 (Central Daylight Time),"Night 8/8 8:10PM, 2 Games",8200,43788714,0,0,0,24.6,,,,,,,,,,,,,,,https://dkn.gs/sports/images/mlb/players/50/494656.png,,,,,,,8/8/2026,,,,,,,,,,,,,,,,,,,,,,,,,,
Kris Bubic,SP,LAD,Night,Sat Aug 08 2026 01:00:00 GMT-0500 (Central Daylight Time),"Night 8/8 8:10PM, 2 Games",8100,43788707,0,0,0,24.3,,,,,,,,,,,,,,,https://dkn.gs/sports/images/mlb/players/50/110906.png,,,,,,,8/8/2026,,,,,,,,,,,,,,,,,,,,,,,,,,
Justin Wrobleski,SP,LAD,Night,Sat Aug 08 2026 01:00:00 GMT-0500 (Central Daylight Time),"Night 8/8 8:10PM, 2 Games",8100,43788743,0,0,0,24.3,,,,,,,,,,,,,,,https://dkn.gs/sports/images/mlb/players/50/721239.png,,,,,,,8/8/2026,,,,,,,,,,,,,,,,,,,,,,,,,,
Joe Boyle,RP,TB,Night,Sat Aug 08 2026 01:00:00 GMT-0500 (Central Daylight Time),"Night 8/8 8:10PM, 2 Games",8000,43788719,0,0,0,24,,,,,,,,,,,,,,,https://dkn.gs/sports/images/mlb/players/50/643466.png,,,,,,,8/8/2026,,,,,,,,,,,,,,,,,,,,,,,,,,
Nick Martinez,RP,TB,Night,Sat Aug 08 2026 01:00:00 GMT-0500 (Central Daylight Time),"Night 8/8 8:10PM, 2 Games",7900,43788626,0,0,0,23.7,,,,,,,,,,,,,,,https://dkn.gs/sports/images/mlb/players/50/111340.png,,,,,,,8/8/2026,,,,,,,,,,,,,,,,,,,,,,,,,,
Freddy Peralta,SP,TB,Night,Sat Aug 08 2026 01:00:00 GMT-0500 (Central Daylight Time),"Night 8/8 8:10PM, 2 Games",7900,43788637,0,0,0,23.7,,,,,,,,,,,,,,,https://dkn.gs/sports/images/mlb/players/50/31652.png,,,,,,,8/8/2026,,,,,,,,,,,,,,,,,,,,,,,,,,
Michael Soroka,SP,ARI,Night,Sat Aug 08 2026 01:00:00 GMT-0500 (Central Daylight Time),"Night 8/8 8:10PM, 2 Games",7600,43788675,0,0,0,22.8,,,,,,,,,,,,,,,https://dkn.gs/sports/images/mlb/players/50/32263.png,,,,,,,8/8/2026,,,,,,,,,,,,,,,,,,,,,,,,,,
Eduardo Rodriguez,SP,ARI,Night,Sat Aug 08 2026 01:00:00 GMT-0500 (Central Daylight Time),"Night 8/8 8:10PM, 2 Games",7500,43788614,0,0,0,22.5,,,,,,,,,,,,,,,https://dkn.gs/sports/images/mlb/players/50/31498.png,,,,,,,8/8/2026,,,,,,,,,,,,,,,,,,,,,,,,,,
Cooper Criswell,RP,SEA,Night,Sat Aug 08 2026 01:00:00 GMT-0500 (Central Daylight Time),"Night 8/8 8:10PM, 2 Games",7300,43788738,0,0,0,21.9,,,,,,,,,,,,,,,https://dkn.gs/sports/images/mlb/players/50/598473.png,,,,,,,8/8/2026,,,,,,,,,,,,,,,,,,,,,,,,,,
Roki Sasaki,SP,LAD,Night,Sat Aug 08 2026 01:00:00 GMT-0500 (Central Daylight Time),"Night 8/8 8:10PM, 2 Games",7300,43788762,0,0,0,21.9,,,,,,,,,,,,,,,https://dkn.gs/sports/images/mlb/players/50/494788.png,,,,,,,8/8/2026,,,,,,,,,,,,,,,,,,,,,,,,,,
Emmet Sheehan,SP,LAD,Night,Sat Aug 08 2026 01:00:00 GMT-0500 (Central Daylight Time),"Night 8/8 8:10PM, 2 Games",7300,43788779,0,0,0,21.9,,,,,,,,,,,,,,,https://dkn.gs/sports/images/mlb/players/50/658791.png,,,,,,,8/8/2026,,,,,,,,,,,,,,,,,,,,,,,,,,
Logan Evans,SP,SEA,Night,Sat Aug 08 2026 01:00:00 GMT-0500 (Central Daylight Time),"Night 8/8 8:10PM, 2 Games",7300,43788807,0,0,0,21.9,,,,,,,,,,,,,,,https://dkn.gs/sports/images/mlb/players/50/780053.png,,,,,,,8/8/2026,,,,,,,,,,,,,,,,,,,,,,,,,,
Ian Seymour,RP,TB,Night,Sat Aug 08 2026 01:00:00 GMT-0500 (Central Daylight Time),"Night 8/8 8:10PM, 2 Games",7100,43788760,0,0,0,21.3,,,,,,,,,,,,,,,https://dkn.gs/sports/images/mlb/players/50/516971.png,,,,,,,8/8/2026,,,,,,,,,,,,,,,,,,,,,,,,,,
Steven Matz,SP,TB,Night,Sat Aug 08 2026 01:00:00 GMT-0500 (Central Daylight Time),"Night 8/8 8:10PM, 2 Games",7000,43788608,0,0,0,21,,,,,,,,,,,,,,,https://dkn.gs/sports/images/mlb/players/50/31739.png,,,,,,,8/8/2026,,,,,,,,,,,,,,,,,,,,,,,,,,
Jesse Scholtens,RP,TB,Night,Sat Aug 08 2026 01:00:00 GMT-0500 (Central Daylight Time),"Night 8/8 8:10PM, 2 Games",7000,43788687,0,0,0,21,,,,,,,,,,,,,,,https://dkn.gs/sports/images/mlb/players/50/476778.png,,,,,,,8/8/2026,,,,,,,,,,,,,,,,,,,,,,,,,,
Tyler Wells,SP,TB,Night,Sat Aug 08 2026 01:00:00 GMT-0500 (Central Daylight Time),"Night 8/8 8:10PM, 2 Games",7000,43788688,0,0,0,21,,,,,,,,,,,,,,,https://dkn.gs/sports/images/mlb/players/50/459683.png,,,,,,,8/8/2026,,,,,,,,,,,,,,,,,,,,,,,,,,
Mason Englert,RP,TB,Night,Sat Aug 08 2026 01:00:00 GMT-0500 (Central Daylight Time),"Night 8/8 8:10PM, 2 Games",7000,43788736,0,0,0,21,,,,,,,,,,,,,,,https://dkn.gs/sports/images/mlb/players/50/111370.png,,,,,,,8/8/2026,,,,,,,,,,,,,,,,,,,,,,,,,,
Ryan Pepiot,SP,TB,Night,Sat Aug 08 2026 01:00:00 GMT-0500 (Central Daylight Time),"Night 8/8 8:10PM, 2 Games",7000,43788748,0,0,0,21,,,,,,,,,,,,,,,https://dkn.gs/sports/images/mlb/players/50/501166.png,,,,,,,8/8/2026,,,,,,,,,,,,,,,,,,,,,,,,,,
Ryne Nelson,SP,ARI,Night,Sat Aug 08 2026 01:00:00 GMT-0500 (Central Daylight Time),"Night 8/8 8:10PM, 2 Games",6700,43788728,0,0,0,20.1,,,,,,,,,,,,,,,https://dkn.gs/sports/images/mlb/players/50/557827.png,,,,,,,8/8/2026,,,,,,,,,,,,,,,,,,,,,,,,,,
Kohl Drake,RP,ARI,Night,Sat Aug 08 2026 01:00:00 GMT-0500 (Central Daylight Time),"Night 8/8 8:10PM, 2 Games",6700,43788799,0,0,0,20.1,,,,,,,,,,,,,,,https://dkn.gs/sports/images/mlb/players/50/834857.png,,,,,,,8/8/2026,,,,,,,,,,,,,,,,,,,,,,,,,,
Merrill Kelly,SP,ARI,Night,Sat Aug 08 2026 01:00:00 GMT-0500 (Central Daylight Time),"Night 8/8 8:10PM, 2 Games",6600,43788618,0,0,0,19.8,,,,,,,,,,,,,,,https://dkn.gs/sports/images/mlb/players/50/32153.png,,,,,,,8/8/2026,,,,,,,,,,,,,,,,,,,,,,,,,,
Mitch Bratt,SP,ARI,Night,Sat Aug 08 2026 01:00:00 GMT-0500 (Central Daylight Time),"Night 8/8 8:10PM, 2 Games",6600,43788774,0,0,0,19.8,,,,,,,,,,,,,,,https://dkn.gs/sports/images/mlb/players/50/582152.png,,,,,,,8/8/2026,,,,,,,,,,,,,,,,,,,,,,,,,,
Eric Lauer,RP,LAD,Night,Sat Aug 08 2026 01:00:00 GMT-0500 (Central Daylight Time),"Night 8/8 8:10PM, 2 Games",6300,43788642,0,0,0,18.9,,,,,,,,,,,,,,,https://dkn.gs/sports/images/mlb/players/50/32564.png,,,,,,,8/8/2026,,,,,,,,,,,,,,,,,,,,,,,,,,
Bobby Miller,SP,LAD,Night,Sat Aug 08 2026 01:00:00 GMT-0500 (Central Daylight Time),"Night 8/8 8:10PM, 2 Games",6300,43788715,0,0,0,18.9,,,,,,,,,,,,,,,https://dkn.gs/sports/images/mlb/players/50/494668.png,,,,,,,8/8/2026,,,,,,,,,,,,,,,,,,,,,,,,,,
Landon Knack,SP,LAD,Night,Sat Aug 08 2026 01:00:00 GMT-0500 (Central Daylight Time),"Night 8/8 8:10PM, 2 Games",6300,43788763,0,0,0,18.9,,,,,,,,,,,,,,,https://dkn.gs/sports/images/mlb/players/50/498308.png,,,,,,,8/8/2026,,,,,,,,,,,,,,,,,,,,,,,,,,
Gavin Stone,SP,LAD,Night,Sat Aug 08 2026 01:00:00 GMT-0500 (Central Daylight Time),"Night 8/8 8:10PM, 2 Games",6300,43788766,0,0,0,18.9,,,,,,,,,,,,,,,https://dkn.gs/sports/images/mlb/players/50/496189.png,,,,,,,8/8/2026,,,,,,,,,,,,,,,,,,,,,,,,,,
Gerardo Carrillo,RP,ARI,Night,Sat Aug 08 2026 01:00:00 GMT-0500 (Central Daylight Time),"Night 8/8 8:10PM, 2 Games",5800,43788703,0,0,0,17.4,,,,,,,,,,,,,,,https://dkn.gs/sports/images/mlb/players/50/111899.png,,,,,,,8/8/2026,,,,,,,,,,,,,,,,,,,,,,,,,,
Cristian Mena,SP,ARI,Night,Sat Aug 08 2026 01:00:00 GMT-0500 (Central Daylight Time),"Night 8/8 8:10PM, 2 Games",5800,43788769,0,0,0,17.4,,,,,,,,,,,,,,,https://dkn.gs/sports/images/mlb/players/50/640227.png,,,,,,,8/8/2026,,,,,,,,,,,,,,,,,,,,,,,,,,
Dylan Ray,SP,ARI,Night,Sat Aug 08 2026 01:00:00 GMT-0500 (Central Daylight Time),"Night 8/8 8:10PM, 2 Games",5800,43788798,0,0,0,17.4,,,,,,,,,,,,,,,https://dkn.gs/sports/images/mlb/players/50/707578.png,,,,,,,8/8/2026,,,,,,,,,,,,,,,,,,,,,,,,,,
Zac Gallen,SP,ARI,Night,Sat Aug 08 2026 01:00:00 GMT-0500 (Central Daylight Time),"Night 8/8 8:10PM, 2 Games",5700,43788660,0,0,0,17.1,,,,,,,,,,,,,,,https://dkn.gs/sports/images/mlb/players/50/32144.png,,,,,,,8/8/2026,,,,,,,,,,,,,,,,,,,,,,,,,,
Jose Cabrera,SP,ARI,Night,Sat Aug 08 2026 01:00:00 GMT-0500 (Central Daylight Time),"Night 8/8 8:10PM, 2 Games",5700,43788789,0,0,0,17.1,,,,,,,,,,,,,,,https://dkn.gs/sports/images/mlb/teams/50/29934.png,,,,,,,8/8/2026,,,,,,,,,,,,,,,,,,,,,,,,,,
Jonny DeLuca,OF,TB,Night,Sat Aug 08 2026 01:00:00 GMT-0500 (Central Daylight Time),"Night 8/8 8:10PM, 2 Games",4100,43788716,0,0,0,12.3,,,,,,,,,,,,,,,https://dkn.gs/sports/images/mlb/players/50/637107.png,,,,,,,8/8/2026,,,,,,,,,,,,,,,,,,,,,,,,,,
Craig Kimbrel,RP,TB,Night,Sat Aug 08 2026 01:00:00 GMT-0500 (Central Daylight Time),"Night 8/8 8:10PM, 2 Games",4000,43788604,0,0,0,12,,,,,,,,,,,,,,,https://dkn.gs/sports/images/mlb/players/50/32316.png,,,,,,,8/8/2026,,,,,,,,,,,,,,,,,,,,,,,,,,
Blake Treinen,RP,LAD,Night,Sat Aug 08 2026 01:00:00 GMT-0500 (Central Daylight Time),"Night 8/8 8:10PM, 2 Games",4000,43788616,0,0,0,12,,,,,,,,,,,,,,,https://dkn.gs/sports/images/mlb/players/50/32632.png,,,,,,,8/8/2026,,,,,,,,,,,,,,,,,,,,,,,,,,
Brock Stewart,RP,LAD,Night,Sat Aug 08 2026 01:00:00 GMT-0500 (Central Daylight Time),"Night 8/8 8:10PM, 2 Games",4000,43788617,0,0,0,12,,,,,,,,,,,,,,,https://dkn.gs/sports/images/mlb/players/50/31967.png,,,,,,,8/8/2026,,,,,,,,,,,,,,,,,,,,,,,,,,
Seranthony Dominguez,RP,SEA,Night,Sat Aug 08 2026 01:00:00 GMT-0500 (Central Daylight Time),"Night 8/8 8:10PM, 2 Games",4000,43788628,0,0,0,12,,,,,,,,,,,,,,,https://dkn.gs/sports/images/mlb/players/50/32083.png,,,,,,,8/8/2026,,,,,,,,,,,,,,,,,,,,,,,,,,
Edwin Diaz,RP,LAD,Night,Sat Aug 08 2026 01:00:00 GMT-0500 (Central Daylight Time),"Night 8/8 8:10PM, 2 Games",4000,43788631,0,0,0,12,,,,,,,,,,,,,,,https://dkn.gs/sports/images/mlb/players/50/31785.png,,,,,,,8/8/2026,,,,,,,,,,,,,,,,,,,,,,,,,,
Paul Sewald,RP,ARI,Night,Sat Aug 08 2026 01:00:00 GMT-0500 (Central Daylight Time),"Night 8/8 8:10PM, 2 Games",4000,43788632,0,0,0,12,,,,,,,,,,,,,,,https://dkn.gs/sports/images/mlb/players/50/31801.png,,,,,,,8/8/2026,,,,,,,,,,,,,,,,,,,,,,,,,,
Evan Phillips,RP,LAD,Night,Sat Aug 08 2026 01:00:00 GMT-0500 (Central Daylight Time),"Night 8/8 8:10PM, 2 Games",4000,43788633,0,0,0,12,,,,,,,,,,,,,,,https://dkn.gs/sports/images/mlb/players/50/31436.png,,,,,,,8/8/2026,,,,,,,,,,,,,,,,,,,,,,,,,,
Jonathan Loaisiga,RP,ARI,Night,Sat Aug 08 2026 01:00:00 GMT-0500 (Central Daylight Time),"Night 8/8 8:10PM, 2 Games",4000,43788638,0,0,0,12,,,,,,,,,,,,,,,https://dkn.gs/sports/images/mlb/players/50/32566.png,,,,,,,8/8/2026,,,,,,,,,,,,,,,,,,,,,,,,,,
Jonathan Hernandez,RP,LAD,Night,Sat Aug 08 2026 01:00:00 GMT-0500 (Central Daylight Time),"Night 8/8 8:10PM, 2 Games",4000,43788639,0,0,0,12,,,,,,,,,,,,,,,https://dkn.gs/sports/images/mlb/players/50/31869.png,,,,,,,8/8/2026,,,,,,,,,,,,,,,,,,,,,,,,,,
Gabe Speier,RP,SEA,Night,Sat Aug 08 2026 01:00:00 GMT-0500 (Central Daylight Time),"Night 8/8 8:10PM, 2 Games",4000,43788643,0,0,0,12,,,,,,,,,,,,,,,https://dkn.gs/sports/images/mlb/players/50/32146.png,,,,,,,8/8/2026,,,,,,,,,,,,,,,,,,,,,,,,,,
Cole Sulser,RP,TB,Night,Sat Aug 08 2026 01:00:00 GMT-0500 (Central Daylight Time),"Night 8/8 8:10PM, 2 Games",4000,43788644,0,0,0,12,,,,,,,,,,,,,,,https://dkn.gs/sports/images/mlb/players/50/31763.png,,,,,,,8/8/2026,,,,,,,,,,,,,,,,,,,,,,,,,,
A.J. Puk,RP,ARI,Night,Sat Aug 08 2026 01:00:00 GMT-0500 (Central Daylight Time),"Night 8/8 8:10PM, 2 Games",4000,43788646,0,0,0,12,,,,,,,,,,,,,,,https://dkn.gs/sports/images/mlb/players/50/32658.png,,,,,,,8/8/2026,,,,,,,,,,,,,,,,,,,,,,,,,,
Bryan Baker,RP,TB,Night,Sat Aug 08 2026 01:00:00 GMT-0500 (Central Daylight Time),"Night 8/8 8:10PM, 2 Games",4000,43788647,0,0,0,12,,,,,,,,,,,,,,,https://dkn.gs/sports/images/mlb/players/50/476567.png,,,,,,,8/8/2026,,,,,,,,,,,,,,,,,,,,,,,,,,
Cam Booser,RP,TB,Night,Sat Aug 08 2026 01:00:00 GMT-0500 (Central Daylight Time),"Night 8/8 8:10PM, 2 Games",4000,43788648,0,0,0,12,,,,,,,,,,,,,,,https://dkn.gs/sports/images/mlb/players/50/638767.png,,,,,,,8/8/2026,,,,,,,,,,,,,,,,,,,,,,,,,,
Garrett Cleavinger,RP,TB,Night,Sat Aug 08 2026 01:00:00 GMT-0500 (Central Daylight Time),"Night 8/8 8:10PM, 2 Games",4000,43788653,0,0,0,12,,,,,,,,,,,,,,,https://dkn.gs/sports/images/mlb/players/50/457323.png,,,,,,,8/8/2026,,,,,,,,,,,,,,,,,,,,,,,,,,
Manuel Rodriguez,RP,TB,Night,Sat Aug 08 2026 01:00:00 GMT-0500 (Central Daylight Time),"Night 8/8 8:10PM, 2 Games",4000,43788654,0,0,0,12,,,,,,,,,,,,,,,https://dkn.gs/sports/images/mlb/players/50/457211.png,,,,,,,8/8/2026,,,,,,,,,,,,,,,,,,,,,,,,,,
Tanner Scott,RP,LAD,Night,Sat Aug 08 2026 01:00:00 GMT-0500 (Central Daylight Time),"Night 8/8 8:10PM, 2 Games",4000,43788656,0,0,0,12,,,,,,,,,,,,,,,https://dkn.gs/sports/images/mlb/players/50/31420.png,,,,,,,8/8/2026,,,,,,,,,,,,,,,,,,,,,,,,,,
Kevin Ginkel,RP,ARI,Night,Sat Aug 08 2026 01:00:00 GMT-0500 (Central Daylight Time),"Night 8/8 8:10PM, 2 Games",4000,43788657,0,0,0,12,,,,,,,,,,,,,,,https://dkn.gs/sports/images/mlb/players/50/32161.png,,,,,,,8/8/2026,,,,,,,,,,,,,,,,,,,,,,,,,,
Ryan Thompson,RP,ARI,Night,Sat Aug 08 2026 01:00:00 GMT-0500 (Central Daylight Time),"Night 8/8 8:10PM, 2 Games",4000,43788658,0,0,0,12,,,,,,,,,,,,,,,https://dkn.gs/sports/images/mlb/players/50/476120.png,,,,,,,8/8/2026,,,,,,,,,,,,,,,,,,,,,,,,,,
Brusdar Graterol,RP,LAD,Night,Sat Aug 08 2026 01:00:00 GMT-0500 (Central Daylight Time),"Night 8/8 8:10PM, 2 Games",4000,43788665,0,0,0,12,,,,,,,,,,,,,,,https://dkn.gs/sports/images/mlb/players/50/32407.png,,,,,,,8/8/2026,,,,,,,,,,,,,,,,,,,,,,,,,,
Eduard Bazardo,RP,SEA,Night,Sat Aug 08 2026 01:00:00 GMT-0500 (Central Daylight Time),"Night 8/8 8:10PM, 2 Games",4000,43788666,0,0,0,12,,,,,,,,,,,,,,,https://dkn.gs/sports/images/mlb/players/50/476553.png,,,,,,,8/8/2026,,,,,,,,,,,,,,,,,,,,,,,,,,
Jake Cousins,RP,LAD,Night,Sat Aug 08 2026 01:00:00 GMT-0500 (Central Daylight Time),"Night 8/8 8:10PM, 2 Games",4000,43788667,0,0,0,12,,,,,,,,,,,,,,,https://dkn.gs/sports/images/mlb/players/50/552341.png,,,,,,,8/8/2026,,,,,,,,,,,,,,,,,,,,,,,,,,
Taylor Clarke,RP,ARI,Night,Sat Aug 08 2026 01:00:00 GMT-0500 (Central Daylight Time),"Night 8/8 8:10PM, 2 Games",4000,43788676,0,0,0,12,,,,,,,,,,,,,,,https://dkn.gs/sports/images/mlb/players/50/32124.png,,,,,,,8/8/2026,,,,,,,,,,,,,,,,,,,,,,,,,,
Juan Morillo,RP,ARI,Night,Sat Aug 08 2026 01:00:00 GMT-0500 (Central Daylight Time),"Night 8/8 8:10PM, 2 Games",4000,43788683,0,0,0,12,,,,,,,,,,,,,,,https://dkn.gs/sports/images/mlb/players/50/702660.png,,,,,,,8/8/2026,,,,,,,,,,,,,,,,,,,,,,,,,,
Casey Legumina,RP,TB,Night,Sat Aug 08 2026 01:00:00 GMT-0500 (Central Daylight Time),"Night 8/8 8:10PM, 2 Games",4000,43788689,0,0,0,12,,,,,,,,,,,,,,,https://dkn.gs/sports/images/mlb/players/50/684502.png,,,,,,,8/8/2026,,,,,,,,,,,,,,,,,,,,,,,,,,
Michael Rucker,RP,SEA,Night,Sat Aug 08 2026 01:00:00 GMT-0500 (Central Daylight Time),"Night 8/8 8:10PM, 2 Games",4000,43788693,0,0,0,12,,,,,,,,,,,,,,,https://dkn.gs/sports/images/mlb/players/50/111672.png,,,,,,,8/8/2026,,,,,,,,,,,,,,,,,,,,,,,,,,
Andres Munoz,RP,SEA,Night,Sat Aug 08 2026 01:00:00 GMT-0500 (Central Daylight Time),"Night 8/8 8:10PM, 2 Games",4000,43788695,0,0,0,12,,,,,,,,,,,,,,,https://dkn.gs/sports/images/mlb/players/50/32633.png,,,,,,,8/8/2026,,,,,,,,,,,,,,,,,,,,,,,,,,
Edwin Uceta,RP,TB,Night,Sat Aug 08 2026 01:00:00 GMT-0500 (Central Daylight Time),"Night 8/8 8:10PM, 2 Games",4000,43788696,0,0,0,12,,,,,,,,,,,,,,,https://dkn.gs/sports/images/mlb/players/50/111898.png,,,,,,,8/8/2026,,,,,,,,,,,,,,,,,,,,,,,,,,
Josh Simpson,RP,SEA,Night,Sat Aug 08 2026 01:00:00 GMT-0500 (Central Daylight Time),"Night 8/8 8:10PM, 2 Games",4000,43788700,0,0,0,12,,,,,,,,,,,,,,,https://dkn.gs/sports/images/mlb/players/50/684506.png,,,,,,,8/8/2026,,,,,,,,,,,,,,,,,,,,,,,,,,
Michael Grove,RP,TB,Night,Sat Aug 08 2026 01:00:00 GMT-0500 (Central Daylight Time),"Night 8/8 8:10PM, 2 Games",4000,43788705,0,0,0,12,,,,,,,,,,,,,,,https://dkn.gs/sports/images/mlb/players/50/111900.png,,,,,,,8/8/2026,,,,,,,,,,,,,,,,,,,,,,,,,,
Kyle Hurt,RP,LAD,Night,Sat Aug 08 2026 01:00:00 GMT-0500 (Central Daylight Time),"Night 8/8 8:10PM, 2 Games",4000,43788713,0,0,0,12,,,,,,,,,,,,,,,https://dkn.gs/sports/images/mlb/players/50/494833.png,,,,,,,8/8/2026,,,,,,,,,,,,,,,,,,,,,,,,,,
Robinson Ortiz,RP,SEA,Night,Sat Aug 08 2026 01:00:00 GMT-0500 (Central Daylight Time),"Night 8/8 8:10PM, 2 Games",4000,43788717,0,0,0,12,,,,,,,,,,,,,,,https://dkn.gs/sports/images/mlb/players/50/549427.png,,,,,,,8/8/2026,,,,,,,,,,,,,,,,,,,,,,,,,,
Andrew Saalfrank,RP,ARI,Night,Sat Aug 08 2026 01:00:00 GMT-0500 (Central Daylight Time),"Night 8/8 8:10PM, 2 Games",4000,43788720,0,0,0,12,,,,,,,,,,,,,,,https://dkn.gs/sports/images/mlb/players/50/698697.png,,,,,,,8/8/2026,,,,,,,,,,,,,,,,,,,,,,,,,,
Matt Brash,RP,SEA,Night,Sat Aug 08 2026 01:00:00 GMT-0500 (Central Daylight Time),"Night 8/8 8:10PM, 2 Games",4000,43788721,0,0,0,12,,,,,,,,,,,,,,,https://dkn.gs/sports/images/mlb/players/50/512576.png,,,,,,,8/8/2026,,,,,,,,,,,,,,,,,,,,,,,,,,
Jon Heasley,RP,TB,Night,Sat Aug 08 2026 01:00:00 GMT-0500 (Central Daylight Time),"Night 8/8 8:10PM, 2 Games",4000,43788723,0,0,0,12,,,,,,,,,,,,,,,https://dkn.gs/sports/images/mlb/players/50/475913.png,,,,,,,8/8/2026,,,,,,,,,,,,,,,,,,,,,,,,,,
Jack Dreyer,RP,LAD,Night,Sat Aug 08 2026 01:00:00 GMT-0500 (Central Daylight Time),"Night 8/8 8:10PM, 2 Games",4000,43788724,0,0,0,12,,,,,,,,,,,,,,,https://dkn.gs/sports/images/mlb/players/50/701064.png,,,,,,,8/8/2026,,,,,,,,,,,,,,,,,,,,,,,,,,
Kevin Kelly,RP,TB,Night,Sat Aug 08 2026 01:00:00 GMT-0500 (Central Daylight Time),"Night 8/8 8:10PM, 2 Games",4000,43788727,0,0,0,12,,,,,,,,,,,,,,,https://dkn.gs/sports/images/mlb/players/50/637030.png,,,,,,,8/8/2026,,,,,,,,,,,,,,,,,,,,,,,,,,
Cole Wilcox,RP,SEA,Night,Sat Aug 08 2026 01:00:00 GMT-0500 (Central Daylight Time),"Night 8/8 8:10PM, 2 Games",4000,43788731,0,0,0,12,,,,,,,,,,,,,,,https://dkn.gs/sports/images/mlb/players/50/494717.png,,,,,,,8/8/2026,,,,,,,,,,,,,,,,,,,,,,,,,,
Justin Martinez,RP,ARI,Night,Sat Aug 08 2026 01:00:00 GMT-0500 (Central Daylight Time),"Night 8/8 8:10PM, 2 Games",4000,43788732,0,0,0,12,,,,,,,,,,,,,,,https://dkn.gs/sports/images/mlb/players/50/643066.png,,,,,,,8/8/2026,,,,,,,,,,,,,,,,,,,,,,,,,,
Jose A. Ferrer,RP,SEA,Night,Sat Aug 08 2026 01:00:00 GMT-0500 (Central Daylight Time),"Night 8/8 8:10PM, 2 Games",4000,43788737,0,0,0,12,,,,,,,,,,,,,,,https://dkn.gs/sports/images/mlb/players/50/684438.png,,,,,,,8/8/2026,,,,,,,,,,,,,,,,,,,,,,,,,,
Alex Vesia,RP,LAD,Night,Sat Aug 08 2026 01:00:00 GMT-0500 (Central Daylight Time),"Night 8/8 8:10PM, 2 Games",4000,43788740,0,0,0,12,,,,,,,,,,,,,,,https://dkn.gs/sports/images/mlb/players/50/476289.png,,,,,,,8/8/2026,,,,,,,,,,,,,,,,,,,,,,,,,,
Seth Halvorsen,RP,LAD,Night,Sat Aug 08 2026 01:00:00 GMT-0500 (Central Daylight Time),"Night 8/8 8:10PM, 2 Games",4000,43788742,0,0,0,12,,,,,,,,,,,,,,,https://dkn.gs/sports/images/mlb/players/50/781485.png,,,,,,,8/8/2026,,,,,,,,,,,,,,,,,,,,,,,,,,
Carlos Vargas,RP,SEA,Night,Sat Aug 08 2026 01:00:00 GMT-0500 (Central Daylight Time),"Night 8/8 8:10PM, 2 Games",4000,43788746,0,0,0,12,,,,,,,,,,,,,,,https://dkn.gs/sports/images/mlb/players/50/459776.png,,,,,,,8/8/2026,,,,,,,,,,,,,,,,,,,,,,,,,,
Drey Jameson,RP,ARI,Night,Sat Aug 08 2026 01:00:00 GMT-0500 (Central Daylight Time),"Night 8/8 8:10PM, 2 Games",4000,43788751,0,0,0,12,,,,,,,,,,,,,,,https://dkn.gs/sports/images/mlb/players/50/470096.png,,,,,,,8/8/2026,,,,,,,,,,,,,,,,,,,,,,,,,,
Blake Walston,RP,ARI,Night,Sat Aug 08 2026 01:00:00 GMT-0500 (Central Daylight Time),"Night 8/8 8:10PM, 2 Games",4000,43788753,0,0,0,12,,,,,,,,,,,,,,,https://dkn.gs/sports/images/mlb/players/50/459725.png,,,,,,,8/8/2026,,,,,,,,,,,,,,,,,,,,,,,,,,
Kade Strowd,RP,ARI,Night,Sat Aug 08 2026 01:00:00 GMT-0500 (Central Daylight Time),"Night 8/8 8:10PM, 2 Games",4000,43788755,0,0,0,12,,,,,,,,,,,,,,,https://dkn.gs/sports/images/mlb/players/50/698887.png,,,,,,,8/8/2026,,,,,,,,,,,,,,,,,,,,,,,,,,
Hunter Bigge,RP,TB,Night,Sat Aug 08 2026 01:00:00 GMT-0500 (Central Daylight Time),"Night 8/8 8:10PM, 2 Games",4000,43788756,0,0,0,12,,,,,,,,,,,,,,,https://dkn.gs/sports/images/mlb/players/50/698918.png,,,,,,,8/8/2026,,,,,,,,,,,,,,,,,,,,,,,,,,
Ben Casparius,RP,LAD,Night,Sat Aug 08 2026 01:00:00 GMT-0500 (Central Daylight Time),"Night 8/8 8:10PM, 2 Games",4000,43788761,0,0,0,12,,,,,,,,,,,,,,,https://dkn.gs/sports/images/mlb/players/50/582157.png,,,,,,,8/8/2026,,,,,,,,,,,,,,,,,,,,,,,,,,
Will Klein,RP,LAD,Night,Sat Aug 08 2026 01:00:00 GMT-0500 (Central Daylight Time),"Night 8/8 8:10PM, 2 Games",4000,43788765,0,0,0,12,,,,,,,,,,,,,,,https://dkn.gs/sports/images/mlb/players/50/638599.png,,,,,,,8/8/2026,,,,,,,,,,,,,,,,,,,,,,,,,,
Nick Davila,RP,SEA,Night,Sat Aug 08 2026 01:00:00 GMT-0500 (Central Daylight Time),"Night 8/8 8:10PM, 2 Games",4000,43788767,0,0,0,12,,,,,,,,,,,,,,,https://dkn.gs/sports/images/mlb/teams/50/29815.png,,,,,,,8/8/2026,,,,,,,,,,,,,,,,,,,,,,,,,,
Juan Burgos,RP,ARI,Night,Sat Aug 08 2026 01:00:00 GMT-0500 (Central Daylight Time),"Night 8/8 8:10PM, 2 Games",4000,43788768,0,0,0,12,,,,,,,,,,,,,,,https://dkn.gs/sports/images/mlb/players/50/779865.png,,,,,,,8/8/2026,,,,,,,,,,,,,,,,,,,,,,,,,,
Edgardo Henriquez,RP,LAD,Night,Sat Aug 08 2026 01:00:00 GMT-0500 (Central Daylight Time),"Night 8/8 8:10PM, 2 Games",4000,43788772,0,0,0,12,,,,,,,,,,,,,,,https://dkn.gs/sports/images/mlb/players/50/685798.png,,,,,,,8/8/2026,,,,,,,,,,,,,,,,,,,,,,,,,,
Philip Abner,RP,ARI,Night,Sat Aug 08 2026 01:00:00 GMT-0500 (Central Daylight Time),"Night 8/8 8:10PM, 2 Games",4000,43788777,0,0,0,12,,,,,,,,,,,,,,,https://dkn.gs/sports/images/mlb/players/50/888566.png,,,,,,,8/8/2026,,,,,,,,,,,,,,,,,,,,,,,,,,
Andrew Hoffmann,RP,ARI,Night,Sat Aug 08 2026 01:00:00 GMT-0500 (Central Daylight Time),"Night 8/8 8:10PM, 2 Games",4000,43788782,0,0,0,12,,,,,,,,,,,,,,,https://dkn.gs/sports/images/mlb/players/50/654618.png,,,,,,,8/8/2026,,,,,,,,,,,,,,,,,,,,,,,,,,
Ronan Kopp,RP,LAD,Night,Sat Aug 08 2026 01:00:00 GMT-0500 (Central Daylight Time),"Night 8/8 8:10PM, 2 Games",4000,43788783,0,0,0,12,,,,,,,,,,,,,,,https://dkn.gs/sports/images/mlb/players/50/877442.png,,,,,,,8/8/2026,,,,,,,,,,,,,,,,,,,,,,,,,,
Troy Taylor,RP,SEA,Night,Sat Aug 08 2026 01:00:00 GMT-0500 (Central Daylight Time),"Night 8/8 8:10PM, 2 Games",4000,43788785,0,0,0,12,,,,,,,,,,,,,,,https://dkn.gs/sports/images/mlb/players/50/703360.png,,,,,,,8/8/2026,,,,,,,,,,,,,,,,,,,,,,,,,,
Chris Roycroft,RP,TB,Night,Sat Aug 08 2026 01:00:00 GMT-0500 (Central Daylight Time),"Night 8/8 8:10PM, 2 Games",4000,43788790,0,0,0,12,,,,,,,,,,,,,,,https://dkn.gs/sports/images/mlb/players/50/781157.png,,,,,,,8/8/2026,,,,,,,,,,,,,,,,,,,,,,,,,,
Trevor Martin,RP,TB,Night,Sat Aug 08 2026 01:00:00 GMT-0500 (Central Daylight Time),"Night 8/8 8:10PM, 2 Games",4000,43788797,0,0,0,12,,,,,,,,,,,,,,,https://dkn.gs/sports/images/mlb/teams/50/29880.png,,,,,,,8/8/2026,,,,,,,,,,,,,,,,,,,,,,,,,,
Paul Gervase,RP,LAD,Night,Sat Aug 08 2026 01:00:00 GMT-0500 (Central Daylight Time),"Night 8/8 8:10PM, 2 Games",4000,43788800,0,0,0,12,,,,,,,,,,,,,,,https://dkn.gs/sports/images/mlb/players/50/779614.png,,,,,,,8/8/2026,,,,,,,,,,,,,,,,,,,,,,,,,,
Alex Cook,RP,TB,Night,Sat Aug 08 2026 01:00:00 GMT-0500 (Central Daylight Time),"Night 8/8 8:10PM, 2 Games",4000,43788801,0,0,0,12,,,,,,,,,,,,,,,https://dkn.gs/sports/images/mlb/players/50/779812.png,,,,,,,8/8/2026,,,,,,,,,,,,,,,,,,,,,,,,,,
Brandyn Garcia,RP,ARI,Night,Sat Aug 08 2026 01:00:00 GMT-0500 (Central Daylight Time),"Night 8/8 8:10PM, 2 Games",4000,43788806,0,0,0,12,,,,,,,,,,,,,,,https://dkn.gs/sports/images/mlb/players/50/780220.png,,,,,,,8/8/2026,,,,,,,,,,,,,,,,,,,,,,,,,,
Will Smith,C,LAD,Night,Sat Aug 08 2026 01:00:00 GMT-0500 (Central Daylight Time),"Night 8/8 8:10PM, 2 Games",3800,43788664,0,0,0,11.4,,,,,,,,,,,,,,,https://dkn.gs/sports/images/mlb/players/50/32725.png,,,,,,,8/8/2026,,,,,,,,,,,,,,,,,,,,,,,,,,
Dalton Rushing,C,LAD,Night,Sat Aug 08 2026 01:00:00 GMT-0500 (Central Daylight Time),"Night 8/8 8:10PM, 2 Games",3700,43788793,0,0,0,11.1,,,,,,,,,,,,,,,https://dkn.gs/sports/images/mlb/players/50/669783.png,,,,,,,8/8/2026,,,,,,,,,,,,,,,,,,,,,,,,,,
Ildemaro Vargas,1B/2B,ARI,Night,Sat Aug 08 2026 01:00:00 GMT-0500 (Central Daylight Time),"Night 8/8 8:10PM, 2 Games",3400,43788612,0,0,0,10.2,,,,,,,,,,,,,,,https://dkn.gs/sports/images/mlb/players/50/32132.png,,,,,,,8/8/2026,,,,,,,,,,,,,,,,,,,,,,,,,,
Ben Williamson,2B/SS,TB,Night,Sat Aug 08 2026 01:00:00 GMT-0500 (Central Daylight Time),"Night 8/8 8:10PM, 2 Games",3300,43788804,0,0,0,9.9,,,,,,,,,,,,,,,https://dkn.gs/sports/images/mlb/players/50/723690.png,,,,,,,8/8/2026,,,,,,,,,,,,,,,,,,,,,,,,,,
Kike Hernandez,3B/OF,LAD,Night,Sat Aug 08 2026 01:00:00 GMT-0500 (Central Daylight Time),"Night 8/8 8:10PM, 2 Games",3200,43788609,0,0,0,9.6,,,,,,,,,,,,,,,https://dkn.gs/sports/images/mlb/players/50/32696.png,,,,,,,8/8/2026,,,,,,,,,,,,,,,,,,,,,,,,,,
Jake Fraley,OF,TB,Night,Sat Aug 08 2026 01:00:00 GMT-0500 (Central Daylight Time),"Night 8/8 8:10PM, 2 Games",3200,43788661,0,0,0,9.6,,,,,,,,,,,,,,,https://dkn.gs/sports/images/mlb/players/50/31624.png,,,,,,,8/8/2026,,,,,,,,,,,,,,,,,,,,,,,,,,
Gavin Lux,OF,TB,Night,Sat Aug 08 2026 01:00:00 GMT-0500 (Central Daylight Time),"Night 8/8 8:10PM, 2 Games",3100,43788684,0,0,0,9.3,,,,,,,,,,,,,,,https://dkn.gs/sports/images/mlb/players/50/32720.png,,,,,,,8/8/2026,,,,,,,,,,,,,,,,,,,,,,,,,,
Nick Fortes,C,TB,Night,Sat Aug 08 2026 01:00:00 GMT-0500 (Central Daylight Time),"Night 8/8 8:10PM, 2 Games",3100,43788735,0,0,0,9.3,,,,,,,,,,,,,,,https://dkn.gs/sports/images/mlb/players/50/506818.png,,,,,,,8/8/2026,,,,,,,,,,,,,,,,,,,,,,,,,,
Jose Fernandez,1B/3B,ARI,Night,Sat Aug 08 2026 01:00:00 GMT-0500 (Central Daylight Time),"Night 8/8 8:10PM, 2 Games",3100,43788770,0,0,0,9.3,,,,,,,,,,,,,,,https://dkn.gs/sports/images/mlb/players/50/580076.png,,,,,,,8/8/2026,,,,,,,,,,,,,,,,,,,,,,,,,,
Jhonny Pereda,C,SEA,Night,Sat Aug 08 2026 01:00:00 GMT-0500 (Central Daylight Time),"Night 8/8 8:10PM, 2 Games",3000,43788636,0,0,0,9,,,,,,,,,,,,,,,https://dkn.gs/sports/images/mlb/players/50/111654.png,,,,,,,8/8/2026,,,,,,,,,,,,,,,,,,,,,,,,,,
J.P. Crawford,3B/SS,SEA,Night,Sat Aug 08 2026 01:00:00 GMT-0500 (Central Daylight Time),"Night 8/8 8:10PM, 2 Games",2900,43788640,0,0,0,8.7,,,,,,,,,,,,,,,https://dkn.gs/sports/images/mlb/players/50/31543.png,,,,,,,8/8/2026,,,,,,,,,,,,,,,,,,,,,,,,,,
Adrian Del Castillo,C,ARI,Night,Sat Aug 08 2026 01:00:00 GMT-0500 (Central Daylight Time),"Night 8/8 8:10PM, 2 Games",2900,43788741,0,0,0,8.7,,,,,,,,,,,,,,,https://dkn.gs/sports/images/mlb/players/50/581984.png,,,,,,,8/8/2026,,,,,,,,,,,,,,,,,,,,,,,,,,
Jordan Lawlar,OF,ARI,Night,Sat Aug 08 2026 01:00:00 GMT-0500 (Central Daylight Time),"Night 8/8 8:10PM, 2 Games",2900,43788773,0,0,0,8.7,,,,,,,,,,,,,,,https://dkn.gs/sports/images/mlb/players/50/587672.png,,,,,,,8/8/2026,,,,,,,,,,,,,,,,,,,,,,,,,,
Mitch Garver,C,SEA,Night,Sat Aug 08 2026 01:00:00 GMT-0500 (Central Daylight Time),"Night 8/8 8:10PM, 2 Games",2800,43788620,0,0,0,8.4,,,,,,,,,,,,,,,https://dkn.gs/sports/images/mlb/players/50/32364.png,,,,,,,8/8/2026,,,,,,,,,,,,,,,,,,,,,,,,,,
Lourdes Gurriel Jr.,OF,ARI,Night,Sat Aug 08 2026 01:00:00 GMT-0500 (Central Daylight Time),"Night 8/8 8:10PM, 2 Games",2800,43788678,0,0,0,8.4,,,,,,,,,,,,,,,https://dkn.gs/sports/images/mlb/players/50/31977.png,,,,,,,8/8/2026,,,,,,,,,,,,,,,,,,,,,,,,,,
Luke Raley,OF,SEA,Night,Sat Aug 08 2026 01:00:00 GMT-0500 (Central Daylight Time),"Night 8/8 8:10PM, 2 Games",2800,43788686,0,0,0,8.4,,,,,,,,,,,,,,,https://dkn.gs/sports/images/mlb/players/50/111046.png,,,,,,,8/8/2026,,,,,,,,,,,,,,,,,,,,,,,,,,
Hyeseong Kim,2B,LAD,Night,Sat Aug 08 2026 01:00:00 GMT-0500 (Central Daylight Time),"Night 8/8 8:10PM, 2 Games",2800,43788698,0,0,0,8.4,,,,,,,,,,,,,,,https://dkn.gs/sports/images/mlb/players/50/486318.png,,,,,,,8/8/2026,,,,,,,,,,,,,,,,,,,,,,,,,,
Alex Call,OF,LAD,Night,Sat Aug 08 2026 01:00:00 GMT-0500 (Central Daylight Time),"Night 8/8 8:10PM, 2 Games",2600,43788679,0,0,0,7.8,,,,,,,,,,,,,,,https://dkn.gs/sports/images/mlb/players/50/476373.png,,,,,,,8/8/2026,,,,,,,,,,,,,,,,,,,,,,,,,,
Ryan Vilade,1B/OF,TB,Night,Sat Aug 08 2026 01:00:00 GMT-0500 (Central Daylight Time),"Night 8/8 8:10PM, 2 Games",2600,43788710,0,0,0,7.8,,,,,,,,,,,,,,,https://dkn.gs/sports/images/mlb/players/50/112499.png,,,,,,,8/8/2026,,,,,,,,,,,,,,,,,,,,,,,,,,
Tommy Troy,OF,ARI,Night,Sat Aug 08 2026 01:00:00 GMT-0500 (Central Daylight Time),"Night 8/8 8:10PM, 2 Games",2600,43788802,0,0,0,7.8,,,,,,,,,,,,,,,https://dkn.gs/sports/images/mlb/teams/50/29934.png,,,,,,,8/8/2026,,,,,,,,,,,,,,,,,,,,,,,,,,
Miguel Rojas,2B/SS,LAD,Night,Sat Aug 08 2026 01:00:00 GMT-0500 (Central Daylight Time),"Night 8/8 8:10PM, 2 Games",2500,43788605,0,0,0,7.5,,,,,,,,,,,,,,,https://dkn.gs/sports/images/mlb/players/50/32765.png,,,,,,,8/8/2026,,,,,,,,,,,,,,,,,,,,,,,,,,
Weston Wilson,3B/OF,SEA,Night,Sat Aug 08 2026 01:00:00 GMT-0500 (Central Daylight Time),"Night 8/8 8:10PM, 2 Games",2500,43788670,0,0,0,7.5,,,,,,,,,,,,,,,https://dkn.gs/sports/images/mlb/players/50/476610.png,,,,,,,8/8/2026,,,,,,,,,,,,,,,,,,,,,,,,,,
Tyler Locklear,1B,ARI,Night,Sat Aug 08 2026 01:00:00 GMT-0500 (Central Daylight Time),"Night 8/8 8:10PM, 2 Games",2500,43788794,0,0,0,7.5,,,,,,,,,,,,,,,https://dkn.gs/sports/images/mlb/players/50/658823.png,,,,,,,8/8/2026,,,,,,,,,,,,,,,,,,,,,,,,,,
Jorge Barrosa,OF,ARI,Night,Sat Aug 08 2026 01:00:00 GMT-0500 (Central Daylight Time),"Night 8/8 8:10PM, 2 Games",2400,43788718,0,0,0,7.2,,,,,,,,,,,,,,,https://dkn.gs/sports/images/mlb/players/50/634928.png,,,,,,,8/8/2026,,,,,,,,,,,,,,,,,,,,,,,,,,
Hunter Feduccia,C,LAD,Night,Sat Aug 08 2026 01:00:00 GMT-0500 (Central Daylight Time),"Night 8/8 8:10PM, 2 Games",2400,43788739,0,0,0,7.2,,,,,,,,,,,,,,,https://dkn.gs/sports/images/mlb/players/50/556174.png,,,,,,,8/8/2026,,,,,,,,,,,,,,,,,,,,,,,,,,
Victor Robles,OF,SEA,Night,Sat Aug 08 2026 01:00:00 GMT-0500 (Central Daylight Time),"Night 8/8 8:10PM, 2 Games",2300,43788655,0,0,0,6.9,,,,,,,,,,,,,,,https://dkn.gs/sports/images/mlb/players/50/32817.png,,,,,,,8/8/2026,,,,,,,,,,,,,,,,,,,,,,,,,,
Ryan Ward,OF,LAD,Night,Sat Aug 08 2026 01:00:00 GMT-0500 (Central Daylight Time),"Night 8/8 8:10PM, 2 Games",2300,43788754,0,0,0,6.9,,,,,,,,,,,,,,,https://dkn.gs/sports/images/mlb/players/50/595183.png,,,,,,,8/8/2026,,,,,,,,,,,,,,,,,,,,,,,,,,
Will Wilson,2B/3B,SEA,Night,Sat Aug 08 2026 01:00:00 GMT-0500 (Central Daylight Time),"Night 8/8 8:10PM, 2 Games",2200,43788725,0,0,0,6.6,,,,,,,,,,,,,,,https://dkn.gs/sports/images/mlb/players/50/459692.png,,,,,,,8/8/2026,,,,,,,,,,,,,,,,,,,,,,,,,,
Jacob Melton,OF,TB,Night,Sat Aug 08 2026 01:00:00 GMT-0500 (Central Daylight Time),"Night 8/8 8:10PM, 2 Games",2200,43788792,0,0,0,6.6,,,,,,,,,,,,,,,https://dkn.gs/sports/images/mlb/players/50/658785.png,,,,,,,8/8/2026,,,,,,,,,,,,,,,,,,,,,,,,,,
Rob Refsnyder,OF,SEA,Night,Sat Aug 08 2026 01:00:00 GMT-0500 (Central Daylight Time),"Night 8/8 8:10PM, 2 Games",2100,43788627,0,0,0,6.3,,,,,,,,,,,,,,,https://dkn.gs/sports/images/mlb/players/50/112659.png,,,,,,,8/8/2026,,,,,,,,,,,,,,,,,,,,,,,,,,
Alex Freeland,2B,LAD,Night,Sat Aug 08 2026 01:00:00 GMT-0500 (Central Daylight Time),"Night 8/8 8:10PM, 2 Games",2100,43788796,0,0,0,6.3,,,,,,,,,,,,,,,https://dkn.gs/sports/images/mlb/players/50/701865.png,,,,,,,8/8/2026,,,,,,,,,,,,,,,,,,,,,,,,,,
Patrick Wisdom,1B/3B,SEA,Night,Sat Aug 08 2026 01:00:00 GMT-0500 (Central Daylight Time),"Night 8/8 8:10PM, 2 Games",2000,43788629,0,0,0,6,,,,,,,,,,,,,,,https://dkn.gs/sports/images/mlb/players/50/31865.png,,,,,,,8/8/2026,,,,,,,,,,,,,,,,,,,,,,,,,,
Connor Joe,1B/OF,SEA,Night,Sat Aug 08 2026 01:00:00 GMT-0500 (Central Daylight Time),"Night 8/8 8:10PM, 2 Games",2000,43788651,0,0,0,6,,,,,,,,,,,,,,,https://dkn.gs/sports/images/mlb/players/50/32738.png,,,,,,,8/8/2026,,,,,,,,,,,,,,,,,,,,,,,,,,
Leo Rivas,3B,SEA,Night,Sat Aug 08 2026 01:00:00 GMT-0500 (Central Daylight Time),"Night 8/8 8:10PM, 2 Games",2000,43788663,0,0,0,6,,,,,,,,,,,,,,,https://dkn.gs/sports/images/mlb/players/50/110590.png,,,,,,,8/8/2026,,,,,,,,,,,,,,,,,,,,,,,,,,
Tyler Fitzgerald,2B/OF,LAD,Night,Sat Aug 08 2026 01:00:00 GMT-0500 (Central Daylight Time),"Night 8/8 8:10PM, 2 Games",2000,43788690,0,0,0,6,,,,,,,,,,,,,,,https://dkn.gs/sports/images/mlb/players/50/479253.png,,,,,,,8/8/2026,,,,,,,,,,,,,,,,,,,,,,,,,,
Eliezer Alfonzo,C,LAD,Night,Sat Aug 08 2026 01:00:00 GMT-0500 (Central Daylight Time),"Night 8/8 8:10PM, 2 Games",2000,43788704,0,0,0,6,,,,,,,,,,,,,,,https://dkn.gs/sports/images/mlb/teams/50/29931.png,,,,,,,8/8/2026,,,,,,,,,,,,,,,,,,,,,,,,,,
Brennen Davis,OF,SEA,Night,Sat Aug 08 2026 01:00:00 GMT-0500 (Central Daylight Time),"Night 8/8 8:10PM, 2 Games",2000,43788733,0,0,0,6,,,,,,,,,,,,,,,https://dkn.gs/sports/images/mlb/players/50/111677.png,,,,,,,8/8/2026,,,,,,,,,,,,,,,,,,,,,,,,,,
Alek Thomas,OF,LAD,Night,Sat Aug 08 2026 01:00:00 GMT-0500 (Central Daylight Time),"Night 8/8 8:10PM, 2 Games",2000,43788734,0,0,0,6,,,,,,,,,,,,,,,https://dkn.gs/sports/images/mlb/players/50/112685.png,,,,,,,8/8/2026,,,,,,,,,,,,,,,,,,,,,,,,,,
Ryan Bliss,2B,SEA,Night,Sat Aug 08 2026 01:00:00 GMT-0500 (Central Daylight Time),"Night 8/8 8:10PM, 2 Games",2000,43788745,0,0,0,6,,,,,,,,,,,,,,,https://dkn.gs/sports/images/mlb/players/50/581976.png,,,,,,,8/8/2026,,,,,,,,,,,,,,,,,,,,,,,,,,
Oliver Dunn,3B/SS,TB,Night,Sat Aug 08 2026 01:00:00 GMT-0500 (Central Daylight Time),"Night 8/8 8:10PM, 2 Games",2000,43788749,0,0,0,6,,,,,,,,,,,,,,,https://dkn.gs/sports/images/mlb/players/50/700963.png,,,,,,,8/8/2026,,,,,,,,,,,,,,,,,,,,,,,,,,
LuJames Groover,1B,ARI,Night,Sat Aug 08 2026 01:00:00 GMT-0500 (Central Daylight Time),"Night 8/8 8:10PM, 2 Games",2000,43788764,0,0,0,6,,,,,,,,,,,,,,,https://dkn.gs/sports/images/mlb/players/50/721181.png,,,,,,,8/8/2026,,,,,,,,,,,,,,,,,,,,,,,,,,
Carson Williams,2B/SS,TB,Night,Sat Aug 08 2026 01:00:00 GMT-0500 (Central Daylight Time),"Night 8/8 8:10PM, 2 Games",2000,43788775,0,0,0,6,,,,,,,,,,,,,,,https://dkn.gs/sports/images/mlb/players/50/587700.png,,,,,,,8/8/2026,,,,,,,,,,,,,,,,,,,,,,,,,,
Kenny Piper,C,TB,Night,Sat Aug 08 2026 01:00:00 GMT-0500 (Central Daylight Time),"Night 8/8 8:10PM, 2 Games",2000,43788784,0,0,0,6,,,,,,,,,,,,,,,https://dkn.gs/sports/images/mlb/teams/50/29880.png,,,,,,,8/8/2026,,,,,,,,,,,,,,,,,,,,,,,,,,
Jadher Areinamo,2B/SS,TB,Night,Sat Aug 08 2026 01:00:00 GMT-0500 (Central Daylight Time),"Night 8/8 8:10PM, 2 Games",2000,43788787,0,0,0,6,,,,,,,,,,,,,,,https://dkn.gs/sports/images/mlb/players/50/638645.png,,,,,,,8/8/2026,,,,,,,,,,,,,,,,,,,,,,,,,,
Logan Gilbert,CPT,SEA,Showdown Captain Mode,Sat Aug 08 2026 01:00:00 GMT-0500 (Central Daylight Time),Showdown Captain Mode 8/8 9:50PM (TB @ SEA),18900,43786766,0,0,0,56.7,,,,,,,,,,,,,,,https://dkn.gs/sports/images/mlb/players/50/111248.png,,,,,,,8/8/2026,,,,,,,,,,,,,,,,,,,,,,,,,,
Logan Gilbert,SP,SEA,Showdown Captain Mode,Sat Aug 08 2026 01:00:00 GMT-0500 (Central Daylight Time),Showdown Captain Mode 8/8 9:50PM (TB @ SEA),12600,43786677,0,0,0,37.8,,,,,,,,,,,,,,,https://dkn.gs/sports/images/mlb/players/50/111248.png,,,,,,,8/8/2026,,,,,,,,,,,,,,,,,,,,,,,,,,
Drew Rasmussen,CPT,TB,Showdown Captain Mode,Sat Aug 08 2026 01:00:00 GMT-0500 (Central Daylight Time),Showdown Captain Mode 8/8 9:50PM (TB @ SEA),18300,43786767,0,0,0,54.9,,,,,,,,,,,,,,,https://dkn.gs/sports/images/mlb/players/50/459822.png,,,,,,,8/8/2026,,,,,,,,,,,,,,,,,,,,,,,,,,
Drew Rasmussen,SP,TB,Showdown Captain Mode,Sat Aug 08 2026 01:00:00 GMT-0500 (Central Daylight Time),Showdown Captain Mode 8/8 9:50PM (TB @ SEA),12200,43786678,0,0,0,36.6,,,,,,,,,,,,,,,https://dkn.gs/sports/images/mlb/players/50/459822.png,,,,,,,8/8/2026,,,,,,,,,,,,,,,,,,,,,,,,,,
Bryan Woo,CPT,SEA,Showdown Captain Mode,Sat Aug 08 2026 01:00:00 GMT-0500 (Central Daylight Time),Showdown Captain Mode 8/8 9:50PM (TB @ SEA),18000,43786768,0,0,0,54,,,,,,,,,,,,,,,https://dkn.gs/sports/images/mlb/players/50/658822.png,,,,,,,8/8/2026,,,,,,,,,,,,,,,,,,,,,,,,,,
Bryan Woo,SP,SEA,Showdown Captain Mode,Sat Aug 08 2026 01:00:00 GMT-0500 (Central Daylight Time),Showdown Captain Mode 8/8 9:50PM (TB @ SEA),12000,43786679,0,0,0,36,,,,,,,,,,,,,,,https://dkn.gs/sports/images/mlb/players/50/658822.png,,,,,,,8/8/2026,,,,,,,,,,,,,,,,,,,,,,,,,,
Bryce Miller,CPT,SEA,Showdown Captain Mode,Sat Aug 08 2026 01:00:00 GMT-0500 (Central Daylight Time),Showdown Captain Mode 8/8 9:50PM (TB @ SEA),18000,43786769,0,0,0,54,,,,,,,,,,,,,,,https://dkn.gs/sports/images/mlb/players/50/581991.png,,,,,,,8/8/2026,,,,,,,,,,,,,,,,,,,,,,,,,,
Bryce Miller,SP,SEA,Showdown Captain Mode,Sat Aug 08 2026 01:00:00 GMT-0500 (Central Daylight Time),Showdown Captain Mode 8/8 9:50PM (TB @ SEA),12000,43786680,0,0,0,36,,,,,,,,,,,,,,,https://dkn.gs/sports/images/mlb/players/50/581991.png,,,,,,,8/8/2026,,,,,,,,,,,,,,,,,,,,,,,,,,
Shane McClanahan,CPT,TB,Showdown Captain Mode,Sat Aug 08 2026 01:00:00 GMT-0500 (Central Daylight Time),Showdown Captain Mode 8/8 9:50PM (TB @ SEA),17400,43786770,0,0,0,52.2,,,,,,,,,,,,,,,https://dkn.gs/sports/images/mlb/players/50/112739.png,,,,,,,8/8/2026,,,,,,,,,,,,,,,,,,,,,,,,,,
Shane McClanahan,SP,TB,Showdown Captain Mode,Sat Aug 08 2026 01:00:00 GMT-0500 (Central Daylight Time),Showdown Captain Mode 8/8 9:50PM (TB @ SEA),11600,43786681,0,0,0,34.8,,,,,,,,,,,,,,,https://dkn.gs/sports/images/mlb/players/50/112739.png,,,,,,,8/8/2026,,,,,,,,,,,,,,,,,,,,,,,,,,
Emerson Hancock,CPT,SEA,Showdown Captain Mode,Sat Aug 08 2026 01:00:00 GMT-0500 (Central Daylight Time),Showdown Captain Mode 8/8 9:50PM (TB @ SEA),16800,43786771,0,0,0,50.4,,,,,,,,,,,,,,,https://dkn.gs/sports/images/mlb/players/50/494656.png,,,,,,,8/8/2026,,,,,,,,,,,,,,,,,,,,,,,,,,
Emerson Hancock,SP,SEA,Showdown Captain Mode,Sat Aug 08 2026 01:00:00 GMT-0500 (Central Daylight Time),Showdown Captain Mode 8/8 9:50PM (TB @ SEA),11200,43786682,0,0,0,33.6,,,,,,,,,,,,,,,https://dkn.gs/sports/images/mlb/players/50/494656.png,,,,,,,8/8/2026,,,,,,,,,,,,,,,,,,,,,,,,,,
Joe Boyle,CPT,TB,Showdown Captain Mode,Sat Aug 08 2026 01:00:00 GMT-0500 (Central Daylight Time),Showdown Captain Mode 8/8 9:50PM (TB @ SEA),16800,43786772,0,0,0,50.4,,,,,,,,,,,,,,,https://dkn.gs/sports/images/mlb/players/50/643466.png,,,,,,,8/8/2026,,,,,,,,,,,,,,,,,,,,,,,,,,
Joe Boyle,RP,TB,Showdown Captain Mode,Sat Aug 08 2026 01:00:00 GMT-0500 (Central Daylight Time),Showdown Captain Mode 8/8 9:50PM (TB @ SEA),11200,43786683,0,0,0,33.6,,,,,,,,,,,,,,,https://dkn.gs/sports/images/mlb/players/50/643466.png,,,,,,,8/8/2026,,,,,,,,,,,,,,,,,,,,,,,,,,
Freddy Peralta,CPT,TB,Showdown Captain Mode,Sat Aug 08 2026 01:00:00 GMT-0500 (Central Daylight Time),Showdown Captain Mode 8/8 9:50PM (TB @ SEA),16500,43786773,0,0,0,49.5,,,,,,,,,,,,,,,https://dkn.gs/sports/images/mlb/players/50/31652.png,,,,,,,8/8/2026,,,,,,,,,,,,,,,,,,,,,,,,,,
Freddy Peralta,SP,TB,Showdown Captain Mode,Sat Aug 08 2026 01:00:00 GMT-0500 (Central Daylight Time),Showdown Captain Mode 8/8 9:50PM (TB @ SEA),11000,43786684,0,0,0,33,,,,,,,,,,,,,,,https://dkn.gs/sports/images/mlb/players/50/31652.png,,,,,,,8/8/2026,,,,,,,,,,,,,,,,,,,,,,,,,,
Nick Martinez,CPT,TB,Showdown Captain Mode,Sat Aug 08 2026 01:00:00 GMT-0500 (Central Daylight Time),Showdown Captain Mode 8/8 9:50PM (TB @ SEA),16500,43786774,0,0,0,49.5,,,,,,,,,,,,,,,https://dkn.gs/sports/images/mlb/players/50/111340.png,,,,,,,8/8/2026,,,,,,,,,,,,,,,,,,,,,,,,,,
Nick Martinez,RP,TB,Showdown Captain Mode,Sat Aug 08 2026 01:00:00 GMT-0500 (Central Daylight Time),Showdown Captain Mode 8/8 9:50PM (TB @ SEA),11000,43786685,0,0,0,33,,,,,,,,,,,,,,,https://dkn.gs/sports/images/mlb/players/50/111340.png,,,,,,,8/8/2026,,,,,,,,,,,,,,,,,,,,,,,,,,
Cooper Criswell,CPT,SEA,Showdown Captain Mode,Sat Aug 08 2026 01:00:00 GMT-0500 (Central Daylight Time),Showdown Captain Mode 8/8 9:50PM (TB @ SEA),15900,43786775,0,0,0,47.7,,,,,,,,,,,,,,,https://dkn.gs/sports/images/mlb/players/50/598473.png,,,,,,,8/8/2026,,,,,,,,,,,,,,,,,,,,,,,,,,
Cooper Criswell,RP,SEA,Showdown Captain Mode,Sat Aug 08 2026 01:00:00 GMT-0500 (Central Daylight Time),Showdown Captain Mode 8/8 9:50PM (TB @ SEA),10600,43786686,0,0,0,31.8,,,,,,,,,,,,,,,https://dkn.gs/sports/images/mlb/players/50/598473.png,,,,,,,8/8/2026,,,,,,,,,,,,,,,,,,,,,,,,,,
Logan Evans,CPT,SEA,Showdown Captain Mode,Sat Aug 08 2026 01:00:00 GMT-0500 (Central Daylight Time),Showdown Captain Mode 8/8 9:50PM (TB @ SEA),15900,43786776,0,0,0,47.7,,,,,,,,,,,,,,,https://dkn.gs/sports/images/mlb/players/50/780053.png,,,,,,,8/8/2026,,,,,,,,,,,,,,,,,,,,,,,,,,
Logan Evans,SP,SEA,Showdown Captain Mode,Sat Aug 08 2026 01:00:00 GMT-0500 (Central Daylight Time),Showdown Captain Mode 8/8 9:50PM (TB @ SEA),10600,43786687,0,0,0,31.8,,,,,,,,,,,,,,,https://dkn.gs/sports/images/mlb/players/50/780053.png,,,,,,,8/8/2026,,,,,,,,,,,,,,,,,,,,,,,,,,
Ian Seymour,CPT,TB,Showdown Captain Mode,Sat Aug 08 2026 01:00:00 GMT-0500 (Central Daylight Time),Showdown Captain Mode 8/8 9:50PM (TB @ SEA),15300,43786777,0,0,0,45.9,,,,,,,,,,,,,,,https://dkn.gs/sports/images/mlb/players/50/516971.png,,,,,,,8/8/2026,,,,,,,,,,,,,,,,,,,,,,,,,,
Ian Seymour,RP,TB,Showdown Captain Mode,Sat Aug 08 2026 01:00:00 GMT-0500 (Central Daylight Time),Showdown Captain Mode 8/8 9:50PM (TB @ SEA),10200,43786688,0,0,0,30.6,,,,,,,,,,,,,,,https://dkn.gs/sports/images/mlb/players/50/516971.png,,,,,,,8/8/2026,,,,,,,,,,,,,,,,,,,,,,,,,,
Jesse Scholtens,CPT,TB,Showdown Captain Mode,Sat Aug 08 2026 01:00:00 GMT-0500 (Central Daylight Time),Showdown Captain Mode 8/8 9:50PM (TB @ SEA),15000,43786778,0,0,0,45,,,,,,,,,,,,,,,https://dkn.gs/sports/images/mlb/players/50/476778.png,,,,,,,8/8/2026,,,,,,,,,,,,,,,,,,,,,,,,,,
Jesse Scholtens,RP,TB,Showdown Captain Mode,Sat Aug 08 2026 01:00:00 GMT-0500 (Central Daylight Time),Showdown Captain Mode 8/8 9:50PM (TB @ SEA),10000,43786689,0,0,0,30,,,,,,,,,,,,,,,https://dkn.gs/sports/images/mlb/players/50/476778.png,,,,,,,8/8/2026,,,,,,,,,,,,,,,,,,,,,,,,,,
Steven Matz,CPT,TB,Showdown Captain Mode,Sat Aug 08 2026 01:00:00 GMT-0500 (Central Daylight Time),Showdown Captain Mode 8/8 9:50PM (TB @ SEA),15000,43786779,0,0,0,45,,,,,,,,,,,,,,,https://dkn.gs/sports/images/mlb/players/50/31739.png,,,,,,,8/8/2026,,,,,,,,,,,,,,,,,,,,,,,,,,
Steven Matz,SP,TB,Showdown Captain Mode,Sat Aug 08 2026 01:00:00 GMT-0500 (Central Daylight Time),Showdown Captain Mode 8/8 9:50PM (TB @ SEA),10000,43786690,0,0,0,30,,,,,,,,,,,,,,,https://dkn.gs/sports/images/mlb/players/50/31739.png,,,,,,,8/8/2026,,,,,,,,,,,,,,,,,,,,,,,,,,
Tyler Wells,CPT,TB,Showdown Captain Mode,Sat Aug 08 2026 01:00:00 GMT-0500 (Central Daylight Time),Showdown Captain Mode 8/8 9:50PM (TB @ SEA),15000,43786780,0,0,0,45,,,,,,,,,,,,,,,https://dkn.gs/sports/images/mlb/players/50/459683.png,,,,,,,8/8/2026,,,,,,,,,,,,,,,,,,,,,,,,,,
Tyler Wells,SP,TB,Showdown Captain Mode,Sat Aug 08 2026 01:00:00 GMT-0500 (Central Daylight Time),Showdown Captain Mode 8/8 9:50PM (TB @ SEA),10000,43786691,0,0,0,30,,,,,,,,,,,,,,,https://dkn.gs/sports/images/mlb/players/50/459683.png,,,,,,,8/8/2026,,,,,,,,,,,,,,,,,,,,,,,,,,
Mason Englert,CPT,TB,Showdown Captain Mode,Sat Aug 08 2026 01:00:00 GMT-0500 (Central Daylight Time),Showdown Captain Mode 8/8 9:50PM (TB @ SEA),15000,43786781,0,0,0,45,,,,,,,,,,,,,,,https://dkn.gs/sports/images/mlb/players/50/111370.png,,,,,,,8/8/2026,,,,,,,,,,,,,,,,,,,,,,,,,,
Mason Englert,RP,TB,Showdown Captain Mode,Sat Aug 08 2026 01:00:00 GMT-0500 (Central Daylight Time),Showdown Captain Mode 8/8 9:50PM (TB @ SEA),10000,43786692,0,0,0,30,,,,,,,,,,,,,,,https://dkn.gs/sports/images/mlb/players/50/111370.png,,,,,,,8/8/2026,,,,,,,,,,,,,,,,,,,,,,,,,,
Ryan Pepiot,CPT,TB,Showdown Captain Mode,Sat Aug 08 2026 01:00:00 GMT-0500 (Central Daylight Time),Showdown Captain Mode 8/8 9:50PM (TB @ SEA),15000,43786782,0,0,0,45,,,,,,,,,,,,,,,https://dkn.gs/sports/images/mlb/players/50/501166.png,,,,,,,8/8/2026,,,,,,,,,,,,,,,,,,,,,,,,,,
Ryan Pepiot,SP,TB,Showdown Captain Mode,Sat Aug 08 2026 01:00:00 GMT-0500 (Central Daylight Time),Showdown Captain Mode 8/8 9:50PM (TB @ SEA),10000,43786693,0,0,0,30,,,,,,,,,,,,,,,https://dkn.gs/sports/images/mlb/players/50/501166.png,,,,,,,8/8/2026,,,,,,,,,,,,,,,,,,,,,,,,,,
Jonny DeLuca,CPT,TB,Showdown Captain Mode,Sat Aug 08 2026 01:00:00 GMT-0500 (Central Daylight Time),Showdown Captain Mode 8/8 9:50PM (TB @ SEA),10800,43786732,0,0,0,32.4,,,,,,,,,,,,,,,https://dkn.gs/sports/images/mlb/players/50/637107.png,,,,,,,8/8/2026,,,,,,,,,,,,,,,,,,,,,,,,,,
Jonny DeLuca,OF,TB,Showdown Captain Mode,Sat Aug 08 2026 01:00:00 GMT-0500 (Central Daylight Time),Showdown Captain Mode 8/8 9:50PM (TB @ SEA),7200,43786643,0,0,0,21.6,,,,,,,,,,,,,,,https://dkn.gs/sports/images/mlb/players/50/637107.png,,,,,,,8/8/2026,,,,,,,,,,,,,,,,,,,,,,,,,,
Ben Williamson,CPT,TB,Showdown Captain Mode,Sat Aug 08 2026 01:00:00 GMT-0500 (Central Daylight Time),Showdown Captain Mode 8/8 9:50PM (TB @ SEA),8700,43786739,0,0,0,26.1,,,,,,,,,,,,,,,https://dkn.gs/sports/images/mlb/players/50/723690.png,,,,,,,8/8/2026,,,,,,,,,,,,,,,,,,,,,,,,,,
Ben Williamson,2B/SS,TB,Showdown Captain Mode,Sat Aug 08 2026 01:00:00 GMT-0500 (Central Daylight Time),Showdown Captain Mode 8/8 9:50PM (TB @ SEA),5800,43786650,0,0,0,17.4,,,,,,,,,,,,,,,https://dkn.gs/sports/images/mlb/players/50/723690.png,,,,,,,8/8/2026,,,,,,,,,,,,,,,,,,,,,,,,,,
Nick Fortes,CPT,TB,Showdown Captain Mode,Sat Aug 08 2026 01:00:00 GMT-0500 (Central Daylight Time),Showdown Captain Mode 8/8 9:50PM (TB @ SEA),7500,43786743,0,0,0,22.5,,,,,,,,,,,,,,,https://dkn.gs/sports/images/mlb/players/50/506818.png,,,,,,,8/8/2026,,,,,,,,,,,,,,,,,,,,,,,,,,
Nick Fortes,C,TB,Showdown Captain Mode,Sat Aug 08 2026 01:00:00 GMT-0500 (Central Daylight Time),Showdown Captain Mode 8/8 9:50PM (TB @ SEA),5000,43786654,0,0,0,15,,,,,,,,,,,,,,,https://dkn.gs/sports/images/mlb/players/50/506818.png,,,,,,,8/8/2026,,,,,,,,,,,,,,,,,,,,,,,,,,
Jhonny Pereda,CPT,SEA,Showdown Captain Mode,Sat Aug 08 2026 01:00:00 GMT-0500 (Central Daylight Time),Showdown Captain Mode 8/8 9:50PM (TB @ SEA),7200,43786744,0,0,0,21.6,,,,,,,,,,,,,,,https://dkn.gs/sports/images/mlb/players/50/111654.png,,,,,,,8/8/2026,,,,,,,,,,,,,,,,,,,,,,,,,,
Jhonny Pereda,C,SEA,Showdown Captain Mode,Sat Aug 08 2026 01:00:00 GMT-0500 (Central Daylight Time),Showdown Captain Mode 8/8 9:50PM (TB @ SEA),4800,43786655,0,0,0,14.4,,,,,,,,,,,,,,,https://dkn.gs/sports/images/mlb/players/50/111654.png,,,,,,,8/8/2026,,,,,,,,,,,,,,,,,,,,,,,,,,
Jake Fraley,CPT,TB,Showdown Captain Mode,Sat Aug 08 2026 01:00:00 GMT-0500 (Central Daylight Time),Showdown Captain Mode 8/8 9:50PM (TB @ SEA),6900,43786750,0,0,0,20.7,,,,,,,,,,,,,,,https://dkn.gs/sports/images/mlb/players/50/31624.png,,,,,,,8/8/2026,,,,,,,,,,,,,,,,,,,,,,,,,,
Jake Fraley,OF,TB,Showdown Captain Mode,Sat Aug 08 2026 01:00:00 GMT-0500 (Central Daylight Time),Showdown Captain Mode 8/8 9:50PM (TB @ SEA),4600,43786661,0,0,0,13.8,,,,,,,,,,,,,,,https://dkn.gs/sports/images/mlb/players/50/31624.png,,,,,,,8/8/2026,,,,,,,,,,,,,,,,,,,,,,,,,,
Gavin Lux,CPT,TB,Showdown Captain Mode,Sat Aug 08 2026 01:00:00 GMT-0500 (Central Daylight Time),Showdown Captain Mode 8/8 9:50PM (TB @ SEA),6600,43786751,0,0,0,19.8,,,,,,,,,,,,,,,https://dkn.gs/sports/images/mlb/players/50/32720.png,,,,,,,8/8/2026,,,,,,,,,,,,,,,,,,,,,,,,,,
Gavin Lux,OF,TB,Showdown Captain Mode,Sat Aug 08 2026 01:00:00 GMT-0500 (Central Daylight Time),Showdown Captain Mode 8/8 9:50PM (TB @ SEA),4400,43786662,0,0,0,13.2,,,,,,,,,,,,,,,https://dkn.gs/sports/images/mlb/players/50/32720.png,,,,,,,8/8/2026,,,,,,,,,,,,,,,,,,,,,,,,,,
Ryan Vilade,CPT,TB,Showdown Captain Mode,Sat Aug 08 2026 01:00:00 GMT-0500 (Central Daylight Time),Showdown Captain Mode 8/8 9:50PM (TB @ SEA),6300,43786745,0,0,0,18.9,,,,,,,,,,,,,,,https://dkn.gs/sports/images/mlb/players/50/112499.png,,,,,,,8/8/2026,,,,,,,,,,,,,,,,,,,,,,,,,,
Ryan Vilade,1B/OF,TB,Showdown Captain Mode,Sat Aug 08 2026 01:00:00 GMT-0500 (Central Daylight Time),Showdown Captain Mode 8/8 9:50PM (TB @ SEA),4200,43786656,0,0,0,12.6,,,,,,,,,,,,,,,https://dkn.gs/sports/images/mlb/players/50/112499.png,,,,,,,8/8/2026,,,,,,,,,,,,,,,,,,,,,,,,,,
J.P. Crawford,CPT,SEA,Showdown Captain Mode,Sat Aug 08 2026 01:00:00 GMT-0500 (Central Daylight Time),Showdown Captain Mode 8/8 9:50PM (TB @ SEA),6300,43786752,0,0,0,18.9,,,,,,,,,,,,,,,https://dkn.gs/sports/images/mlb/players/50/31543.png,,,,,,,8/8/2026,,,,,,,,,,,,,,,,,,,,,,,,,,
J.P. Crawford,3B/SS,SEA,Showdown Captain Mode,Sat Aug 08 2026 01:00:00 GMT-0500 (Central Daylight Time),Showdown Captain Mode 8/8 9:50PM (TB @ SEA),4200,43786663,0,0,0,12.6,,,,,,,,,,,,,,,https://dkn.gs/sports/images/mlb/players/50/31543.png,,,,,,,8/8/2026,,,,,,,,,,,,,,,,,,,,,,,,,,
Luke Raley,CPT,SEA,Showdown Captain Mode,Sat Aug 08 2026 01:00:00 GMT-0500 (Central Daylight Time),Showdown Captain Mode 8/8 9:50PM (TB @ SEA),6000,43786753,0,0,0,18,,,,,,,,,,,,,,,https://dkn.gs/sports/images/mlb/players/50/111046.png,,,,,,,8/8/2026,,,,,,,,,,,,,,,,,,,,,,,,,,
Luke Raley,OF,SEA,Showdown Captain Mode,Sat Aug 08 2026 01:00:00 GMT-0500 (Central Daylight Time),Showdown Captain Mode 8/8 9:50PM (TB @ SEA),4000,43786664,0,0,0,12,,,,,,,,,,,,,,,https://dkn.gs/sports/images/mlb/players/50/111046.png,,,,,,,8/8/2026,,,,,,,,,,,,,,,,,,,,,,,,,,
Hunter Bigge,CPT,TB,Showdown Captain Mode,Sat Aug 08 2026 01:00:00 GMT-0500 (Central Daylight Time),Showdown Captain Mode 8/8 9:50PM (TB @ SEA),6000,43786783,0,0,0,18,,,,,,,,,,,,,,,https://dkn.gs/sports/images/mlb/players/50/698918.png,,,,,,,8/8/2026,,,,,,,,,,,,,,,,,,,,,,,,,,
Hunter Bigge,RP,TB,Showdown Captain Mode,Sat Aug 08 2026 01:00:00 GMT-0500 (Central Daylight Time),Showdown Captain Mode 8/8 9:50PM (TB @ SEA),4000,43786694,0,0,0,12,,,,,,,,,,,,,,,https://dkn.gs/sports/images/mlb/players/50/698918.png,,,,,,,8/8/2026,,,,,,,,,,,,,,,,,,,,,,,,,,
Jon Heasley,CPT,TB,Showdown Captain Mode,Sat Aug 08 2026 01:00:00 GMT-0500 (Central Daylight Time),Showdown Captain Mode 8/8 9:50PM (TB @ SEA),6000,43786784,0,0,0,18,,,,,,,,,,,,,,,https://dkn.gs/sports/images/mlb/players/50/475913.png,,,,,,,8/8/2026,,,,,,,,,,,,,,,,,,,,,,,,,,
Jon Heasley,RP,TB,Showdown Captain Mode,Sat Aug 08 2026 01:00:00 GMT-0500 (Central Daylight Time),Showdown Captain Mode 8/8 9:50PM (TB @ SEA),4000,43786695,0,0,0,12,,,,,,,,,,,,,,,https://dkn.gs/sports/images/mlb/players/50/475913.png,,,,,,,8/8/2026,,,,,,,,,,,,,,,,,,,,,,,,,,
Robinson Ortiz,CPT,SEA,Showdown Captain Mode,Sat Aug 08 2026 01:00:00 GMT-0500 (Central Daylight Time),Showdown Captain Mode 8/8 9:50PM (TB @ SEA),6000,43786785,0,0,0,18,,,,,,,,,,,,,,,https://dkn.gs/sports/images/mlb/players/50/549427.png,,,,,,,8/8/2026,,,,,,,,,,,,,,,,,,,,,,,,,,
Robinson Ortiz,RP,SEA,Showdown Captain Mode,Sat Aug 08 2026 01:00:00 GMT-0500 (Central Daylight Time),Showdown Captain Mode 8/8 9:50PM (TB @ SEA),4000,43786696,0,0,0,12,,,,,,,,,,,,,,,https://dkn.gs/sports/images/mlb/players/50/549427.png,,,,,,,8/8/2026,,,,,,,,,,,,,,,,,,,,,,,,,,
Gabe Speier,CPT,SEA,Showdown Captain Mode,Sat Aug 08 2026 01:00:00 GMT-0500 (Central Daylight Time),Showdown Captain Mode 8/8 9:50PM (TB @ SEA),6000,43786786,0,0,0,18,,,,,,,,,,,,,,,https://dkn.gs/sports/images/mlb/players/50/32146.png,,,,,,,8/8/2026,,,,,,,,,,,,,,,,,,,,,,,,,,
Gabe Speier,RP,SEA,Showdown Captain Mode,Sat Aug 08 2026 01:00:00 GMT-0500 (Central Daylight Time),Showdown Captain Mode 8/8 9:50PM (TB @ SEA),4000,43786697,0,0,0,12,,,,,,,,,,,,,,,https://dkn.gs/sports/images/mlb/players/50/32146.png,,,,,,,8/8/2026,,,,,,,,,,,,,,,,,,,,,,,,,,
Alex Cook,CPT,TB,Showdown Captain Mode,Sat Aug 08 2026 01:00:00 GMT-0500 (Central Daylight Time),Showdown Captain Mode 8/8 9:50PM (TB @ SEA),6000,43786787,0,0,0,18,,,,,,,,,,,,,,,https://dkn.gs/sports/images/mlb/players/50/779812.png,,,,,,,8/8/2026,,,,,,,,,,,,,,,,,,,,,,,,,,
Alex Cook,RP,TB,Showdown Captain Mode,Sat Aug 08 2026 01:00:00 GMT-0500 (Central Daylight Time),Showdown Captain Mode 8/8 9:50PM (TB @ SEA),4000,43786698,0,0,0,12,,,,,,,,,,,,,,,https://dkn.gs/sports/images/mlb/players/50/779812.png,,,,,,,8/8/2026,,,,,,,,,,,,,,,,,,,,,,,,,,
Seranthony Dominguez,CPT,SEA,Showdown Captain Mode,Sat Aug 08 2026 01:00:00 GMT-0500 (Central Daylight Time),Showdown Captain Mode 8/8 9:50PM (TB @ SEA),6000,43786788,0,0,0,18,,,,,,,,,,,,,,,https://dkn.gs/sports/images/mlb/players/50/32083.png,,,,,,,8/8/2026,,,,,,,,,,,,,,,,,,,,,,,,,,
Seranthony Dominguez,RP,SEA,Showdown Captain Mode,Sat Aug 08 2026 01:00:00 GMT-0500 (Central Daylight Time),Showdown Captain Mode 8/8 9:50PM (TB @ SEA),4000,43786699,0,0,0,12,,,,,,,,,,,,,,,https://dkn.gs/sports/images/mlb/players/50/32083.png,,,,,,,8/8/2026,,,,,,,,,,,,,,,,,,,,,,,,,,
Michael Grove,CPT,TB,Showdown Captain Mode,Sat Aug 08 2026 01:00:00 GMT-0500 (Central Daylight Time),Showdown Captain Mode 8/8 9:50PM (TB @ SEA),6000,43786789,0,0,0,18,,,,,,,,,,,,,,,https://dkn.gs/sports/images/mlb/players/50/111900.png,,,,,,,8/8/2026,,,,,,,,,,,,,,,,,,,,,,,,,,
Michael Grove,RP,TB,Showdown Captain Mode,Sat Aug 08 2026 01:00:00 GMT-0500 (Central Daylight Time),Showdown Captain Mode 8/8 9:50PM (TB @ SEA),4000,43786700,0,0,0,12,,,,,,,,,,,,,,,https://dkn.gs/sports/images/mlb/players/50/111900.png,,,,,,,8/8/2026,,,,,,,,,,,,,,,,,,,,,,,,,,
Matt Brash,CPT,SEA,Showdown Captain Mode,Sat Aug 08 2026 01:00:00 GMT-0500 (Central Daylight Time),Showdown Captain Mode 8/8 9:50PM (TB @ SEA),6000,43786790,0,0,0,18,,,,,,,,,,,,,,,https://dkn.gs/sports/images/mlb/players/50/512576.png,,,,,,,8/8/2026,,,,,,,,,,,,,,,,,,,,,,,,,,
Matt Brash,RP,SEA,Showdown Captain Mode,Sat Aug 08 2026 01:00:00 GMT-0500 (Central Daylight Time),Showdown Captain Mode 8/8 9:50PM (TB @ SEA),4000,43786701,0,0,0,12,,,,,,,,,,,,,,,https://dkn.gs/sports/images/mlb/players/50/512576.png,,,,,,,8/8/2026,,,,,,,,,,,,,,,,,,,,,,,,,,
Chris Roycroft,CPT,TB,Showdown Captain Mode,Sat Aug 08 2026 01:00:00 GMT-0500 (Central Daylight Time),Showdown Captain Mode 8/8 9:50PM (TB @ SEA),6000,43786791,0,0,0,18,,,,,,,,,,,,,,,https://dkn.gs/sports/images/mlb/players/50/781157.png,,,,,,,8/8/2026,,,,,,,,,,,,,,,,,,,,,,,,,,
Chris Roycroft,RP,TB,Showdown Captain Mode,Sat Aug 08 2026 01:00:00 GMT-0500 (Central Daylight Time),Showdown Captain Mode 8/8 9:50PM (TB @ SEA),4000,43786702,0,0,0,12,,,,,,,,,,,,,,,https://dkn.gs/sports/images/mlb/players/50/781157.png,,,,,,,8/8/2026,,,,,,,,,,,,,,,,,,,,,,,,,,
Michael Rucker,CPT,SEA,Showdown Captain Mode,Sat Aug 08 2026 01:00:00 GMT-0500 (Central Daylight Time),Showdown Captain Mode 8/8 9:50PM (TB @ SEA),6000,43786792,0,0,0,18,,,,,,,,,,,,,,,https://dkn.gs/sports/images/mlb/players/50/111672.png,,,,,,,8/8/2026,,,,,,,,,,,,,,,,,,,,,,,,,,
Michael Rucker,RP,SEA,Showdown Captain Mode,Sat Aug 08 2026 01:00:00 GMT-0500 (Central Daylight Time),Showdown Captain Mode 8/8 9:50PM (TB @ SEA),4000,43786703,0,0,0,12,,,,,,,,,,,,,,,https://dkn.gs/sports/images/mlb/players/50/111672.png,,,,,,,8/8/2026,,,,,,,,,,,,,,,,,,,,,,,,,,
Manuel Rodriguez,CPT,TB,Showdown Captain Mode,Sat Aug 08 2026 01:00:00 GMT-0500 (Central Daylight Time),Showdown Captain Mode 8/8 9:50PM (TB @ SEA),6000,43786793,0,0,0,18,,,,,,,,,,,,,,,https://dkn.gs/sports/images/mlb/players/50/457211.png,,,,,,,8/8/2026,,,,,,,,,,,,,,,,,,,,,,,,,,
Manuel Rodriguez,RP,TB,Showdown Captain Mode,Sat Aug 08 2026 01:00:00 GMT-0500 (Central Daylight Time),Showdown Captain Mode 8/8 9:50PM (TB @ SEA),4000,43786704,0,0,0,12,,,,,,,,,,,,,,,https://dkn.gs/sports/images/mlb/players/50/457211.png,,,,,,,8/8/2026,,,,,,,,,,,,,,,,,,,,,,,,,,
Garrett Cleavinger,CPT,TB,Showdown Captain Mode,Sat Aug 08 2026 01:00:00 GMT-0500 (Central Daylight Time),Showdown Captain Mode 8/8 9:50PM (TB @ SEA),6000,43786794,0,0,0,18,,,,,,,,,,,,,,,https://dkn.gs/sports/images/mlb/players/50/457323.png,,,,,,,8/8/2026,,,,,,,,,,,,,,,,,,,,,,,,,,
Garrett Cleavinger,RP,TB,Showdown Captain Mode,Sat Aug 08 2026 01:00:00 GMT-0500 (Central Daylight Time),Showdown Captain Mode 8/8 9:50PM (TB @ SEA),4000,43786705,0,0,0,12,,,,,,,,,,,,,,,https://dkn.gs/sports/images/mlb/players/50/457323.png,,,,,,,8/8/2026,,,,,,,,,,,,,,,,,,,,,,,,,,
Cole Sulser,CPT,TB,Showdown Captain Mode,Sat Aug 08 2026 01:00:00 GMT-0500 (Central Daylight Time),Showdown Captain Mode 8/8 9:50PM (TB @ SEA),6000,43786795,0,0,0,18,,,,,,,,,,,,,,,https://dkn.gs/sports/images/mlb/players/50/31763.png,,,,,,,8/8/2026,,,,,,,,,,,,,,,,,,,,,,,,,,
Cole Sulser,RP,TB,Showdown Captain Mode,Sat Aug 08 2026 01:00:00 GMT-0500 (Central Daylight Time),Showdown Captain Mode 8/8 9:50PM (TB @ SEA),4000,43786706,0,0,0,12,,,,,,,,,,,,,,,https://dkn.gs/sports/images/mlb/players/50/31763.png,,,,,,,8/8/2026,,,,,,,,,,,,,,,,,,,,,,,,,,
Carlos Vargas,CPT,SEA,Showdown Captain Mode,Sat Aug 08 2026 01:00:00 GMT-0500 (Central Daylight Time),Showdown Captain Mode 8/8 9:50PM (TB @ SEA),6000,43786796,0,0,0,18,,,,,,,,,,,,,,,https://dkn.gs/sports/images/mlb/players/50/459776.png,,,,,,,8/8/2026,,,,,,,,,,,,,,,,,,,,,,,,,,
Carlos Vargas,RP,SEA,Showdown Captain Mode,Sat Aug 08 2026 01:00:00 GMT-0500 (Central Daylight Time),Showdown Captain Mode 8/8 9:50PM (TB @ SEA),4000,43786707,0,0,0,12,,,,,,,,,,,,,,,https://dkn.gs/sports/images/mlb/players/50/459776.png,,,,,,,8/8/2026,,,,,,,,,,,,,,,,,,,,,,,,,,
Trevor Martin,CPT,TB,Showdown Captain Mode,Sat Aug 08 2026 01:00:00 GMT-0500 (Central Daylight Time),Showdown Captain Mode 8/8 9:50PM (TB @ SEA),6000,43786797,0,0,0,18,,,,,,,,,,,,,,,https://dkn.gs/sports/images/mlb/teams/50/29880.png,,,,,,,8/8/2026,,,,,,,,,,,,,,,,,,,,,,,,,,
Trevor Martin,RP,TB,Showdown Captain Mode,Sat Aug 08 2026 01:00:00 GMT-0500 (Central Daylight Time),Showdown Captain Mode 8/8 9:50PM (TB @ SEA),4000,43786708,0,0,0,12,,,,,,,,,,,,,,,https://dkn.gs/sports/images/mlb/teams/50/29880.png,,,,,,,8/8/2026,,,,,,,,,,,,,,,,,,,,,,,,,,
Nick Davila,CPT,SEA,Showdown Captain Mode,Sat Aug 08 2026 01:00:00 GMT-0500 (Central Daylight Time),Showdown Captain Mode 8/8 9:50PM (TB @ SEA),6000,43786798,0,0,0,18,,,,,,,,,,,,,,,https://dkn.gs/sports/images/mlb/teams/50/29815.png,,,,,,,8/8/2026,,,,,,,,,,,,,,,,,,,,,,,,,,
Nick Davila,RP,SEA,Showdown Captain Mode,Sat Aug 08 2026 01:00:00 GMT-0500 (Central Daylight Time),Showdown Captain Mode 8/8 9:50PM (TB @ SEA),4000,43786709,0,0,0,12,,,,,,,,,,,,,,,https://dkn.gs/sports/images/mlb/teams/50/29815.png,,,,,,,8/8/2026,,,,,,,,,,,,,,,,,,,,,,,,,,
Kevin Kelly,CPT,TB,Showdown Captain Mode,Sat Aug 08 2026 01:00:00 GMT-0500 (Central Daylight Time),Showdown Captain Mode 8/8 9:50PM (TB @ SEA),6000,43786799,0,0,0,18,,,,,,,,,,,,,,,https://dkn.gs/sports/images/mlb/players/50/637030.png,,,,,,,8/8/2026,,,,,,,,,,,,,,,,,,,,,,,,,,
Kevin Kelly,RP,TB,Showdown Captain Mode,Sat Aug 08 2026 01:00:00 GMT-0500 (Central Daylight Time),Showdown Captain Mode 8/8 9:50PM (TB @ SEA),4000,43786710,0,0,0,12,,,,,,,,,,,,,,,https://dkn.gs/sports/images/mlb/players/50/637030.png,,,,,,,8/8/2026,,,,,,,,,,,,,,,,,,,,,,,,,,
Cam Booser,CPT,TB,Showdown Captain Mode,Sat Aug 08 2026 01:00:00 GMT-0500 (Central Daylight Time),Showdown Captain Mode 8/8 9:50PM (TB @ SEA),6000,43786800,0,0,0,18,,,,,,,,,,,,,,,https://dkn.gs/sports/images/mlb/players/50/638767.png,,,,,,,8/8/2026,,,,,,,,,,,,,,,,,,,,,,,,,,
Cam Booser,RP,TB,Showdown Captain Mode,Sat Aug 08 2026 01:00:00 GMT-0500 (Central Daylight Time),Showdown Captain Mode 8/8 9:50PM (TB @ SEA),4000,43786711,0,0,0,12,,,,,,,,,,,,,,,https://dkn.gs/sports/images/mlb/players/50/638767.png,,,,,,,8/8/2026,,,,,,,,,,,,,,,,,,,,,,,,,,
Josh Simpson,CPT,SEA,Showdown Captain Mode,Sat Aug 08 2026 01:00:00 GMT-0500 (Central Daylight Time),Showdown Captain Mode 8/8 9:50PM (TB @ SEA),6000,43786801,0,0,0,18,,,,,,,,,,,,,,,https://dkn.gs/sports/images/mlb/players/50/684506.png,,,,,,,8/8/2026,,,,,,,,,,,,,,,,,,,,,,,,,,
Josh Simpson,RP,SEA,Showdown Captain Mode,Sat Aug 08 2026 01:00:00 GMT-0500 (Central Daylight Time),Showdown Captain Mode 8/8 9:50PM (TB @ SEA),4000,43786712,0,0,0,12,,,,,,,,,,,,,,,https://dkn.gs/sports/images/mlb/players/50/684506.png,,,,,,,8/8/2026,,,,,,,,,,,,,,,,,,,,,,,,,,
Edwin Uceta,CPT,TB,Showdown Captain Mode,Sat Aug 08 2026 01:00:00 GMT-0500 (Central Daylight Time),Showdown Captain Mode 8/8 9:50PM (TB @ SEA),6000,43786802,0,0,0,18,,,,,,,,,,,,,,,https://dkn.gs/sports/images/mlb/players/50/111898.png,,,,,,,8/8/2026,,,,,,,,,,,,,,,,,,,,,,,,,,
Edwin Uceta,RP,TB,Showdown Captain Mode,Sat Aug 08 2026 01:00:00 GMT-0500 (Central Daylight Time),Showdown Captain Mode 8/8 9:50PM (TB @ SEA),4000,43786713,0,0,0,12,,,,,,,,,,,,,,,https://dkn.gs/sports/images/mlb/players/50/111898.png,,,,,,,8/8/2026,,,,,,,,,,,,,,,,,,,,,,,,,,
Bryan Baker,CPT,TB,Showdown Captain Mode,Sat Aug 08 2026 01:00:00 GMT-0500 (Central Daylight Time),Showdown Captain Mode 8/8 9:50PM (TB @ SEA),6000,43786803,0,0,0,18,,,,,,,,,,,,,,,https://dkn.gs/sports/images/mlb/players/50/476567.png,,,,,,,8/8/2026,,,,,,,,,,,,,,,,,,,,,,,,,,
Bryan Baker,RP,TB,Showdown Captain Mode,Sat Aug 08 2026 01:00:00 GMT-0500 (Central Daylight Time),Showdown Captain Mode 8/8 9:50PM (TB @ SEA),4000,43786714,0,0,0,12,,,,,,,,,,,,,,,https://dkn.gs/sports/images/mlb/players/50/476567.png,,,,,,,8/8/2026,,,,,,,,,,,,,,,,,,,,,,,,,,
Eduard Bazardo,CPT,SEA,Showdown Captain Mode,Sat Aug 08 2026 01:00:00 GMT-0500 (Central Daylight Time),Showdown Captain Mode 8/8 9:50PM (TB @ SEA),6000,43786804,0,0,0,18,,,,,,,,,,,,,,,https://dkn.gs/sports/images/mlb/players/50/476553.png,,,,,,,8/8/2026,,,,,,,,,,,,,,,,,,,,,,,,,,
Eduard Bazardo,RP,SEA,Showdown Captain Mode,Sat Aug 08 2026 01:00:00 GMT-0500 (Central Daylight Time),Showdown Captain Mode 8/8 9:50PM (TB @ SEA),4000,43786715,0,0,0,12,,,,,,,,,,,,,,,https://dkn.gs/sports/images/mlb/players/50/476553.png,,,,,,,8/8/2026,,,,,,,,,,,,,,,,,,,,,,,,,,
Jose A. Ferrer,CPT,SEA,Showdown Captain Mode,Sat Aug 08 2026 01:00:00 GMT-0500 (Central Daylight Time),Showdown Captain Mode 8/8 9:50PM (TB @ SEA),6000,43786805,0,0,0,18,,,,,,,,,,,,,,,https://dkn.gs/sports/images/mlb/players/50/684438.png,,,,,,,8/8/2026,,,,,,,,,,,,,,,,,,,,,,,,,,
Jose A. Ferrer,RP,SEA,Showdown Captain Mode,Sat Aug 08 2026 01:00:00 GMT-0500 (Central Daylight Time),Showdown Captain Mode 8/8 9:50PM (TB @ SEA),4000,43786716,0,0,0,12,,,,,,,,,,,,,,,https://dkn.gs/sports/images/mlb/players/50/684438.png,,,,,,,8/8/2026,,,,,,,,,,,,,,,,,,,,,,,,,,
Craig Kimbrel,CPT,TB,Showdown Captain Mode,Sat Aug 08 2026 01:00:00 GMT-0500 (Central Daylight Time),Showdown Captain Mode 8/8 9:50PM (TB @ SEA),6000,43786806,0,0,0,18,,,,,,,,,,,,,,,https://dkn.gs/sports/images/mlb/players/50/32316.png,,,,,,,8/8/2026,,,,,,,,,,,,,,,,,,,,,,,,,,
Craig Kimbrel,RP,TB,Showdown Captain Mode,Sat Aug 08 2026 01:00:00 GMT-0500 (Central Daylight Time),Showdown Captain Mode 8/8 9:50PM (TB @ SEA),4000,43786717,0,0,0,12,,,,,,,,,,,,,,,https://dkn.gs/sports/images/mlb/players/50/32316.png,,,,,,,8/8/2026,,,,,,,,,,,,,,,,,,,,,,,,,,
Andres Munoz,CPT,SEA,Showdown Captain Mode,Sat Aug 08 2026 01:00:00 GMT-0500 (Central Daylight Time),Showdown Captain Mode 8/8 9:50PM (TB @ SEA),6000,43786807,0,0,0,18,,,,,,,,,,,,,,,https://dkn.gs/sports/images/mlb/players/50/32633.png,,,,,,,8/8/2026,,,,,,,,,,,,,,,,,,,,,,,,,,
Andres Munoz,RP,SEA,Showdown Captain Mode,Sat Aug 08 2026 01:00:00 GMT-0500 (Central Daylight Time),Showdown Captain Mode 8/8 9:50PM (TB @ SEA),4000,43786718,0,0,0,12,,,,,,,,,,,,,,,https://dkn.gs/sports/images/mlb/players/50/32633.png,,,,,,,8/8/2026,,,,,,,,,,,,,,,,,,,,,,,,,,
Troy Taylor,CPT,SEA,Showdown Captain Mode,Sat Aug 08 2026 01:00:00 GMT-0500 (Central Daylight Time),Showdown Captain Mode 8/8 9:50PM (TB @ SEA),6000,43786808,0,0,0,18,,,,,,,,,,,,,,,https://dkn.gs/sports/images/mlb/players/50/703360.png,,,,,,,8/8/2026,,,,,,,,,,,,,,,,,,,,,,,,,,
Troy Taylor,RP,SEA,Showdown Captain Mode,Sat Aug 08 2026 01:00:00 GMT-0500 (Central Daylight Time),Showdown Captain Mode 8/8 9:50PM (TB @ SEA),4000,43786719,0,0,0,12,,,,,,,,,,,,,,,https://dkn.gs/sports/images/mlb/players/50/703360.png,,,,,,,8/8/2026,,,,,,,,,,,,,,,,,,,,,,,,,,
Cole Wilcox,CPT,SEA,Showdown Captain Mode,Sat Aug 08 2026 01:00:00 GMT-0500 (Central Daylight Time),Showdown Captain Mode 8/8 9:50PM (TB @ SEA),6000,43786809,0,0,0,18,,,,,,,,,,,,,,,https://dkn.gs/sports/images/mlb/players/50/494717.png,,,,,,,8/8/2026,,,,,,,,,,,,,,,,,,,,,,,,,,
Cole Wilcox,RP,SEA,Showdown Captain Mode,Sat Aug 08 2026 01:00:00 GMT-0500 (Central Daylight Time),Showdown Captain Mode 8/8 9:50PM (TB @ SEA),4000,43786720,0,0,0,12,,,,,,,,,,,,,,,https://dkn.gs/sports/images/mlb/players/50/494717.png,,,,,,,8/8/2026,,,,,,,,,,,,,,,,,,,,,,,,,,
Casey Legumina,CPT,TB,Showdown Captain Mode,Sat Aug 08 2026 01:00:00 GMT-0500 (Central Daylight Time),Showdown Captain Mode 8/8 9:50PM (TB @ SEA),6000,43786810,0,0,0,18,,,,,,,,,,,,,,,https://dkn.gs/sports/images/mlb/players/50/684502.png,,,,,,,8/8/2026,,,,,,,,,,,,,,,,,,,,,,,,,,
Casey Legumina,RP,TB,Showdown Captain Mode,Sat Aug 08 2026 01:00:00 GMT-0500 (Central Daylight Time),Showdown Captain Mode 8/8 9:50PM (TB @ SEA),4000,43786721,0,0,0,12,,,,,,,,,,,,,,,https://dkn.gs/sports/images/mlb/players/50/684502.png,,,,,,,8/8/2026,,,,,,,,,,,,,,,,,,,,,,,,,,
Weston Wilson,CPT,SEA,Showdown Captain Mode,Sat Aug 08 2026 01:00:00 GMT-0500 (Central Daylight Time),Showdown Captain Mode 8/8 9:50PM (TB @ SEA),5700,43786747,0,0,0,17.1,,,,,,,,,,,,,,,https://dkn.gs/sports/images/mlb/players/50/476610.png,,,,,,,8/8/2026,,,,,,,,,,,,,,,,,,,,,,,,,,
Weston Wilson,3B/OF,SEA,Showdown Captain Mode,Sat Aug 08 2026 01:00:00 GMT-0500 (Central Daylight Time),Showdown Captain Mode 8/8 9:50PM (TB @ SEA),3800,43786658,0,0,0,11.4,,,,,,,,,,,,,,,https://dkn.gs/sports/images/mlb/players/50/476610.png,,,,,,,8/8/2026,,,,,,,,,,,,,,,,,,,,,,,,,,
Mitch Garver,CPT,SEA,Showdown Captain Mode,Sat Aug 08 2026 01:00:00 GMT-0500 (Central Daylight Time),Showdown Captain Mode 8/8 9:50PM (TB @ SEA),5700,43786754,0,0,0,17.1,,,,,,,,,,,,,,,https://dkn.gs/sports/images/mlb/players/50/32364.png,,,,,,,8/8/2026,,,,,,,,,,,,,,,,,,,,,,,,,,
Mitch Garver,C,SEA,Showdown Captain Mode,Sat Aug 08 2026 01:00:00 GMT-0500 (Central Daylight Time),Showdown Captain Mode 8/8 9:50PM (TB @ SEA),3800,43786665,0,0,0,11.4,,,,,,,,,,,,,,,https://dkn.gs/sports/images/mlb/players/50/32364.png,,,,,,,8/8/2026,,,,,,,,,,,,,,,,,,,,,,,,,,
Jacob Melton,CPT,TB,Showdown Captain Mode,Sat Aug 08 2026 01:00:00 GMT-0500 (Central Daylight Time),Showdown Captain Mode 8/8 9:50PM (TB @ SEA),5400,43786755,0,0,0,16.2,,,,,,,,,,,,,,,https://dkn.gs/sports/images/mlb/players/50/658785.png,,,,,,,8/8/2026,,,,,,,,,,,,,,,,,,,,,,,,,,
Jacob Melton,OF,TB,Showdown Captain Mode,Sat Aug 08 2026 01:00:00 GMT-0500 (Central Daylight Time),Showdown Captain Mode 8/8 9:50PM (TB @ SEA),3600,43786666,0,0,0,10.8,,,,,,,,,,,,,,,https://dkn.gs/sports/images/mlb/players/50/658785.png,,,,,,,8/8/2026,,,,,,,,,,,,,,,,,,,,,,,,,,
Victor Robles,CPT,SEA,Showdown Captain Mode,Sat Aug 08 2026 01:00:00 GMT-0500 (Central Daylight Time),Showdown Captain Mode 8/8 9:50PM (TB @ SEA),5100,43786748,0,0,0,15.3,,,,,,,,,,,,,,,https://dkn.gs/sports/images/mlb/players/50/32817.png,,,,,,,8/8/2026,,,,,,,,,,,,,,,,,,,,,,,,,,
Victor Robles,OF,SEA,Showdown Captain Mode,Sat Aug 08 2026 01:00:00 GMT-0500 (Central Daylight Time),Showdown Captain Mode 8/8 9:50PM (TB @ SEA),3400,43786659,0,0,0,10.2,,,,,,,,,,,,,,,https://dkn.gs/sports/images/mlb/players/50/32817.png,,,,,,,8/8/2026,,,,,,,,,,,,,,,,,,,,,,,,,,
Will Wilson,CPT,SEA,Showdown Captain Mode,Sat Aug 08 2026 01:00:00 GMT-0500 (Central Daylight Time),Showdown Captain Mode 8/8 9:50PM (TB @ SEA),5100,43786756,0,0,0,15.3,,,,,,,,,,,,,,,https://dkn.gs/sports/images/mlb/players/50/459692.png,,,,,,,8/8/2026,,,,,,,,,,,,,,,,,,,,,,,,,,
Will Wilson,2B/3B,SEA,Showdown Captain Mode,Sat Aug 08 2026 01:00:00 GMT-0500 (Central Daylight Time),Showdown Captain Mode 8/8 9:50PM (TB @ SEA),3400,43786667,0,0,0,10.2,,,,,,,,,,,,,,,https://dkn.gs/sports/images/mlb/players/50/459692.png,,,,,,,8/8/2026,,,,,,,,,,,,,,,,,,,,,,,,,,
Rob Refsnyder,CPT,SEA,Showdown Captain Mode,Sat Aug 08 2026 01:00:00 GMT-0500 (Central Daylight Time),Showdown Captain Mode 8/8 9:50PM (TB @ SEA),4800,43786757,0,0,0,14.4,,,,,,,,,,,,,,,https://dkn.gs/sports/images/mlb/players/50/112659.png,,,,,,,8/8/2026,,,,,,,,,,,,,,,,,,,,,,,,,,
Rob Refsnyder,OF,SEA,Showdown Captain Mode,Sat Aug 08 2026 01:00:00 GMT-0500 (Central Daylight Time),Showdown Captain Mode 8/8 9:50PM (TB @ SEA),3200,43786668,0,0,0,9.6,,,,,,,,,,,,,,,https://dkn.gs/sports/images/mlb/players/50/112659.png,,,,,,,8/8/2026,,,,,,,,,,,,,,,,,,,,,,,,,,
Leo Rivas,CPT,SEA,Showdown Captain Mode,Sat Aug 08 2026 01:00:00 GMT-0500 (Central Daylight Time),Showdown Captain Mode 8/8 9:50PM (TB @ SEA),4500,43786749,0,0,0,13.5,,,,,,,,,,,,,,,https://dkn.gs/sports/images/mlb/players/50/110590.png,,,,,,,8/8/2026,,,,,,,,,,,,,,,,,,,,,,,,,,
Leo Rivas,3B,SEA,Showdown Captain Mode,Sat Aug 08 2026 01:00:00 GMT-0500 (Central Daylight Time),Showdown Captain Mode 8/8 9:50PM (TB @ SEA),3000,43786660,0,0,0,9,,,,,,,,,,,,,,,https://dkn.gs/sports/images/mlb/players/50/110590.png,,,,,,,8/8/2026,,,,,,,,,,,,,,,,,,,,,,,,,,
Jadher Areinamo,CPT,TB,Showdown Captain Mode,Sat Aug 08 2026 01:00:00 GMT-0500 (Central Daylight Time),Showdown Captain Mode 8/8 9:50PM (TB @ SEA),4500,43786758,0,0,0,13.5,,,,,,,,,,,,,,,https://dkn.gs/sports/images/mlb/players/50/638645.png,,,,,,,8/8/2026,,,,,,,,,,,,,,,,,,,,,,,,,,
Jadher Areinamo,2B/SS,TB,Showdown Captain Mode,Sat Aug 08 2026 01:00:00 GMT-0500 (Central Daylight Time),Showdown Captain Mode 8/8 9:50PM (TB @ SEA),3000,43786669,0,0,0,9,,,,,,,,,,,,,,,https://dkn.gs/sports/images/mlb/players/50/638645.png,,,,,,,8/8/2026,,,,,,,,,,,,,,,,,,,,,,,,,,
Kenny Piper,CPT,TB,Showdown Captain Mode,Sat Aug 08 2026 01:00:00 GMT-0500 (Central Daylight Time),Showdown Captain Mode 8/8 9:50PM (TB @ SEA),4500,43786759,0,0,0,13.5,,,,,,,,,,,,,,,https://dkn.gs/sports/images/mlb/teams/50/29880.png,,,,,,,8/8/2026,,,,,,,,,,,,,,,,,,,,,,,,,,
Kenny Piper,C,TB,Showdown Captain Mode,Sat Aug 08 2026 01:00:00 GMT-0500 (Central Daylight Time),Showdown Captain Mode 8/8 9:50PM (TB @ SEA),3000,43786670,0,0,0,9,,,,,,,,,,,,,,,https://dkn.gs/sports/images/mlb/teams/50/29880.png,,,,,,,8/8/2026,,,,,,,,,,,,,,,,,,,,,,,,,,
Brennen Davis,CPT,SEA,Showdown Captain Mode,Sat Aug 08 2026 01:00:00 GMT-0500 (Central Daylight Time),Showdown Captain Mode 8/8 9:50PM (TB @ SEA),4500,43786760,0,0,0,13.5,,,,,,,,,,,,,,,https://dkn.gs/sports/images/mlb/players/50/111677.png,,,,,,,8/8/2026,,,,,,,,,,,,,,,,,,,,,,,,,,
Brennen Davis,OF,SEA,Showdown Captain Mode,Sat Aug 08 2026 01:00:00 GMT-0500 (Central Daylight Time),Showdown Captain Mode 8/8 9:50PM (TB @ SEA),3000,43786671,0,0,0,9,,,,,,,,,,,,,,,https://dkn.gs/sports/images/mlb/players/50/111677.png,,,,,,,8/8/2026,,,,,,,,,,,,,,,,,,,,,,,,,,
Patrick Wisdom,CPT,SEA,Showdown Captain Mode,Sat Aug 08 2026 01:00:00 GMT-0500 (Central Daylight Time),Showdown Captain Mode 8/8 9:50PM (TB @ SEA),4500,43786761,0,0,0,13.5,,,,,,,,,,,,,,,https://dkn.gs/sports/images/mlb/players/50/31865.png,,,,,,,8/8/2026,,,,,,,,,,,,,,,,,,,,,,,,,,
Patrick Wisdom,1B/3B,SEA,Showdown Captain Mode,Sat Aug 08 2026 01:00:00 GMT-0500 (Central Daylight Time),Showdown Captain Mode 8/8 9:50PM (TB @ SEA),3000,43786672,0,0,0,9,,,,,,,,,,,,,,,https://dkn.gs/sports/images/mlb/players/50/31865.png,,,,,,,8/8/2026,,,,,,,,,,,,,,,,,,,,,,,,,,
Carson Williams,CPT,TB,Showdown Captain Mode,Sat Aug 08 2026 01:00:00 GMT-0500 (Central Daylight Time),Showdown Captain Mode 8/8 9:50PM (TB @ SEA),4500,43786762,0,0,0,13.5,,,,,,,,,,,,,,,https://dkn.gs/sports/images/mlb/players/50/587700.png,,,,,,,8/8/2026,,,,,,,,,,,,,,,,,,,,,,,,,,
Carson Williams,2B/SS,TB,Showdown Captain Mode,Sat Aug 08 2026 01:00:00 GMT-0500 (Central Daylight Time),Showdown Captain Mode 8/8 9:50PM (TB @ SEA),3000,43786673,0,0,0,9,,,,,,,,,,,,,,,https://dkn.gs/sports/images/mlb/players/50/587700.png,,,,,,,8/8/2026,,,,,,,,,,,,,,,,,,,,,,,,,,
Oliver Dunn,CPT,TB,Showdown Captain Mode,Sat Aug 08 2026 01:00:00 GMT-0500 (Central Daylight Time),Showdown Captain Mode 8/8 9:50PM (TB @ SEA),4500,43786763,0,0,0,13.5,,,,,,,,,,,,,,,https://dkn.gs/sports/images/mlb/players/50/700963.png,,,,,,,8/8/2026,,,,,,,,,,,,,,,,,,,,,,,,,,
Oliver Dunn,3B/SS,TB,Showdown Captain Mode,Sat Aug 08 2026 01:00:00 GMT-0500 (Central Daylight Time),Showdown Captain Mode 8/8 9:50PM (TB @ SEA),3000,43786674,0,0,0,9,,,,,,,,,,,,,,,https://dkn.gs/sports/images/mlb/players/50/700963.png,,,,,,,8/8/2026,,,,,,,,,,,,,,,,,,,,,,,,,,
Ryan Bliss,CPT,SEA,Showdown Captain Mode,Sat Aug 08 2026 01:00:00 GMT-0500 (Central Daylight Time),Showdown Captain Mode 8/8 9:50PM (TB @ SEA),4500,43786764,0,0,0,13.5,,,,,,,,,,,,,,,https://dkn.gs/sports/images/mlb/players/50/581976.png,,,,,,,8/8/2026,,,,,,,,,,,,,,,,,,,,,,,,,,
Ryan Bliss,2B,SEA,Showdown Captain Mode,Sat Aug 08 2026 01:00:00 GMT-0500 (Central Daylight Time),Showdown Captain Mode 8/8 9:50PM (TB @ SEA),3000,43786675,0,0,0,9,,,,,,,,,,,,,,,https://dkn.gs/sports/images/mlb/players/50/581976.png,,,,,,,8/8/2026,,,,,,,,,,,,,,,,,,,,,,,,,,
Connor Joe,CPT,SEA,Showdown Captain Mode,Sat Aug 08 2026 01:00:00 GMT-0500 (Central Daylight Time),Showdown Captain Mode 8/8 9:50PM (TB @ SEA),4500,43786765,0,0,0,13.5,,,,,,,,,,,,,,,https://dkn.gs/sports/images/mlb/players/50/32738.png,,,,,,,8/8/2026,,,,,,,,,,,,,,,,,,,,,,,,,,
Connor Joe,1B/OF,SEA,Showdown Captain Mode,Sat Aug 08 2026 01:00:00 GMT-0500 (Central Daylight Time),Showdown Captain Mode 8/8 9:50PM (TB @ SEA),3000,43786676,0,0,0,9,,,,,,,,,,,,,,,https://dkn.gs/sports/images/mlb/players/50/32738.png,,,,,,,8/8/2026,,,,,,,,,,,,,,,,,,,,,,,,,,